Jometry Game Id,Jarchive Game Id,Season,Game In Season,Date,Podium,Contestant,Jometry Contestant Id,JAtt,JBuz,JCor,JInc,JDD,JFinal$,DJAtt,DJBuz,DJCor,DJInc,DJDD1,DJDD2,DJFinal$,FJCor,FJWager,FJFinal$
318,7240,38,88,01/12/2022,1,Amy Schneider,834,23,14,13,1,,7000,23,18,17,2,-4000,,23000,0,12000,11000
318,7240,38,88,01/12/2022,2,Emma Shirato Almon,953,16,5,3,2,,-200,12,1,1,0,,,200,1,20,220
318,7240,38,88,01/12/2022,3,Ally Bove,954,15,9,9,1,-1000,3200,14,4,4,1,,-5000,3000,0,2000,1000
319,7241,38,89,01/13/2022,1,Amy Schneider,834,22,13,14,0,2000,10400,25,15,15,2,4000,2000,28800,1,4000,32800
319,7241,38,89,01/13/2022,2,Clark Dawson,956,17,8,7,1,,2800,15,1,1,0,,,4000,0,5,3995
319,7241,38,89,01/13/2022,3,Cory Anotado,957,17,8,5,3,,1200,15,11,10,1,,,11200,0,0,11200
320,7242,38,90,01/14/2022,1,Amy Schneider,834,23,14,14,1,2000,9000,20,12,14,0,4000,6000,30200,0,20000,10200
320,7242,38,90,01/14/2022,2,Luis Soto,959,20,10,5,5,,600,11,7,5,2,,,3000,0,2000,1000
320,7242,38,90,01/14/2022,3,Rachel Ostrow,960,19,9,8,1,,3000,15,6,4,2,,,3800,0,2201,1599
321,7243,38,91,01/17/2022,1,Amy Schneider,834,22,15,14,2,-1800,6400,24,19,19,1,4000,,26800,1,10000,36800
321,7243,38,91,01/17/2022,2,Frances Garrison,962,14,5,3,2,,1000,19,7,6,1,,,7800,1,5000,12800
321,7243,38,91,01/17/2022,3,Jorge Quiñones,963,14,6,5,1,,1600,11,2,2,1,,-4000,400,1,400,800
322,7244,38,92,01/18/2022,1,Amy Schneider,834,26,20,20,1,-4000,7400,22,19,20,1,2000,6000,35400,0,20000,15400
322,7244,38,92,01/18/2022,2,Dan Tobin,965,21,4,3,1,,1000,13,4,3,1,,,5000,1,500,5500
322,7244,38,92,01/18/2022,3,Taryn Agati,966,22,5,5,0,,2800,20,6,3,3,,,400,0,400,0
323,7245,38,93,01/19/2022,1,Amy Schneider,834,22,16,15,1,,9000,21,17,19,0,3000,2000,32800,0,15000,17800
323,7245,38,93,01/19/2022,2,Ashley Chow,968,12,5,4,1,,800,16,5,5,0,,,6800,1,5601,12401
323,7245,38,93,01/19/2022,3,Dimitri Apessos,969,19,10,11,0,200,5400,17,4,3,1,,,6200,1,6000,12200
324,7246,38,94,01/20/2022,1,Amy Schneider,834,20,15,16,0,2000,10800,24,21,23,0,5000,5000,46400,1,25000,71400
324,7246,38,94,01/20/2022,2,Patrick Lackey,971,21,10,8,2,,4200,5,3,1,2,,,3000,1,2000,5000
324,7246,38,94,01/20/2022,3,Brittany Love,972,17,8,5,3,,-400,8,4,1,3,,,-2800,,,-2800
325,7247,38,95,01/21/2022,1,Amy Schneider,834,24,18,16,2,,8400,21,17,19,0,2000,4000,34000,1,20000,54000
325,7247,38,95,01/21/2022,2,Avinash Rajendra,974,10,5,6,0,1000,3800,10,5,4,1,,,5400,0,3001,2399
325,7247,38,95,01/21/2022,3,Koré Carey,975,18,6,6,0,,3400,17,1,1,0,,,4200,0,4000,200
326,7248,38,96,01/24/2022,1,Amy Schneider,834,24,16,15,1,,6600,24,20,21,1,4000,5000,37600,0,25000,12600
326,7248,38,96,01/24/2022,2,Erin O'Leary,977,18,9,6,4,-1200,-800,11,2,2,0,,,800,0,799,1
326,7248,38,96,01/24/2022,3,Joanne Mercer,978,11,6,5,1,,3000,7,4,3,1,,,4200,1,2000,6200
327,7249,38,97,01/25/2022,1,Amy Schneider,834,23,19,20,0,2400,14600,22,15,16,0,5000,,38000,1,25000,63000
327,7249,38,97,01/25/2022,2,John Williams,980,10,5,5,0,,2200,9,5,4,2,,-1500,1500,1,1499,2999
327,7249,38,97,01/25/2022,3,Maria Krasinski,981,15,5,4,1,,1400,11,6,4,2,,,2200,1,801,3001
328,7250,38,98,01/26/2022,1,Amy Schneider,834,27,15,14,1,,7200,19,13,14,0,4000,,27600,0,8000,19600
328,7250,38,98,01/26/2022,2,Janice Hawthorne Timm,983,18,5,5,0,,2000,16,5,3,2,,,3200,0,500,2700
328,7250,38,98,01/26/2022,3,Rhone Talsma,984,19,8,8,1,-1400,3400,17,8,8,1,,7800,17600,1,12000,29600
329,7251,38,99,01/27/2022,1,Rhone Talsma,984,19,11,8,3,,1200,19,9,8,1,,,9200,0,9200,0
329,7251,38,99,01/27/2022,2,Chris Canahui,986,10,5,4,1,,800,13,6,6,0,,,9200,0,9199,1
329,7251,38,99,01/27/2022,3,Carrie Cadwallader,987,23,13,10,4,-1000,4200,20,12,11,3,2000,-2000,13000,0,5500,7500
330,7252,38,100,01/28/2022,1,Carrie Cadwallader,987,18,13,12,2,1000,6600,15,9,6,4,,-4000,5000,1,4500,9500
330,7252,38,100,01/28/2022,2,Kirsten Greenwell,989,15,9,7,2,,1600,14,8,7,1,,,6800,0,6800,0
330,7252,38,100,01/28/2022,3,Jay Foster,990,13,4,3,1,,600,13,11,11,1,3000,,13600,1,0,13600
331,7254,38,101,01/31/2022,1,Jay Foster,990,16,8,7,1,,4400,14,11,9,3,5600,,16400,0,4401,11999
331,7254,38,101,01/31/2022,2,Matthew McElroy,992,20,12,10,2,,4600,18,11,10,2,,-3000,10400,0,9999,401
331,7254,38,101,01/31/2022,3,Riley Timmreck,993,16,11,8,4,-200,1800,6,3,1,2,,,200,0,200,0
332,7255,38,102,02/01/2022,1,Jay Foster,990,13,11,12,0,1000,7600,13,8,7,1,,,12800,1,12800,25600
332,7255,38,102,02/01/2022,2,Zoha Khalili,995,13,5,4,1,,1200,14,7,8,0,,5200,15600,0,13601,1999
332,7255,38,102,02/01/2022,3,Scott Plummer,996,20,11,9,2,,3800,14,10,9,2,4000,,14600,1,14200,28800
333,7257,38,103,02/02/2022,1,Scott Plummer,996,20,10,10,0,,5800,19,13,12,1,,,17000,0,7401,9599
333,7257,38,103,02/02/2022,2,Ben Sloat,998,19,5,3,2,,1000,9,4,5,1,-1400,2000,6800,1,0,6800
333,7257,38,103,02/02/2022,3,Emma Saltzberg,999,18,15,12,4,1000,5000,17,9,8,1,,,12200,1,10000,22200
334,7258,38,104,02/03/2022,1,Emma Saltzberg,999,23,13,12,2,1000,6000,25,10,10,1,3000,,20200,0,5401,14799
334,7258,38,104,02/03/2022,2,Heather Brice,1001,9,3,2,1,,-400,16,7,7,1,,-2500,4300,0,4000,300
334,7258,38,104,02/03/2022,3,Zach Gozlan,1002,20,13,12,1,,5200,20,13,11,2,,,12800,0,7401,5399
335,7259,38,105,02/04/2022,1,Emma Saltzberg,999,20,9,9,1,1400,5200,21,13,14,0,,5000,24600,0,7400,17200
335,7259,38,105,02/04/2022,2,Sara Lefort,1004,20,14,10,4,,3800,18,8,5,3,,,4200,1,3000,7200
335,7259,38,105,02/04/2022,3,Molly Mastantuono,1005,17,8,4,4,,200,14,5,5,1,-2000,,5400,0,3001,2399
336,7260,38,106,02/07/2022,1,Emma Saltzberg,999,15,9,8,1,,3200,16,9,9,1,,-4000,11600,0,2000,9600
336,7260,38,106,02/07/2022,2,Lawrence Long,1007,19,11,8,4,-2000,1600,17,10,10,1,3600,,14800,1,8401,23201
336,7260,38,106,02/07/2022,3,Jennifer Kronenberger,1008,12,5,4,1,,1200,16,6,5,1,,,5600,0,5000,600
337,7262,38,107,02/08/2022,1,Lawrence Long,1007,19,11,11,1,1000,5800,19,11,9,2,,,10200,1,10190,20390
337,7262,38,107,02/08/2022,2,Krystle Valerio,1010,24,13,13,0,,7000,16,7,5,3,,-1200,10600,0,10201,399
337,7262,38,107,02/08/2022,3,Andrés Quijano,1011,21,4,2,2,,-200,11,6,4,3,-1000,,800,0,799,1
338,7268,38,108,02/09/2022,1,Lawrence Long,1007,17,7,8,0,1000,5200,18,8,8,1,,6800,18000,1,13201,31201
338,7268,38,108,02/09/2022,2,Michelle Bemis,1013,20,10,9,1,,4400,16,11,11,1,2000,,13200,1,4401,17601
338,7268,38,108,02/09/2022,3,James Cantres,1014,14,8,8,0,,4000,10,6,5,1,,,8800,0,8000,800
339,7271,38,109,02/10/2022,1,Lawrence Long,1007,28,13,12,2,-1800,5200,15,8,7,2,-5000,,8600,1,8600,17200
339,7271,38,109,02/10/2022,2,Kelsey Davison,1016,23,14,10,4,,2400,17,10,9,1,,,12800,1,5000,17800
339,7271,38,109,02/10/2022,3,Nick Heise,1017,16,6,6,0,,3400,14,8,9,0,,2000,13000,1,12900,25900
340,7274,38,110,02/11/2022,1,Nick Heise,1017,16,8,8,1,-3400,1200,12,9,9,0,,,13600,0,5300,8300
340,7274,38,110,02/11/2022,2,Gillian Cruz,1019,7,1,0,1,,-400,12,6,5,1,,,4000,0,4000,0
340,7274,38,110,02/11/2022,3,Dave Rapp,1020,23,16,15,1,,7200,22,13,15,0,4000,5000,29800,1,200,30000
341,7278,38,111,02/14/2022,1,Dave Rapp,1020,18,13,13,1,-1600,4400,18,14,14,2,-5000,3000,19600,0,2400,17200
341,7278,38,111,02/14/2022,2,Carrie Christian,1022,20,9,8,1,,3600,10,6,5,1,,,5200,0,5199,1
341,7278,38,111,02/14/2022,3,Hung Pham,1023,18,3,2,1,,600,10,4,4,0,,,5000,0,1025,3975
342,7279,38,112,02/15/2022,1,Dave Rapp,1020,15,11,10,2,1600,5800,22,14,13,1,,,17400,1,4600,22000
342,7279,38,112,02/15/2022,2,Jimmy Rollins,1025,21,12,11,1,,5600,17,11,9,4,-3600,-3000,10600,1,8000,18600
342,7279,38,112,02/15/2022,3,Lara Owens,1026,10,4,3,1,,1000,14,4,1,3,,,-2200,,,-2200
343,7282,38,113,02/16/2022,1,Dave Rapp,1020,20,9,9,0,,4400,19,9,7,2,,,9200,0,800,8400
343,7282,38,113,02/16/2022,2,Charles Fogelman,1028,19,12,11,2,1200,6400,15,10,10,1,2500,,18500,0,8000,10500
343,7282,38,113,02/16/2022,3,Emily Budd,1029,22,9,8,1,,3600,23,10,9,2,,2000,13200,0,9999,3201
344,7285,38,114,02/17/2022,1,Charles Fogelman,1028,15,7,6,1,,2400,16,13,12,1,,,14400,0,8403,5997
344,7285,38,114,02/17/2022,2,Matt Takimoto,1031,17,12,10,3,-4000,1000,13,7,8,0,,4000,11400,1,10000,21400
344,7285,38,114,02/17/2022,3,Linda Sellars,1032,16,5,5,0,,3200,16,7,7,1,-3000,,10600,0,1000,9600
345,7288,38,115,02/18/2022,1,Matt Takimoto,1031,18,11,12,0,2000,8600,15,11,9,2,,,17400,0,10000,7400
345,7288,38,115,02/18/2022,2,Bridget Kranz,1034,12,5,5,0,,2400,12,5,3,2,,,3600,1,0,3600
345,7288,38,115,02/18/2022,3,Carter Lockwood,1035,18,11,9,2,,4200,18,11,10,3,6200,-3200,13600,1,3801,17401
346,7291,38,116,02/21/2022,1,Carter Lockwood,1035,20,10,9,1,,3800,18,11,9,2,,,9800,1,2801,12601
346,7291,38,116,02/21/2022,2,Lynde Smith,1037,18,7,6,1,,3200,18,10,8,3,,-5200,6000,1,4000,10000
346,7291,38,116,02/21/2022,3,Henry Rozycki,1038,21,11,10,2,1200,6400,13,4,5,0,2200,,12600,1,7501,20101
347,7292,38,117,02/22/2022,1,Henry Rozycki,1038,21,10,10,1,1000,5400,16,10,9,1,,,15000,0,7800,7200
347,7292,38,117,02/22/2022,2,Hieu Ton-That,1040,15,12,9,3,,2800,18,9,10,1,3000,2000,15400,0,14700,700
347,7292,38,117,02/22/2022,3,Holly Ambler,1041,21,9,6,3,,2000,15,3,2,1,,,3600,0,3000,600
348,7295,38,118,02/23/2022,1,Henry Rozycki,1038,21,7,7,1,2000,5800,18,10,9,1,,,17000,1,17000,34000
348,7295,38,118,02/23/2022,2,Patrick Byrnett,1043,17,7,6,1,,2000,19,7,6,1,,,8800,1,8800,17600
348,7295,38,118,02/23/2022,3,Christine Whelchel,1044,20,15,15,0,,8000,18,12,12,2,3000,-2000,19000,1,15000,34000
349,7296,38,119,02/24/2022,1,Christine Whelchel,1044,14,11,11,0,,6800,16,11,10,2,-3000,,12600,0,2000,10600
349,7296,38,119,02/24/2022,2,Lucian Wang,1046,11,2,2,0,,1400,13,10,7,4,,-4000,4600,1,600,5200
349,7296,38,119,02/24/2022,3,Anne Large,1047,14,8,8,1,-1200,3200,11,4,2,2,,,1200,0,800,400
350,7297,38,120,02/25/2022,1,Christine Whelchel,1044,17,12,11,2,-2500,3100,18,9,9,1,-2000,,11500,1,3501,15001
350,7297,38,120,02/25/2022,2,Max Fronek,1049,14,8,7,1,,3400,17,9,10,0,,4000,15000,0,8001,6999
350,7297,38,120,02/25/2022,3,Theresa Donohoe,1050,9,4,3,1,,600,13,7,6,1,,,7400,1,7399,14799
351,7298,38,121,02/28/2022,1,Christine Whelchel,1044,20,14,15,0,1000,8400,14,10,8,3,,-3000,11800,1,2201,14001
351,7298,38,121,02/28/2022,2,Joe Choo,1052,12,4,2,2,,200,10,7,4,3,,,-1400,,,-1400
351,7298,38,121,02/28/2022,3,Ellen Pratt,1053,16,8,6,2,,2600,14,9,7,3,1600,,7000,0,5500,1500
352,7299,38,122,03/01/2022,1,Christine Whelchel,1044,20,11,9,2,,3400,15,9,9,2,2000,-2000,10600,1,4000,14600
352,7299,38,122,03/01/2022,2,Margaret Shelton,1055,23,13,11,2,,4800,17,12,10,2,,,13600,1,3000,16600
352,7299,38,122,03/01/2022,3,Stefan Stenroos,1056,19,8,7,2,800,3000,11,4,2,2,,,1800,1,1799,3599
353,7300,38,123,03/02/2022,1,Margaret Shelton,1055,22,12,11,1,,6600,18,14,15,1,3000,-3000,19400,1,5000,24400
353,7300,38,123,03/02/2022,2,Christie Baugher,1058,21,10,7,3,,1600,18,7,5,2,,,7600,1,7600,15200
353,7300,38,123,03/02/2022,3,Ujal Thakor,1059,19,9,10,0,1000,5200,21,8,7,1,,,14400,1,6800,21200
354,7301,38,124,03/03/2022,1,Margaret Shelton,1055,20,10,10,0,,4600,15,7,5,2,,,8600,1,8600,17200
354,7301,38,124,03/03/2022,2,Ryan Pressman,1061,19,10,9,2,-600,5200,14,8,7,2,,7200,14800,0,2401,12399
354,7301,38,124,03/03/2022,3,Louis DellaPeruta,1062,19,11,9,2,,3800,16,10,8,3,-2000,,8200,1,8000,16200
355,7302,38,125,03/04/2022,1,Margaret Shelton,1055,19,12,12,1,1000,7200,13,10,10,1,7600,,24000,0,2500,21500
355,7302,38,125,03/04/2022,2,Caitlin McHale,1064,13,8,8,0,,3600,9,5,3,2,,,5600,0,3601,1999
355,7302,38,125,03/04/2022,3,Adrian Alcalá,1065,23,10,6,4,,2200,20,11,11,1,,-10000,4600,0,4600,0
356,7303,38,126,03/07/2022,1,Margaret Shelton,1055,16,7,6,1,,3200,17,7,7,1,,3500,12300,0,12300,0
356,7303,38,126,03/07/2022,2,Maureen O'Neil,1067,17,12,12,0,,6600,15,8,6,2,,,10200,0,8000,2200
356,7303,38,126,03/07/2022,3,Clay Cooper,1068,20,8,7,2,1000,2600,15,11,6,6,-2600,,-2400,,,-2400
361,7304,38,127,03/08/2022,1,Maureen O'Neil,1067,24,10,9,1,,4200,10,6,5,1,,,9400,1,9400,18800
361,7304,38,127,03/08/2022,2,Miranda Wilson,1082,22,12,9,3,,3800,17,9,7,3,,-2400,6200,1,6000,12200
361,7304,38,127,03/08/2022,3,Gundeep Singh,1083,17,7,6,2,-600,2600,13,9,9,1,-2000,,8600,0,8599,1
689,7305,38,128,03/09/2022,1,Maureen O'Neil,1067,16,9,8,1,,3800,8,5,5,0,,,9000,1,9000,18000
689,7305,38,128,03/09/2022,2,Shelley Vinyard,2066,10,7,6,1,,3200,10,7,7,1,-4000,,8800,0,4000,4800
689,7305,38,128,03/09/2022,3,Sallie Bieterman,2067,18,8,6,3,-1400,200,10,4,4,1,,500,1500,0,100,1400
690,7306,38,129,03/10/2022,1,Maureen O'Neil,1067,23,14,11,3,,2800,12,6,6,1,2000,,9600,1,9600,19200
690,7306,38,129,03/10/2022,2,Karson Leperi,2069,24,13,12,2,-1800,5000,11,7,7,1,,2000,14200,0,12601,1599
690,7306,38,129,03/10/2022,3,Hannah Langhoff,2070,15,7,5,2,,1400,20,13,12,1,,,13400,0,12601,799
1338,7307,38,130,03/11/2022,1,Maureen O'Neil,1067,16,6,6,0,,3000,9,7,2,5,,,-2600,,,-2600
1338,7307,38,130,03/11/2022,2,Laura Dera,4013,18,13,10,4,600,3200,12,7,5,3,-1000,,7400,0,7400,0
1338,7307,38,130,03/11/2022,3,Matt Glassman,4014,19,7,6,1,,3400,14,10,7,4,,-2500,6900,1,2000,8900
1339,7308,38,131,03/14/2022,1,Matt Glassman,4014,20,16,15,1,,7200,14,10,10,0,,,16000,0,3201,12799
1339,7308,38,131,03/14/2022,2,Susan Swan,4016,19,7,5,2,,2400,14,4,4,0,,,5600,0,0,5600
1339,7308,38,131,03/14/2022,3,Amy Bekkerman,4017,20,8,8,1,1000,4400,11,7,7,2,-4000,2000,9600,1,6500,16100
1340,7309,38,132,03/15/2022,1,Amy Bekkerman,4017,20,11,11,1,2000,6000,18,13,15,0,5000,5000,28000,1,10000,38000
1340,7309,38,132,03/15/2022,2,Ariel San Jose,4019,19,9,5,4,,1000,15,4,2,2,,,200,0,199,1
1340,7309,38,132,03/15/2022,3,Simi Landau,4020,19,13,10,3,,4200,19,10,9,1,,,17000,0,5000,12000
1341,7310,38,133,03/16/2022,1,Amy Bekkerman,4017,16,11,10,2,-1000,4200,16,11,8,4,2000,,8600,0,6001,2599
1341,7310,38,133,03/16/2022,2,Katie Hargrove,4022,23,10,10,0,,5800,13,8,8,0,,,14600,1,2601,17201
1341,7310,38,133,03/16/2022,3,Evan Freeman,4023,21,9,8,1,,4600,20,9,7,3,,-5400,4800,1,3801,8601
1342,7311,38,134,03/17/2022,1,Katie Hargrove,4022,16,9,8,2,1000,3400,11,7,6,1,,,9800,1,4999,14799
1342,7311,38,134,03/17/2022,2,Finn Corrigan,4025,16,12,10,2,,4000,13,11,9,4,-1500,-2100,10800,1,8801,19601
1342,7311,38,134,03/17/2022,3,Joel Levinson,4026,14,6,4,2,,2000,9,3,2,1,,,2400,0,0,2400
1343,7312,38,135,03/18/2022,1,Finn Corrigan,4025,20,10,8,2,,4000,14,8,7,2,,2000,10800,1,9201,20001
1343,7312,38,135,03/18/2022,2,Debra Burgess,4028,17,12,9,3,,2800,14,6,6,0,,,10000,1,4500,14500
1343,7312,38,135,03/18/2022,3,Michael Qin,4029,14,8,8,1,1000,4400,15,13,11,3,-3000,,8600,1,2201,10801
1344,7313,38,136,03/21/2022,1,Finn Corrigan,4025,21,13,10,4,1000,1800,17,11,10,1,,,11400,0,11400,0
1344,7313,38,136,03/21/2022,2,Margaret Chipowsky,4031,17,9,8,1,,3800,17,8,7,1,,,9800,1,9000,18800
1344,7313,38,136,03/21/2022,3,Karen Johnson,4032,13,4,4,0,,1800,24,10,11,1,3000,1000,15400,0,7401,7999
1345,7314,38,137,03/22/2022,1,Margaret Chipowsky,4031,21,10,11,0,2000,7200,18,8,9,0,3000,,20600,0,10300,10300
1345,7314,38,137,03/22/2022,2,Mihir Nene,4034,21,7,7,0,,4600,19,9,9,1,,-2500,12500,1,12499,24999
1345,7314,38,137,03/22/2022,3,Caitlin Gillooly,4035,22,11,10,1,,4600,21,11,10,1,,,15400,0,15400,0
1346,7315,38,138,03/23/2022,1,Mihir Nene,4034,19,7,7,0,,3600,13,6,4,2,,,6400,0,0,6400
1346,7315,38,138,03/23/2022,2,Tim McCaigue,4037,22,16,16,1,1000,8800,17,10,10,0,,,18800,0,2000,16800
1346,7315,38,138,03/23/2022,3,Nadège Aoki,4038,19,5,5,0,,3000,19,11,8,5,2500,-2000,5900,0,3000,2900
1347,7316,38,139,03/24/2022,1,Tim McCaigue,4037,22,6,6,0,,3600,13,5,5,2,4000,4000,11200,1,10000,21200
1347,7316,38,139,03/24/2022,2,Ciara Donegan,4040,16,13,13,1,3000,9200,14,11,10,1,,,19600,1,8001,27601
1347,7316,38,139,03/24/2022,3,Omar Khalid,4041,18,10,10,0,,6200,14,8,8,0,,,13800,1,11000,24800
1348,7317,38,140,03/25/2022,1,Ciara Donegan,4040,13,9,8,1,,3400,16,11,10,2,3000,,15200,0,10000,5200
1348,7317,38,140,03/25/2022,2,Jackie Kelly,4043,17,7,7,0,,4600,19,9,8,2,,-4000,10600,0,3100,7500
1348,7317,38,140,03/25/2022,3,Nicole Wachell,4044,17,11,10,2,3000,8400,17,7,6,1,,,12000,0,11201,799
1421,7318,38,141,03/28/2022,1,Jackie Kelly,4043,20,8,7,1,,3200,23,6,7,1,6000,-2400,17200,1,11601,28801
1421,7318,38,141,03/28/2022,2,Amie Walker,4262,14,7,6,1,,2400,13,10,8,2,,,7600,0,7599,1
1421,7318,38,141,03/28/2022,3,Ryan Guzzo Purcell,4263,18,12,11,2,2000,6000,18,13,10,3,,,14400,1,13500,27900
1422,7319,38,142,03/29/2022,1,Jackie Kelly,4043,21,13,14,0,6600,15200,15,12,12,1,2000,,30800,1,24000,54800
1422,7319,38,142,03/29/2022,2,Jennie Bunde,4265,14,6,5,1,,1000,4,0,0,0,,,1000,1,750,1750
1422,7319,38,142,03/29/2022,3,John Darcy,4266,16,9,6,3,,1600,9,6,5,2,,-1000,3000,1,0,3000
1423,7320,38,143,03/30/2022,1,Jackie Kelly,4043,16,10,11,0,7000,14600,13,8,8,0,,,23000,1,999,23999
1423,7320,38,143,03/30/2022,2,Candace Orsetti,4268,17,12,9,3,,2800,14,9,6,4,-3200,,4000,0,4000,0
1423,7320,38,143,03/30/2022,3,Joey Lavarias,4269,11,4,4,0,,2200,13,11,10,2,,2000,11000,0,2500,8500
1424,7321,38,144,03/31/2022,1,Jackie Kelly,4043,21,14,14,0,,9200,22,11,11,1,2000,,20000,0,14801,5199
1424,7321,38,144,03/31/2022,2,Evan Roberts,4271,17,8,8,1,2000,5600,16,8,9,0,,5000,17400,1,3000,20400
1424,7321,38,144,03/31/2022,3,Christian Souvenir,4272,11,7,3,4,,-1400,16,9,5,4,,,1000,0,700,300
1425,7322,38,145,04/01/2022,1,Evan Roberts,4271,18,10,10,0,,5800,17,6,5,1,,,12200,0,12000,200
1425,7322,38,145,04/01/2022,2,Yian Chen,4274,12,4,4,0,,2400,15,6,3,3,,,1200,0,1200,0
1425,7322,38,145,04/01/2022,3,Nell Klugman,4275,24,15,14,2,-4000,3600,20,16,16,2,2000,2000,24000,1,401,24401
1426,7323,38,146,04/04/2022,1,Nell Klugman,4275,22,10,7,3,,2200,17,8,5,4,-3400,,1200,1,200,1400
1426,7323,38,146,04/04/2022,2,Sarah Cahalan,4277,20,8,8,0,,5400,9,4,4,0,,,9000,1,4000,13000
1426,7323,38,146,04/04/2022,3,Camron Conners,4278,22,13,12,2,2000,8200,15,11,11,1,,5200,24600,0,400,24200
1427,7324,38,147,04/05/2022,1,Camron Conners,4278,15,9,6,4,-1000,-1000,10,3,3,0,,,2200,0,2199,1
1427,7324,38,147,04/05/2022,2,Kathleen Snyder,4280,16,7,5,2,,2400,11,8,9,0,4000,,16000,1,5001,21001
1427,7324,38,147,04/05/2022,3,Mattea Roach,4281,18,12,11,1,,4600,14,12,13,0,,1000,18000,1,14001,32001
1428,7325,38,148,04/06/2022,1,Mattea Roach,4281,23,20,21,0,1000,12800,18,14,14,2,5000,1000,28800,1,10000,38800
1428,7325,38,148,04/06/2022,2,Vernon Ng,4283,18,5,1,4,,-1800,15,7,5,2,,,2200,0,2197,3
1428,7325,38,148,04/06/2022,3,Lana Altman,4284,17,6,4,2,,1400,13,7,4,3,,,2200,0,2199,1
1429,7326,38,149,04/07/2022,1,Mattea Roach,4281,21,14,13,1,,6600,12,6,7,0,,3000,16400,0,6801,9599
1429,7326,38,149,04/07/2022,2,Mike Janela,4286,20,8,6,3,-2200,-600,13,4,3,1,,,1800,0,7,1793
1429,7326,38,149,04/07/2022,3,Reagan White,4287,16,6,5,1,,2400,16,14,13,2,-2000,,11600,0,11600,0
1430,7327,38,150,04/08/2022,1,Mattea Roach,4281,22,16,15,1,,7400,20,17,16,2,-2000,,22200,1,2000,24200
1430,7327,38,150,04/08/2022,2,Tom Nucum,4289,12,4,2,2,,200,11,6,5,2,,-3000,400,1,100,500
1430,7327,38,150,04/08/2022,3,Abigail Davis,4290,13,6,5,2,-1600,0,10,3,3,0,,,3600,1,2500,6100
1431,7328,38,151,04/11/2022,1,Mattea Roach,4281,24,16,15,1,,7000,15,7,5,2,,,10200,1,2400,12600
1431,7328,38,151,04/11/2022,2,Vanessa McCombs,4292,19,4,3,1,,600,15,8,6,3,-2000,,2600,0,2600,0
1431,7328,38,151,04/11/2022,3,Michael Wolman,4293,20,9,9,1,400,5200,12,7,6,2,,5000,12600,0,8000,4600
1435,7329,38,152,04/12/2022,1,Mattea Roach,4281,22,18,18,1,2000,9600,20,13,14,0,,3000,25400,1,5400,30800
1435,7329,38,152,04/12/2022,2,Leah Q. Pence,4304,21,4,2,2,,-200,16,5,6,0,2000,,7800,1,5056,12856
1435,7329,38,152,04/12/2022,3,Zhe Lu,4305,18,9,7,2,,2600,14,7,5,2,,,5800,0,3900,1900
1436,7330,38,153,04/13/2022,1,Mattea Roach,4281,19,13,12,1,,7200,17,11,11,0,,,20400,1,1,20401
1436,7330,38,153,04/13/2022,2,Rachel Skytt,4307,15,8,8,0,,4000,15,4,4,0,,,8000,0,0,8000
1436,7330,38,153,04/13/2022,3,Adam Wallick,4308,14,3,4,0,400,2000,12,9,8,3,2000,5000,10200,0,10200,0
1437,7331,38,154,04/14/2022,1,Mattea Roach,4281,22,18,18,1,2000,10200,21,16,14,3,,-2000,19400,0,5000,14400
1437,7331,38,154,04/14/2022,2,Kristen Rucki,4310,22,6,5,1,,1400,14,6,5,2,-2000,,3000,0,750,2250
1437,7331,38,154,04/14/2022,3,Joe Grodahl,4311,15,5,4,1,,2400,15,3,2,1,,,2400,0,2300,100
1438,7332,38,155,04/15/2022,1,Mattea Roach,4281,18,10,9,1,,4600,19,13,13,0,,,21800,1,6201,28001
1438,7332,38,155,04/15/2022,2,Katie Teller,4313,20,8,7,1,,3000,15,7,7,1,,7000,14000,0,8000,6000
1438,7332,38,155,04/15/2022,3,Allan Joseph,4314,23,12,10,3,2000,4800,11,6,6,1,2000,,10000,1,5000,15000
1439,7333,38,156,04/18/2022,1,Mattea Roach,4281,22,13,13,1,1000,5000,17,12,13,1,3200,3000,20800,0,4001,16799
1439,7333,38,156,04/18/2022,2,Caitlin Hayes,4316,22,7,6,1,,3800,12,5,5,0,,,9800,1,2000,11800
1439,7333,38,156,04/18/2022,3,Sarah McGrath,4317,19,7,7,0,,5200,17,7,6,1,,,12400,0,9000,3400
1440,7334,38,157,04/19/2022,1,Mattea Roach,4281,20,12,12,0,,5600,20,12,11,2,,3400,17400,0,119,17281
1440,7334,38,157,04/19/2022,2,Tina DiSciullo-Acker,4319,22,7,5,2,,1400,18,7,5,2,,,7000,0,5000,2000
1440,7334,38,157,04/19/2022,3,Josh Sen,4320,16,10,9,2,-1800,2800,14,9,9,1,-3000,,8600,0,0,8600
1441,7335,38,158,04/20/2022,1,Mattea Roach,4281,19,17,18,0,2400,11000,18,15,13,3,,2000,21400,1,5000,26400
1441,7335,38,158,04/20/2022,2,Loni Lewis,4322,11,5,4,1,,1000,11,5,2,3,,,-600,,,-600
1441,7335,38,158,04/20/2022,3,Sean Wong,4323,15,5,3,2,,1200,17,9,7,3,-4800,,-1600,,,-1600
1442,7336,38,159,04/21/2022,1,Mattea Roach,4281,17,10,10,0,,5400,21,12,13,0,3000,,20000,0,5201,14799
1442,7336,38,159,04/21/2022,2,Alex Lemberg,4325,18,9,10,0,1200,6000,19,11,10,2,,-5000,12600,0,8000,4600
1442,7336,38,159,04/21/2022,3,Meghan Bowman,4326,13,6,5,1,,2000,9,2,2,0,,,4000,1,3500,7500
1443,7337,38,160,04/22/2022,1,Mattea Roach,4281,18,16,12,4,,5600,24,16,16,1,2000,,26000,1,8000,34000
1443,7337,38,160,04/22/2022,2,Claire Dozier,4328,20,9,6,4,1000,0,11,3,3,0,,,2800,0,401,2399
1443,7337,38,160,04/22/2022,3,Anna Meyer,4329,11,7,4,3,,-400,12,6,6,1,,-3200,1600,0,1600,0
1444,7338,38,161,04/25/2022,1,Mattea Roach,4281,19,13,12,1,,6400,20,12,14,0,4000,4000,27200,1,5500,32700
1444,7338,38,161,04/25/2022,2,Jessie Francis,4331,24,13,12,2,1000,7000,18,4,3,1,,,10200,1,100,10300
1444,7338,38,161,04/25/2022,3,Michael Graff,4332,8,3,2,1,,600,14,9,7,2,,,5000,0,4900,100
1445,7339,38,162,04/26/2022,1,Mattea Roach,4281,22,14,14,1,1000,8000,23,20,19,3,-4000,2000,23200,0,7000,16200
1445,7339,38,162,04/26/2022,2,Nicky Smith,4334,11,4,2,2,,-400,13,5,3,2,,,-800,,,-800
1445,7339,38,162,04/26/2022,3,Reya Sehgal,4335,17,8,7,1,,3800,7,2,2,0,,,5000,1,4900,9900
1446,7340,38,163,04/27/2022,1,Mattea Roach,4281,19,15,14,2,-2000,6000,22,16,16,1,,8000,27200,1,1,27201
1446,7340,38,163,04/27/2022,2,Ben Hsia,4337,16,6,5,1,,2400,16,6,6,1,4000,,13600,1,13600,27200
1446,7340,38,163,04/27/2022,3,Christina Clark,4338,23,8,8,0,,4000,17,4,4,0,,,8400,0,5300,3100
1447,7341,38,164,04/28/2022,1,Mattea Roach,4281,20,18,18,0,,9800,18,13,12,2,2000,,22600,1,19401,42001
1447,7341,38,164,04/28/2022,2,Renée Russell,4340,15,5,6,0,2000,5200,13,10,11,0,,5000,21000,0,19799,1201
1447,7341,38,164,04/28/2022,3,Manav Jain,4341,9,4,4,0,,3000,9,2,0,2,,,600,0,100,500
1448,7342,38,165,04/29/2022,1,Mattea Roach,4281,20,12,10,2,,3400,16,14,15,1,2000,-4000,17000,1,5001,22001
1448,7342,38,165,04/29/2022,2,Julian Glander,4343,19,11,11,1,-2000,4200,15,7,7,0,,,11000,0,6001,4999
1448,7342,38,165,04/29/2022,3,Terri Huggins,4344,16,4,3,1,,1200,14,5,3,2,,,800,0,799,1
1449,7343,38,166,05/02/2022,1,Mattea Roach,4281,10,6,7,0,2200,5800,18,11,12,1,-3000,3000,16200,1,601,16801
1449,7343,38,166,05/02/2022,2,Adam Ilgin,4346,16,7,7,0,,3600,13,7,6,1,,,8400,0,8400,0
1449,7343,38,166,05/02/2022,3,Becky Benninghoff,4347,13,9,7,2,,2000,9,4,3,1,,,3200,0,800,2400
1450,7344,38,167,05/03/2022,1,Mattea Roach,4281,18,15,14,1,,7800,20,18,17,3,2000,2000,24600,1,4999,29599
1450,7344,38,167,05/03/2022,2,Angela Kissner,4349,15,1,1,0,,200,12,3,2,1,,,600,0,0,600
1450,7344,38,167,05/03/2022,3,Enver Casimir,4350,16,10,11,0,1000,6600,17,6,4,2,,,9800,1,8000,17800
1451,7345,38,168,05/04/2022,1,Mattea Roach,4281,17,14,12,2,,7000,21,16,16,1,3000,,28400,1,0,28400
1451,7345,38,168,05/04/2022,2,Kelly Flynn,4352,17,7,6,2,1000,3000,14,6,2,5,,-2000,-2600,,,-2600
1451,7345,38,168,05/04/2022,3,Jaime Sisson,4353,19,7,6,1,,2600,10,5,5,0,,,6600,1,6600,13200
1452,7346,38,169,05/05/2022,1,Mattea Roach,4281,20,14,13,1,,5000,21,12,11,2,-2000,,13000,1,12999,25999
1452,7346,38,169,05/05/2022,2,T.J. Lovejoy,4355,16,1,1,0,,400,16,5,2,3,,,-3600,,,-3600
1452,7346,38,169,05/05/2022,3,Sarah Snider,4356,18,9,10,0,2000,8000,20,12,11,2,,5000,22600,0,5000,17600
1453,7347,38,170,05/06/2022,1,Mattea Roach,4281,26,21,18,3,,7800,15,9,10,0,3000,,19200,0,3601,15599
1453,7347,38,170,05/06/2022,2,Betsy Hobbs,4358,16,6,3,3,,200,15,7,6,1,,,7400,0,7000,400
1453,7347,38,170,05/06/2022,3,Danielle Maurer,4359,14,6,6,1,2800,5600,10,6,5,2,,5000,11400,1,4200,15600
1454,7348,38,171,05/09/2022,1,Danielle Maurer,4359,13,10,10,0,,5400,12,7,8,0,,2000,14600,0,2201,12399
1454,7348,38,171,05/09/2022,2,Karim Oliver,4361,8,6,5,2,-1000,1400,12,5,3,3,-2000,,1400,0,1000,400
1454,7348,38,171,05/09/2022,3,Emily Levant,4362,16,9,8,1,,3600,16,10,8,2,,,8400,0,7000,1400
1455,7349,38,172,05/10/2022,1,Danielle Maurer,4359,16,10,8,2,,1800,15,11,11,2,2000,2000,13400,0,4801,8599
1455,7349,38,172,05/10/2022,2,Mallory Kass,4364,21,12,13,0,1500,8300,9,4,3,1,,,9100,1,5000,14100
1455,7349,38,172,05/10/2022,3,Cherry Ignacio,4365,19,4,3,1,,1200,16,9,5,4,,,2800,0,2100,700
1456,7350,38,173,05/11/2022,1,Mallory Kass,4364,14,6,5,2,-1000,600,14,10,8,2,,,6200,0,3500,2700
1456,7350,38,173,05/11/2022,2,Micaela Tuttle,4367,16,7,7,0,,3800,12,9,8,2,2000,,9400,0,6000,3400
1456,7350,38,173,05/11/2022,3,Daniel Nguyen,4368,18,15,12,3,,5200,14,4,5,0,,3000,13000,0,5801,7199
1457,7351,38,174,05/12/2022,1,Daniel Nguyen,4368,17,10,10,1,1400,6000,15,13,13,2,-3000,-200,18000,1,0,18000
1457,7351,38,174,05/12/2022,2,Matt Petroff,4370,17,7,6,1,,2600,12,4,1,3,,,200,1,200,400
1457,7351,38,174,05/12/2022,3,Charly Kuecks,4371,15,7,5,2,,800,13,7,7,0,,,7600,0,4799,2801
1458,7352,38,175,05/13/2022,1,Daniel Nguyen,4368,13,8,8,0,,4000,16,10,11,0,4000,,17600,0,6401,11199
1458,7352,38,175,05/13/2022,2,Marie Shapiro,4373,15,10,8,3,1500,4300,12,3,2,1,,,6700,1,6000,12700
1458,7352,38,175,05/13/2022,3,Ryan Long,4374,19,9,8,1,,2000,23,14,12,3,,2000,12000,1,6800,18800
1459,7355,38,176,05/16/2022,1,Ryan Long,4374,22,13,12,2,2000,8600,15,9,8,2,-2000,,16200,1,8000,24200
1459,7355,38,176,05/16/2022,2,Nick Dee,4376,19,8,8,0,,4000,16,12,11,2,,-3000,14600,1,6599,21199
1459,7355,38,176,05/16/2022,3,Divya Badri,4377,21,8,5,3,,400,13,4,4,0,,,4000,0,700,3300
1460,7358,38,177,05/17/2022,1,Ryan Long,4374,19,16,16,0,,9200,15,9,8,2,8000,,20000,1,7000,27000
1460,7358,38,177,05/17/2022,2,Jason Smith,4379,18,8,9,0,1400,6400,14,8,8,0,,,16000,0,3500,12500
1460,7358,38,177,05/17/2022,3,Justinne Lake-Jedzinak,4380,14,3,3,0,,1200,7,5,5,1,,2200,6200,0,2201,3999
1461,7360,38,178,05/18/2022,1,Ryan Long,4374,20,16,16,1,1000,8600,17,14,13,2,8000,,26600,0,10000,16600
1461,7360,38,178,05/18/2022,2,Adriana Ramírez,4382,19,7,6,1,,2800,17,4,2,3,,-1000,-200,,,-200
1461,7360,38,178,05/18/2022,3,Audrey Kamzan,4383,17,6,6,0,,3200,13,8,6,2,,,7200,1,5000,12200
1462,7361,38,179,05/19/2022,1,Ryan Long,4374,26,14,14,1,2000,10600,13,7,6,1,,,16200,1,3001,19201
1462,7361,38,179,05/19/2022,2,Bradford Pearson,4385,18,10,8,2,,2600,18,12,10,3,,-1000,9600,0,9600,0
1462,7361,38,179,05/19/2022,3,Julie Ann Crommett,4386,20,8,5,3,,200,16,5,4,2,-1400,,400,0,0,400
1463,7362,38,180,05/20/2022,1,Ryan Long,4374,19,8,7,1,,4200,22,16,17,1,-2000,2000,21000,1,5000,26000
1463,7362,38,180,05/20/2022,2,Li-Mae McClellan,4388,18,12,10,2,,5200,14,5,5,0,,,12000,0,12000,0
1463,7362,38,180,05/20/2022,3,Toni Alimi,4389,20,9,9,1,-1600,3200,19,7,5,2,,,6000,0,1006,4994
1464,7363,38,181,05/23/2022,1,Ryan Long,4374,21,11,10,1,,4000,21,13,13,0,,,18000,0,4600,13400
1464,7363,38,181,05/23/2022,2,Mari Chao,4391,17,9,8,1,,4000,16,11,10,2,,-3500,13300,0,12100,1200
1464,7363,38,181,05/23/2022,3,Jodi Harris,4392,17,7,6,2,-1000,2200,10,2,2,1,-1800,,2000,0,1000,1000
1465,7364,38,182,05/24/2022,1,Ryan Long,4374,20,13,11,3,-2000,3600,21,15,13,3,,-2000,15200,0,0,15200
1465,7364,38,182,05/24/2022,2,Eric Pérez,4394,12,5,5,0,,2200,14,3,3,0,,,5800,1,5798,11598
1465,7364,38,182,05/24/2022,3,Bonnie Kistler,4395,17,9,8,1,,3600,17,9,7,3,1200,,7600,0,7600,0
1466,7365,38,183,05/25/2022,1,Ryan Long,4374,25,20,19,1,,10000,14,13,9,4,,,12800,1,100,12900
1466,7365,38,183,05/25/2022,2,Kris Olson,4397,15,3,3,1,1000,600,11,7,7,2,-1700,-1000,6300,1,6300,12600
1466,7365,38,183,05/25/2022,3,Noura Dabbouseh,4398,12,6,4,2,,1400,7,5,4,1,,,4200,0,4000,200
1467,7366,38,184,05/26/2022,1,Ryan Long,4374,22,15,11,5,-1000,1600,16,12,11,2,-2000,,10000,0,0,10000
1467,7366,38,184,05/26/2022,2,Tory Waltrip,4400,15,6,5,1,,2600,12,3,2,1,,,4600,0,2000,2600
1467,7366,38,184,05/26/2022,3,John Seroff,4401,21,9,7,2,,3000,15,7,6,2,,-4000,3000,0,0,3000
1468,7367,38,185,05/27/2022,1,Ryan Long,4374,19,7,7,0,,4600,20,12,10,2,,,13000,1,12999,25999
1468,7367,38,185,05/27/2022,2,Srimal Choi,4403,10,4,3,1,,800,10,5,6,0,1000,,7000,0,2000,5000
1468,7367,38,185,05/27/2022,3,Aaron Gulyas,4404,22,15,14,2,-1000,6400,19,11,10,2,,2000,14800,0,0,14800
1469,7368,38,186,05/30/2022,1,Ryan Long,4374,15,12,13,0,1000,7000,21,12,12,1,-3000,,18000,0,1000,17000
1469,7368,38,186,05/30/2022,2,Mandy Walker,4406,14,6,5,1,,2200,15,10,9,2,,-5000,4800,0,4800,0
1469,7368,38,186,05/30/2022,3,Steve Knapp,4407,17,6,6,0,,3200,9,4,4,0,,,8400,0,2000,6400
1470,7369,38,187,05/31/2022,1,Ryan Long,4374,20,15,15,1,2000,9600,20,16,16,1,2000,,28400,0,2000,26400
1470,7369,38,187,05/31/2022,2,Kenny Liew,4409,9,4,3,1,,1600,9,4,4,0,,,6800,1,1601,8401
1470,7369,38,187,05/31/2022,3,Carissa Faroughi,4410,10,4,2,2,,-600,14,7,7,1,,1200,4200,0,4100,100
1471,7370,38,188,06/01/2022,1,Ryan Long,4374,21,12,11,2,1000,3800,20,14,11,4,2000,,15400,0,8000,7400
1471,7370,38,188,06/01/2022,2,Vanessa Williams,4412,17,9,8,1,,3800,8,2,1,1,,,2200,0,2200,0
1471,7370,38,188,06/01/2022,3,Meagan Morrow,4413,14,6,6,0,,5000,18,10,10,1,,3000,16800,0,10000,6800
1472,7371,38,189,06/02/2022,1,Ryan Long,4374,21,14,14,0,,8600,23,14,14,1,,3000,22800,0,3500,19300
1472,7371,38,189,06/02/2022,2,Maya Sudarsana,4415,15,3,2,1,,-200,15,6,6,1,-3000,,2000,0,2000,0
1472,7371,38,189,06/02/2022,3,Tom Philipose,4416,25,12,13,0,1000,8800,19,7,7,0,,,18800,0,18800,0
1473,7372,38,190,06/03/2022,1,Ryan Long,4374,16,15,13,2,,4600,16,12,13,0,3000,,19200,1,800,20000
1473,7372,38,190,06/03/2022,2,Lucia Yang,4418,8,1,1,0,,600,6,4,3,1,,,4200,0,0,4200
1473,7372,38,190,06/03/2022,3,Wyatt Yankus,4419,12,8,8,1,1000,4200,15,8,7,2,,-3000,8800,1,4800,13600
1474,7373,38,191,06/06/2022,1,Ryan Long,4374,16,10,8,3,-2000,2400,18,8,6,2,,,6800,0,6799,1
1474,7373,38,191,06/06/2022,2,Eric Ahasic,4421,20,11,10,1,,3600,20,10,10,2,3200,-5000,10200,1,8201,18401
1474,7373,38,191,06/06/2022,3,Stephanie Garrison,4422,13,7,5,2,,2400,19,12,9,3,,,9200,0,6000,3200
1475,7374,38,192,06/07/2022,1,Eric Ahasic,4421,17,11,11,1,-3200,3400,20,16,16,2,3400,3800,25800,0,4200,21600
1475,7374,38,192,06/07/2022,2,Michael Toughill,4424,16,9,8,1,,3600,12,6,6,0,,,10000,0,5454,4546
1475,7374,38,192,06/07/2022,3,Elaine Hesser,4425,14,6,5,1,,1800,11,5,5,0,,,7400,0,6000,1400
1476,7375,38,193,06/08/2022,1,Eric Ahasic,4421,20,14,13,2,2000,6600,22,11,13,0,7000,5000,30600,1,5000,35600
1476,7375,38,193,06/08/2022,2,Maggie Sharpe,4427,13,5,4,1,,800,15,6,5,1,,,3600,0,3599,1
1476,7375,38,193,06/08/2022,3,Tessa Matsuzaki,4428,21,9,7,2,,3800,19,11,9,2,,,11800,1,4599,16399
1477,7376,38,194,06/09/2022,1,Eric Ahasic,4421,17,12,13,0,1400,8400,15,12,12,2,8800,5000,32600,0,2400,30200
1477,7376,38,194,06/09/2022,2,Allison MacDonald,4430,15,5,5,0,,3200,14,7,7,0,,,10400,1,2000,12400
1477,7376,38,194,06/09/2022,3,Sean McGrath,4431,14,9,8,1,,3800,14,6,5,1,,,5800,1,5799,11599
1478,7377,38,195,06/10/2022,1,Eric Ahasic,4421,23,16,15,1,,7600,18,14,16,0,3000,2200,28400,0,400,28000
1478,7377,38,195,06/10/2022,2,Randy Moss,4433,18,9,9,0,,5400,16,9,8,1,,,13800,1,200,14000
1478,7377,38,195,06/10/2022,3,Siobhan Doherty,4434,16,4,4,1,1000,2400,8,4,3,1,,,3600,0,5,3595
1479,7381,38,196,06/13/2022,1,Eric Ahasic,4421,22,13,12,1,,6800,23,13,14,1,6000,5000,29400,0,2600,26800
1479,7381,38,196,06/13/2022,2,Mazin Omer,4436,23,11,9,3,-1000,2800,18,12,9,3,,,9200,0,8799,401
1479,7381,38,196,06/13/2022,3,Lisa Hernson,4437,23,8,5,3,,-200,10,3,2,1,,,200,1,200,400
1480,7383,38,197,06/14/2022,1,Eric Ahasic,4421,18,9,8,1,,5000,20,11,11,0,,,18600,0,1401,17199
1480,7383,38,197,06/14/2022,2,Barry Margulies,4439,16,9,8,2,1000,4600,13,7,7,1,-2000,,9000,0,8000,1000
1480,7383,38,197,06/14/2022,3,Megan Wachspress,4440,17,10,7,3,,1800,15,7,7,1,,3000,10000,1,7201,17201
1481,7385,38,198,06/15/2022,1,Megan Wachspress,4440,22,11,10,1,,4800,14,10,8,2,,,11600,1,0,11600
1481,7385,38,198,06/15/2022,2,Gregory Scruggs,4442,24,12,9,4,-1800,600,13,9,7,4,3000,-5000,1000,0,998,2
1481,7385,38,198,06/15/2022,3,Peggy Gibbons,4443,19,10,9,1,,5400,7,3,2,1,,,5400,0,1000,4400
1482,7387,38,199,06/16/2022,1,Megan Wachspress,4440,16,11,10,2,1000,6600,15,6,4,2,,,11800,0,6199,5601
1482,7387,38,199,06/16/2022,2,Steve Ruiz,4445,16,10,10,0,,6600,14,10,10,0,,,16200,0,10601,5599
1482,7387,38,199,06/16/2022,3,Sarah Borrelli,4446,20,7,7,0,,2600,18,11,11,2,4000,2000,13400,0,10000,3400
1483,7389,38,200,06/17/2022,1,Megan Wachspress,4440,19,11,8,3,,2000,14,6,6,0,,,9200,1,7999,17199
1483,7389,38,200,06/17/2022,2,Sadie Goldberger,4448,19,12,11,2,600,4600,13,8,6,2,,,9800,0,7500,2300
1483,7389,38,200,06/17/2022,3,Molly Fleming,4449,19,8,5,3,,-400,15,10,9,3,-2000,-1500,3300,1,3200,6500
1484,7392,38,201,06/20/2022,1,Megan Wachspress,4440,23,13,11,2,,4400,15,8,6,2,,,10000,0,9599,401
1484,7392,38,201,06/20/2022,2,Ketty Pan,4451,27,11,9,3,1200,3000,23,11,9,4,-8800,-2000,200,0,0,200
1484,7392,38,201,06/20/2022,3,Tory Leviton,4452,18,9,8,1,,4200,15,8,8,0,,,10200,0,10000,200
1485,7393,38,202,06/21/2022,1,Megan Wachspress,4440,19,12,7,5,,1200,13,8,8,0,,,8400,1,201,8601
1485,7393,38,202,06/21/2022,2,Rob Kaplan,4454,18,8,5,3,,-200,23,12,13,1,-2000,3100,16500,0,7901,8599
1485,7393,38,202,06/21/2022,3,Jenny Sholar,4455,23,12,10,3,1000,4600,18,6,6,0,,,12200,0,8700,3500
1486,7394,38,203,06/22/2022,1,Megan Wachspress,4440,17,10,9,2,-1000,2800,16,10,6,4,,,5600,1,1401,7001
1486,7394,38,203,06/22/2022,2,Sarah Brogren,4457,11,6,6,0,,3800,16,9,8,3,-3000,-1000,7000,0,7000,0
1486,7394,38,203,06/22/2022,3,Jeff Weinstock,4458,16,11,9,2,,5000,18,8,5,3,,,7000,1,4202,11202
1487,7395,38,204,06/23/2022,1,Jeff Weinstock,4458,21,8,6,3,1400,3000,12,9,10,1,-2400,9000,20000,0,2001,17999
1487,7395,38,204,06/23/2022,2,Whitney Wood,4460,18,11,9,2,,4800,5,2,2,0,,,7600,0,5000,2600
1487,7395,38,204,06/23/2022,3,Andrew Lewis,4461,20,11,10,1,,3800,11,7,7,0,,,11000,0,10000,1000
1488,7396,38,205,06/24/2022,1,Jeff Weinstock,4458,22,8,7,2,2200,4600,18,10,9,2,-2400,,11400,0,11001,399
1488,7396,38,205,06/24/2022,2,Joe Feldmann,4463,18,12,12,0,,6800,15,8,8,1,,3000,16600,1,6300,22900
1488,7396,38,205,06/24/2022,3,Lauren Drinkwater,4464,15,8,8,0,,5200,15,8,6,2,,,11200,1,800,12000
1489,7397,38,206,06/27/2022,1,Joe Feldmann,4463,19,11,11,0,,6600,23,10,7,3,,,11800,1,10300,22100
1489,7397,38,206,06/27/2022,2,Armand Sanchez,4466,13,9,9,1,2000,6000,16,8,5,3,,,6800,0,5000,1800
1489,7397,38,206,06/27/2022,3,Emma Henke,4467,18,8,8,0,,4600,21,12,11,3,-3000,3000,11000,0,4000,7000
1490,7398,38,207,06/28/2022,1,Joe Feldmann,4463,18,14,12,2,,5800,15,9,8,2,,-2000,10600,0,0,10600
1490,7398,38,207,06/28/2022,2,Pete Chattrabhuti,4469,12,2,2,0,,800,14,9,8,1,,,10800,0,0,10800
1490,7398,38,207,06/28/2022,3,Marina Hays,4470,16,9,8,2,-1000,3400,14,8,8,1,2000,,11000,0,5500,5500
1491,7399,38,208,06/29/2022,1,Pete Chattrabhuti,4469,13,10,9,1,,4200,10,5,5,1,,2000,8600,0,8000,600
1491,7399,38,208,06/29/2022,2,Lauryl Tucker,4472,16,9,9,1,1200,4000,15,12,11,2,-3000,,11000,0,6201,4799
1491,7399,38,208,06/29/2022,3,Halley Ryherd,4473,19,8,7,1,,4000,17,7,7,0,,,14000,0,8001,5999
1492,7401,38,209,06/30/2022,1,Halley Ryherd,4473,14,6,4,2,,1600,17,10,8,2,,,7200,0,7199,1
1492,7401,38,209,06/30/2022,2,David Bzdak,4475,16,9,9,1,-600,4600,16,10,9,2,,2000,15000,0,13000,2000
1492,7401,38,209,06/30/2022,3,Hoa Quach,4476,13,10,9,1,,5400,13,7,8,0,2500,,13900,0,13000,900
1493,7402,38,210,07/01/2022,1,David Bzdak,4475,13,10,9,2,-1000,3000,17,10,9,2,-2000,,6600,1,3801,10401
1493,7402,38,210,07/01/2022,2,Eleanor Dixon,4478,22,12,10,2,,3400,12,6,6,1,,2018,12218,1,8600,20818
1493,7402,38,210,07/01/2022,3,Shayan Sadegh,4479,8,6,5,1,,2000,13,9,8,1,,,10400,1,2801,13201
1494,7403,38,211,07/04/2022,1,Eleanor Dixon,4478,20,8,6,2,,2600,18,6,5,2,,-2016,5784,0,3799,1985
1494,7403,38,211,07/04/2022,2,Yungsheng Wang,4481,26,15,13,3,1000,6600,19,12,9,3,,,11800,1,11000,22800
1494,7403,38,211,07/04/2022,3,Andie Huskie,4482,14,8,7,1,,4400,17,9,9,1,-3000,,12200,0,12199,1
1495,7404,38,212,07/05/2022,1,Yungsheng Wang,4481,23,9,9,0,,6400,16,9,9,1,,3000,15800,1,9201,25001
1495,7404,38,212,07/05/2022,2,Suzy Garver,4484,23,10,7,3,,1000,20,8,6,2,,,4600,0,4599,1
1495,7404,38,212,07/05/2022,3,Jake Marvin,4485,18,12,10,3,-2400,2200,16,9,9,1,3500,,12500,0,12500,0
1496,7405,38,213,07/06/2022,1,Yungsheng Wang,4481,20,11,11,0,,6400,20,10,10,1,,4000,19200,1,17201,36401
1496,7405,38,213,07/06/2022,2,Jen Alfonso-Punzalan,4487,8,4,4,1,-1000,600,12,6,5,1,,,3000,1,0,3000
1496,7405,38,213,07/06/2022,3,Alicia O'Hare,4488,21,13,13,0,,8600,21,13,12,2,-4000,,18200,1,6200,24400
1497,7406,38,214,07/07/2022,1,Yungsheng Wang,4481,16,7,5,2,,2000,16,14,14,2,2399,4500,22099,0,4900,17199
1497,7406,38,214,07/07/2022,2,Heather Brown,4490,17,9,8,1,,3600,15,10,5,5,,,4800,0,4800,0
1497,7406,38,214,07/07/2022,3,Brian Ahern,4491,18,11,12,0,4600,10600,12,5,4,1,,,13400,1,13400,26800
1498,7407,38,215,07/08/2022,1,Brian Ahern,4491,20,12,11,2,1000,6200,12,3,2,1,,,6200,0,6200,0
1498,7407,38,215,07/08/2022,2,Robert Won,4493,23,11,11,0,,6400,22,14,15,0,,2500,23700,1,8301,32001
1498,7407,38,215,07/08/2022,3,Leigh Jahnig,4494,19,6,6,0,,3000,16,8,9,0,3000,,16000,1,16000,32000
1499,7409,38,216,07/11/2022,1,Robert Won,4493,20,14,12,3,-1000,5800,15,7,9,0,5000,5000,23000,0,4601,18399
1499,7409,38,216,07/11/2022,2,Aleithia Stephens,4496,20,4,4,0,,2200,15,8,7,1,,,7400,1,7399,14799
1499,7409,38,216,07/11/2022,3,Steve Clarke,4497,23,15,13,2,,6600,15,8,7,1,,,13800,1,4601,18401
1500,7410,38,217,07/12/2022,1,Steve Clarke,4497,21,15,14,2,1000,7400,19,14,11,5,2000,5000,20000,0,1,19999
1500,7410,38,217,07/12/2022,2,Tehmeena Malik,4499,15,9,8,1,,4800,17,6,2,4,,,3200,0,3200,0
1500,7410,38,217,07/12/2022,3,Ben Coller,4500,13,5,3,2,,0,18,12,10,2,,,10000,1,3000,13000
1501,7411,38,218,07/13/2022,1,Steve Clarke,4497,24,16,16,1,2000,10400,20,12,11,2,2500,,17700,0,10301,7399
1501,7411,38,218,07/13/2022,2,Emily Fiasco,4502,15,7,6,1,,3600,17,10,9,2,,-2000,14000,1,14000,28000
1501,7411,38,218,07/13/2022,3,Jin-Soo Huh,4503,13,3,2,1,,-200,16,3,2,1,,,-200,,,-200
1502,7412,38,219,07/14/2022,1,Emily Fiasco,4502,16,9,9,0,,5400,13,8,8,2,3000,-2000,14000,1,11201,25201
1502,7412,38,219,07/14/2022,2,Mark Primiano,4505,19,13,11,2,,4000,10,7,6,1,,,8000,1,7500,15500
1502,7412,38,219,07/14/2022,3,Anjali Bhat,4506,12,6,5,2,400,2200,20,11,10,1,,,12600,0,12600,0
1503,7413,38,220,07/15/2022,1,Emily Fiasco,4502,19,11,11,1,2000,5000,19,16,17,0,,4000,29000,1,5000,34000
1503,7413,38,220,07/15/2022,2,Christopher Arns,4508,19,11,10,1,,5200,10,5,2,3,,,2400,0,1,2399
1503,7413,38,220,07/15/2022,3,Anmol Sinho,4509,15,6,3,3,,-600,10,7,7,1,-2000,,5800,1,2,5802
1504,7414,38,221,07/18/2022,1,Emily Fiasco,4502,12,6,5,1,,2600,16,7,6,2,2000,,7800,1,7800,15600
1504,7414,38,221,07/18/2022,2,William Chou,4511,13,4,3,1,,400,23,10,9,2,,2400,8800,1,6801,15601
1504,7414,38,221,07/18/2022,3,Erica Weiner-Amachi,4512,17,11,9,3,600,3200,20,12,10,2,,,11600,1,4001,15601
1505,7415,38,222,07/19/2022,1,William Chou,4511,22,10,10,0,,4200,15,8,8,0,,,14600,0,14600,0
1505,7415,38,222,07/19/2022,2,Matt Mierswa,4514,24,15,15,1,1000,9400,18,11,11,2,-3200,-1200,16600,1,12601,29201
1505,7415,38,222,07/19/2022,3,Catherine Belling,4515,16,4,2,2,,-400,14,4,3,1,,,400,1,400,800
1506,7416,38,223,07/20/2022,1,Matt Mierswa,4514,17,13,12,2,-1000,6000,17,16,16,1,2400,,25600,1,1044,26644
1506,7416,38,223,07/20/2022,2,Alfred Guy,4517,17,7,4,3,,-200,10,3,4,0,,2100,5500,1,5499,10999
1506,7416,38,223,07/20/2022,3,Alison Trembly,4518,23,11,10,1,,6200,13,6,6,0,,,12200,0,1000,11200
1507,7417,38,224,07/21/2022,1,Matt Mierswa,4514,23,17,17,1,-2200,7800,19,10,11,0,,2000,23400,0,8201,15199
1507,7417,38,224,07/21/2022,2,Emmie Trammell,4520,10,5,4,1,,3000,18,9,9,0,,,15800,1,5400,21200
1507,7417,38,224,07/21/2022,3,Stan Scoggins,4521,23,9,7,2,,1800,19,7,7,1,1000,,5600,0,5600,0
1508,7418,38,225,07/22/2022,1,Emmie Trammell,4520,14,6,6,0,,2600,10,4,4,0,,,5800,0,4000,1800
1508,7418,38,225,07/22/2022,2,Karla Fossett,4523,20,10,10,1,1000,6400,13,8,9,0,2000,,17600,0,1000,16600
1508,7418,38,225,07/22/2022,3,Gunan Ganju,4524,18,10,8,2,,2000,13,11,10,2,,-4000,7600,0,4001,3599
1509,7419,38,226,07/25/2022,1,Karla Fossett,4523,15,8,7,1,,3400,10,7,7,1,,-4000,7000,0,7000,0
1509,7419,38,226,07/25/2022,2,Ed Coulson,4526,18,13,11,2,,5000,16,10,11,0,2500,,18700,0,1301,17399
1509,7419,38,226,07/25/2022,3,Angela Xu,4527,14,7,7,1,1000,3600,13,8,7,1,,,10000,0,7399,2601
1510,7420,38,227,07/26/2022,1,Ed Coulson,4526,24,11,11,1,1000,7200,18,10,10,1,,-2000,16000,1,6801,22801
1510,7420,38,227,07/26/2022,2,Mark Stover,4529,21,10,9,1,,5000,19,10,9,1,,,11400,1,1799,13199
1510,7420,38,227,07/26/2022,3,Alexa Jakob,4530,12,8,7,1,,2800,9,5,4,2,-2800,,4800,0,3401,1399
1512,7421,38,228,07/27/2022,1,Ed Coulson,4526,21,11,9,2,,3600,19,7,8,0,4000,,17600,0,11800,5800
1512,7421,38,228,07/27/2022,2,Colleen Birney,4535,14,5,4,1,,2000,18,14,12,3,,-3000,8200,0,2200,6000
1512,7421,38,228,07/27/2022,3,Brianne Barker,4536,20,13,14,0,1500,8700,12,5,5,0,,,14700,0,3000,11700
1513,7422,38,229,07/28/2022,1,Brianne Barker,4536,22,17,16,2,-2000,7400,18,10,8,2,,,13800,0,13795,5
1513,7422,38,229,07/28/2022,2,Heidi Reese,4538,13,6,6,0,,2800,9,4,4,1,2500,,7300,1,7200,14500
1513,7422,38,229,07/28/2022,3,Katrina Hill,4539,17,7,6,1,,3000,14,12,13,0,,2000,20200,1,7401,27601
1514,7424,38,230,07/29/2022,1,Katrina Hill,4539,21,9,9,0,,7000,11,7,6,1,,,11800,1,9001,20801
1514,7424,38,230,07/29/2022,2,Darin Ciccotelli,4541,18,8,7,1,,2800,17,10,9,3,-2000,3000,11000,1,2994,13994
1514,7424,38,230,07/29/2022,3,Luigi de Guzman,4542,26,12,12,1,1800,6800,23,13,12,1,,,20800,1,2601,23401
1515,7430,39,1,09/12/2022,1,Luigi de Guzman,4542,28,16,17,0,4000,14000,22,17,17,2,4000,6000,38400,1,4000,42400
1515,7430,39,1,09/12/2022,2,Tim Faulkner,4544,23,9,7,2,,2000,9,2,2,0,,,5200,1,200,5400
1515,7430,39,1,09/12/2022,3,Katherine May,4545,16,9,6,3,,2200,6,3,2,1,,,1400,0,0,1400
1516,7432,39,2,09/13/2022,1,Luigi de Guzman,4542,28,10,9,1,,5200,22,11,10,2,,2500,15700,1,15699,31399
1516,7432,39,2,09/13/2022,2,April Marquet,4547,19,8,5,3,,1200,17,10,10,1,5000,,16600,1,1801,18401
1516,7432,39,2,09/13/2022,3,Justin Tarbox,4548,23,14,14,1,2000,8200,16,5,4,1,,,11000,0,1500,9500
1517,7434,39,3,09/14/2022,1,Luigi de Guzman,4542,25,15,13,2,,6200,23,16,16,2,4000,-6000,17800,1,200,18000
1517,7434,39,3,09/14/2022,2,Winston Li,4550,19,9,9,1,-1400,3400,15,9,7,2,,,8600,1,8600,17200
1517,7434,39,3,09/14/2022,3,Harriet Wagner,4551,24,6,6,0,,3400,19,5,4,1,,,8600,1,8500,17100
1518,7435,39,4,09/15/2022,1,Luigi de Guzman,4542,26,15,11,4,,4600,25,16,17,1,3500,6000,32500,0,7000,25500
1518,7435,39,4,09/15/2022,2,Annabel Osburn,4553,16,9,8,1,,5200,13,9,8,1,,,12400,0,2600,9800
1518,7435,39,4,09/15/2022,3,Gilad Avrahami,4554,17,7,7,1,1000,3200,15,5,4,1,,,6400,0,6000,400
1519,7437,39,5,09/16/2022,1,Luigi de Guzman,4542,24,12,10,2,,3200,29,17,16,3,-3000,3000,18000,1,1551,19551
1519,7437,39,5,09/16/2022,2,Melissa Woodall,4556,15,4,3,1,,400,13,5,4,1,,,2800,0,2799,1
1519,7437,39,5,09/16/2022,3,Emmett Stanton,4557,20,14,14,1,1000,8200,16,9,8,1,,,15800,1,10000,25800
1520,7440,39,6,09/19/2022,1,Emmett Stanton,4557,17,8,9,0,2000,7200,17,10,8,4,-2000,-2000,8000,1,8000,16000
1520,7440,39,6,09/19/2022,2,Suzanne Goss,4559,19,6,4,2,,-600,17,12,10,2,,,8600,0,6000,2600
1520,7440,39,6,09/19/2022,3,Jason Freeman,4560,24,14,12,2,,4400,20,6,5,1,,,8400,0,8398,2
1521,7441,39,7,09/20/2022,1,Emmett Stanton,4557,18,12,10,2,,4600,13,8,9,0,2000,,15400,1,15400,30800
1521,7441,39,7,09/20/2022,2,Kelly Shannon-Henderson,4562,21,11,8,3,,2000,16,13,13,1,,5000,19800,0,11001,8799
1521,7441,39,7,09/20/2022,3,Juliana Marmon,4563,16,6,5,2,1000,1000,7,3,2,1,,,3400,0,0,3400
1522,7442,39,8,09/21/2022,1,Emmett Stanton,4557,10,6,5,1,,2400,14,6,7,0,,10000,22000,0,10000,12000
1522,7442,39,8,09/21/2022,2,Christopher Pennant,4565,22,16,14,2,,6800,20,15,11,4,,,10800,0,10800,0
1522,7442,39,8,09/21/2022,3,Martha Bath,4566,22,10,10,1,1000,5600,8,5,6,0,3000,,15400,1,15400,30800
1523,7443,39,9,09/22/2022,1,Martha Bath,4566,18,10,11,0,1200,7200,12,8,8,0,,,15600,1,10500,26100
1523,7443,39,9,09/22/2022,2,Lynda Tsuboi,4568,11,6,5,1,,2000,7,2,2,0,,,3200,1,2200,5400
1523,7443,39,9,09/22/2022,3,Michael Menkhus,4569,21,15,12,3,,5000,19,14,12,4,-4000,8000,18600,1,12601,31201
1524,7444,39,10,09/23/2022,1,Michael Menkhus,4569,19,11,10,2,1000,3600,18,11,11,2,-2000,-3000,11400,1,5801,17201
1524,7444,39,10,09/23/2022,2,Jenny Dally,4571,19,9,8,1,,4600,9,6,4,2,,,4600,0,4001,599
1524,7444,39,10,09/23/2022,3,Navid Mehrjou,4572,21,11,9,2,,4200,14,7,6,1,,,8600,1,8500,17100
1525,7448,39,11,09/26/2022,1,Michael Menkhus,4569,21,15,13,2,,6000,23,16,12,5,-2000,,8400,0,1,8399
1525,7448,39,11,09/26/2022,2,Sue Adams,4574,15,1,1,0,,200,15,7,5,2,,,1400,0,1399,1
1525,7448,39,11,09/26/2022,3,David Sibley,4575,26,12,13,0,1800,9400,21,6,7,0,,4000,21800,0,0,21800
1526,7449,39,12,09/27/2022,1,David Sibley,4575,18,13,13,1,1000,8000,20,17,15,3,,4000,22400,1,0,22400
1526,7449,39,12,09/27/2022,2,Nick Keoki Kilstein,4577,17,7,4,3,,-200,14,4,3,1,,,2600,1,2600,5200
1526,7449,39,12,09/27/2022,3,Charlotte Cook,4578,21,10,10,0,,6600,19,5,4,2,2000,,10200,0,200,10000
1527,7451,39,13,09/28/2022,1,David Sibley,4575,19,9,7,2,,2200,19,11,11,2,2000,2000,14600,0,3001,11599
1527,7451,39,13,09/28/2022,2,Sam Wang,4580,17,9,7,2,,2600,10,7,6,1,,,7800,0,7700,100
1527,7451,39,13,09/28/2022,3,Emily Hackbarth,4581,13,8,9,0,3000,7600,10,5,4,1,,,8800,0,6000,2800
1528,7453,39,14,09/29/2022,1,David Sibley,4575,24,16,14,2,,6400,19,15,14,2,3500,,22300,0,1,22299
1528,7453,39,14,09/29/2022,2,Moira Smith,4583,18,4,5,0,1000,4400,14,8,5,3,,,4800,0,0,4800
1528,7453,39,14,09/29/2022,3,Sonalee Rau,4584,17,11,9,2,,2000,13,4,4,1,,-2000,4800,0,1,4799
1529,7454,39,15,09/30/2022,1,David Sibley,4575,24,11,8,3,,2000,16,9,7,2,,,4000,1,3,4003
1529,7454,39,15,09/30/2022,2,Pam Warren,4586,20,11,9,2,,4800,15,7,7,1,,4000,14000,1,13995,27995
1529,7454,39,15,09/30/2022,3,Cris Pannullo,4587,24,10,11,0,1000,6800,17,10,11,0,7000,,29800,0,221,29579
1532,7457,39,16,10/03/2022,1,Cris Pannullo,4587,20,11,12,0,3000,9600,23,13,14,1,4800,400,30800,1,3000,33800
1532,7457,39,16,10/03/2022,2,J. Scott Gabrysiak,4595,20,10,9,1,,4000,17,4,2,2,,,4400,0,4400,0
1532,7457,39,16,10/03/2022,3,Jenny Millat,4596,21,8,5,3,,800,15,10,9,1,,,8800,1,8800,17600
1533,7458,39,17,10/04/2022,1,Cris Pannullo,4587,24,18,17,2,4600,12600,23,17,17,2,4900,3000,35300,0,15221,20079
1533,7458,39,17,10/04/2022,2,Sean Holloway,4598,22,8,7,1,,3400,16,7,5,2,,,7400,0,0,7400
1533,7458,39,17,10/04/2022,3,Jacqueline Liao,4599,18,8,6,2,,2800,20,8,3,5,,,800,0,800,0
1534,7459,39,18,10/05/2022,1,Cris Pannullo,4587,24,15,16,0,1800,12200,21,15,15,1,,1000,28800,0,1200,27600
1534,7459,39,18,10/05/2022,2,Tory Martin,4601,17,8,6,2,,1000,16,7,6,2,2500,,7900,1,7899,15799
1534,7459,39,18,10/05/2022,3,Francis Gomes,4602,14,6,6,0,,3400,13,6,5,1,,,5800,0,5799,1
1535,7461,39,19,10/06/2022,1,Cris Pannullo,4587,24,17,17,1,3400,10800,17,12,11,2,,-5200,16800,1,8601,25401
1535,7461,39,19,10/06/2022,2,Jo Austin,4604,14,5,4,1,,1800,5,2,1,1,,,200,1,200,400
1535,7461,39,19,10/06/2022,3,Jeff Parker,4605,14,6,5,1,,1600,16,8,9,0,1500,,12700,0,0,12700
1536,7462,39,20,10/07/2022,1,Cris Pannullo,4587,23,14,14,1,2400,8400,22,14,14,1,,-200,25400,1,221,25621
1536,7462,39,20,10/07/2022,2,Kate Matthews,4607,17,3,3,0,,2000,8,1,1,0,,,3600,0,0,3600
1536,7462,39,20,10/07/2022,3,Dan Feyer,4608,24,11,11,0,,7000,23,12,10,3,-5000,,10400,1,2600,13000
1538,7465,39,21,10/10/2022,1,Cris Pannullo,4587,27,16,16,1,6200,14200,21,17,19,0,5000,5000,44600,1,15221,59821
1538,7465,39,21,10/10/2022,2,Eugene Hahm,4613,26,5,4,1,,2000,14,2,1,1,,,1600,0,414,1186
1538,7465,39,21,10/10/2022,3,Allie Nudelman,4614,19,10,10,0,,6200,14,6,3,3,,,3800,1,51,3851
1539,7466,39,22,10/11/2022,1,Cris Pannullo,4587,24,16,16,1,4800,12000,24,13,13,1,11000,,37400,1,16201,53601
1539,7466,39,22,10/11/2022,2,Marsha Free,4616,19,4,2,2,,-400,18,5,4,1,,,1600,0,0,1600
1539,7466,39,22,10/11/2022,3,Mike Elliott,4617,20,10,9,1,,4800,18,11,11,1,,11600,26800,0,18200,8600
1540,7467,39,23,10/12/2022,1,Cris Pannullo,4587,20,15,14,2,1000,6000,22,13,15,0,2800,4000,29600,1,8221,37821
1540,7467,39,23,10/12/2022,2,Elizabeth Meisenzahl,4619,16,7,5,2,,1000,17,8,8,0,,,8600,1,1401,10001
1540,7467,39,23,10/12/2022,3,Fernando Villafuerte,4620,18,10,6,4,,-200,14,7,6,1,,,5000,1,615,5615
1541,7468,39,24,10/13/2022,1,Cris Pannullo,4587,26,13,13,1,1400,8600,25,16,14,4,-5000,4800,20400,1,0,20400
1541,7468,39,24,10/13/2022,2,Zack Russell,4622,21,9,7,2,,2400,17,9,8,1,,,10000,1,801,10801
1541,7468,39,24,10/13/2022,3,Andrew Jiang,4623,16,8,7,1,,3400,10,3,2,1,,,5400,0,5400,0
1542,7469,39,25,10/14/2022,1,Cris Pannullo,4587,23,17,17,0,,10800,22,17,19,0,3000,1800,35200,0,12221,22979
1542,7469,39,25,10/14/2022,2,Rhianan Thomas,4625,17,4,4,1,400,1200,16,7,6,1,,,5200,0,5000,200
1542,7469,39,25,10/14/2022,3,Marianne Dos Santos,4626,24,9,7,2,,2800,21,3,2,1,,,3200,0,3000,200
1544,7473,39,26,10/17/2022,1,Cindy Zhang,806,21,10,9,2,-2800,2000,12,6,5,1,,,6800,0,0,6800
1544,7473,39,26,10/17/2022,2,Aaron Gulyas,4404,15,10,8,2,,3000,15,10,7,4,,-3000,2800,1,2800,5600
1544,7473,39,26,10/17/2022,3,Jessica Stephens,752,20,10,9,1,,5400,16,9,9,1,2500,,17100,1,3000,20100
1545,7474,39,27,10/18/2022,1,Erica Weiner-Amachi,4512,22,6,6,1,800,2800,14,9,8,1,,,12800,0,11000,1800
1545,7474,39,27,10/18/2022,2,Tracy Pitzel,708,21,14,12,2,,5400,15,9,6,3,,,6600,0,6600,0
1545,7474,39,27,10/18/2022,3,Molly Karol,827,18,9,8,1,,4600,20,9,8,3,3000,3000,11400,0,1801,9599
1546,7475,39,28,10/19/2022,1,James Fraser,354,19,12,13,0,1000,8800,14,8,8,1,3699,,20899,1,10902,31801
1546,7475,39,28,10/19/2022,2,Renée Russell,4340,18,5,4,1,,1000,16,9,7,3,,-5000,-800,,,-800
1546,7475,39,28,10/19/2022,3,Pam Schoenberg,860,19,9,9,0,,4600,15,10,10,0,,,15400,0,5500,9900
1547,7477,39,29,10/20/2022,1,James Fraser,354,20,10,10,0,,7000,23,10,10,2,4699,-2569,19930,1,10999,30929
1547,7477,39,29,10/20/2022,2,Jessica Stephens,752,23,13,14,0,1000,7600,18,8,8,0,,,15600,1,13000,28600
1547,7477,39,29,10/20/2022,3,Molly Karol,827,17,5,5,0,,2800,22,10,9,1,,,10400,1,5200,15600
1550,7478,39,30,10/21/2022,1,James Fraser,354,25,15,12,4,1200,3600,20,8,6,3,-6800,,2000,0,2000,0
1550,7478,39,30,10/21/2022,2,Jessica Stephens,752,25,9,8,1,,4600,17,8,8,1,,3500,15300,0,10000,5300
1550,7478,39,30,10/21/2022,3,Molly Karol,827,19,8,7,1,,2600,15,9,9,0,,,10600,0,10600,0
1552,7482,39,31,10/24/2022,1,Sarah Snider,4356,23,10,9,1,,5600,16,6,3,3,,,5200,1,5198,10398
1552,7482,39,31,10/24/2022,2,Jeff Smith,810,23,9,8,2,-1000,3000,24,12,10,2,,,10600,1,2801,13401
1552,7482,39,31,10/24/2022,3,Sadie Goldberger,4448,18,9,9,0,,3600,20,13,12,3,-1000,800,13400,1,7801,21201
1553,7483,39,32,10/25/2022,1,Tom Philipose,4416,24,11,8,3,,2400,12,8,8,0,,,10000,0,3001,6999
1553,7483,39,32,10/25/2022,2,Alicia O'Hare,4488,24,12,11,1,,6200,12,9,7,2,,,13000,0,13000,0
1553,7483,39,32,10/25/2022,3,Jack Weller,255,25,12,11,2,4000,9200,17,9,10,1,5000,3000,26400,1,100,26500
1554,7485,39,33,10/26/2022,1,Nikkee Porcaro,585,14,1,1,1,-1000,0,14,7,6,1,,,7200,0,5401,1799
1554,7485,39,33,10/26/2022,2,Do Park,903,22,9,7,2,,2000,16,9,7,2,,,6800,0,401,6399
1554,7485,39,33,10/26/2022,3,Rowan Ward,690,24,17,17,0,,9400,25,15,13,4,10600,2000,26800,1,10000,36800
1555,7487,39,34,10/27/2022,1,Rowan Ward,690,28,21,18,4,3800,11800,25,18,19,1,-8000,5000,30000,1,0,30000
1555,7487,39,34,10/27/2022,2,Jack Weller,255,16,8,6,2,,2400,17,4,4,0,,,6400,0,3000,3400
1555,7487,39,34,10/27/2022,3,Sadie Goldberger,4448,18,4,3,1,,0,15,5,4,1,,,4400,1,400,4800
1556,7488,39,35,10/28/2022,1,Rowan Ward,690,25,17,16,1,,6800,24,11,11,1,,6400,20000,0,12201,7799
1556,7488,39,35,10/28/2022,2,Jack Weller,255,17,4,5,0,1800,4800,21,12,13,0,7000,,29400,0,29400,0
1556,7488,39,35,10/28/2022,3,Sadie Goldberger,4448,17,7,6,1,,2600,15,4,3,1,,,5000,0,5000,0
1557,7491,39,36,10/31/2022,1,Ryan Long,4374,19,12,8,4,,1400,16,6,5,2,,-2000,4200,1,4200,8400
1557,7491,39,36,10/31/2022,2,Megan Wachspress,4440,15,6,6,1,1000,3600,18,12,10,3,-2000,,9600,0,7201,2399
1557,7491,39,36,10/31/2022,3,Maureen O'Neil,1067,15,9,8,1,,2800,13,6,6,0,,,8400,1,8399,16799
1559,7492,39,37,11/01/2022,1,Jonathan Fisher,753,23,14,13,1,,8200,18,13,12,1,,,19800,0,7801,11999
1559,7492,39,37,11/01/2022,2,Andrew He,819,21,13,13,0,,7600,22,9,10,1,5000,-10000,13800,0,1799,12001
1559,7492,39,37,11/01/2022,3,Christine Whelchel,1044,15,3,2,2,-1000,-1000,7,3,3,0,,,2200,0,0,2200
1560,7494,39,38,11/02/2022,1,Brian Chang,245,16,8,5,4,-1000,-1000,18,7,6,2,2000,,4200,0,0,4200
1560,7494,39,38,11/02/2022,2,Tyler Rhode,788,19,11,10,1,,5400,18,9,9,1,,4000,17400,1,17400,34800
1560,7494,39,38,11/02/2022,3,Margaret Shelton,1055,18,9,8,1,,5400,22,15,12,3,,,17400,1,7000,24400
1561,7495,39,39,11/03/2022,1,Courtney Shah,587,17,7,6,1,,2400,12,3,3,0,,,5200,0,4200,1000
1561,7495,39,39,11/03/2022,2,Rowan Ward,690,21,11,10,2,1000,3600,20,7,7,0,,,10800,0,399,10401
1561,7495,39,39,11/03/2022,3,John Focht,287,15,7,6,1,,3000,23,15,17,0,8000,3000,32000,0,0,32000
1562,7497,39,40,11/04/2022,1,Eric Ahasic,4421,21,11,8,3,,2600,17,6,7,1,5800,11600,26000,1,13201,39201
1562,7497,39,40,11/04/2022,2,Jaskaran Singh,4066,22,12,10,2,,5800,15,8,7,1,,,11000,1,2201,13201
1562,7497,39,40,11/04/2022,3,Jackie Kelly,4043,20,9,8,2,3000,6000,18,11,11,0,,,19600,0,6401,13199
1564,7499,39,41,11/07/2022,1,Zach Newkirk,266,12,5,5,0,,2200,16,11,9,3,,-7000,5200,1,528,5728
1564,7499,39,41,11/07/2022,2,Jessica Stephens,752,20,6,3,3,,-1400,15,5,1,4,,,-5800,,,-5800
1564,7499,39,41,11/07/2022,3,Sam Buttrey,877,28,22,20,3,-3400,8000,24,15,14,2,2000,,19600,1,0,19600
1566,7503,39,43,11/09/2022,1,Amy Schneider,834,26,16,16,1,4000,12600,21,12,10,3,,1000,19600,1,64,19664
1566,7503,39,43,11/09/2022,2,Maureen O'Neil,1067,9,1,1,0,,400,8,2,2,1,-3000,,600,0,0,600
1566,7503,39,43,11/09/2022,3,Tyler Rhode,788,17,12,10,2,,4200,12,9,7,2,,,7000,1,0,7000
1567,7505,39,44,11/10/2022,1,Matt Amodio,639,20,9,8,1,,4000,23,11,11,1,4000,,16800,1,0,16800
1567,7505,39,44,11/10/2022,2,John Focht,287,18,9,9,0,,4200,18,7,6,1,,,12600,1,11400,24000
1567,7505,39,44,11/10/2022,3,Sam Buttrey,877,22,6,7,0,1600,4600,24,13,13,1,,6000,23000,1,10601,33601
1568,7507,39,45,11/11/2022,1,Mattea Roach,4281,19,11,9,2,,4000,15,7,6,1,,,7200,0,0,7200
1568,7507,39,45,11/11/2022,2,Eric Ahasic,4421,21,9,8,1,,5400,20,10,10,0,,,17000,0,217,16783
1568,7507,39,45,11/11/2022,3,Andrew He,819,25,14,12,3,1000,3400,21,11,12,1,7000,16800,39200,0,1337,37863
1570,7511,39,46,11/14/2022,1,Amy Schneider,834,23,13,12,1,,5000,21,7,7,0,,,14600,0,10000,4600
1570,7511,39,46,11/14/2022,2,Andrew He,819,20,7,7,1,1800,4200,18,7,8,0,7800,,18800,1,10401,29201
1570,7511,39,46,11/14/2022,3,Sam Buttrey,877,23,11,9,2,,4800,19,11,11,1,,-6000,12000,1,0,12000
1572,7512,39,47,11/15/2022,1,Amy Schneider,834,21,8,8,0,,4600,22,12,12,1,4000,,22200,0,1100,21100
1572,7512,39,47,11/15/2022,2,Andrew He,819,25,12,12,1,3800,9200,16,6,5,2,,10000,23200,0,21201,1999
1572,7512,39,47,11/15/2022,3,Sam Buttrey,877,19,9,7,2,,2200,17,9,8,1,,,9400,0,0,9400
1573,7513,39,48,11/16/2022,1,Amy Schneider,834,23,10,9,1,,3800,19,8,6,3,-5000,,2400,1,1000,3400
1573,7513,39,48,11/16/2022,2,Andrew He,819,22,8,8,1,1000,3800,21,8,7,2,,5800,13200,0,3201,9999
1573,7513,39,48,11/16/2022,3,Sam Buttrey,877,18,7,7,0,,3600,22,11,11,0,,,14800,0,11601,3199
1574,7515,39,49,11/17/2022,1,Amy Schneider,834,23,16,16,0,,10200,24,12,12,1,,4000,25000,0,6000,19000
1574,7515,39,49,11/17/2022,2,Andrew He,819,23,7,7,1,1600,4000,24,4,4,0,,,6800,0,5999,801
1574,7515,39,49,11/17/2022,3,Sam Buttrey,877,24,7,6,1,,2400,26,13,12,2,6000,,20000,0,20000,0
1575,7516,39,50,11/18/2022,1,Amy Schneider,834,23,11,11,1,-1000,6600,21,11,11,0,,,15800,1,1800,17600
1575,7516,39,50,11/18/2022,2,Andrew He,819,19,7,7,0,,2200,25,8,8,2,5000,-10000,6800,0,6700,100
1575,7516,39,50,11/18/2022,3,Sam Buttrey,877,19,10,7,3,,1600,16,7,7,0,,,11200,1,11200,22400
1576,7518,39,51,11/21/2022,1,Amy Schneider,834,25,10,10,0,,6400,19,10,9,1,,,15600,1,13000,28600
1576,7518,39,51,11/21/2022,2,Andrew He,819,24,10,10,0,,5800,22,9,7,2,,,14200,1,2801,17001
1576,7518,39,51,11/21/2022,3,Sam Buttrey,877,22,11,9,3,-2600,1400,21,11,10,3,2000,3000,8000,0,8000,0
1577,7519,39,52,11/22/2022,1,Cris Pannullo,4587,29,13,13,0,,8800,20,13,14,0,,5000,29400,0,5221,24179
1577,7519,39,52,11/22/2022,2,David Stiasny,4730,26,12,12,1,-2600,4400,17,6,6,0,,,10400,0,6401,3999
1577,7519,39,52,11/22/2022,3,Etienne Lepine,4731,24,4,4,0,,1200,11,4,5,0,2400,,8400,1,8400,16800
1578,7521,39,53,11/23/2022,1,Cris Pannullo,4587,24,15,15,1,1000,7400,23,13,13,1,,7000,28000,1,7221,35221
1578,7521,39,53,11/23/2022,2,Katy Rudolphy,4733,25,7,7,0,,4600,24,5,4,1,,,9000,0,1801,7199
1578,7521,39,53,11/23/2022,3,John Dorsey,4734,23,6,6,0,,3200,24,11,10,2,-5000,,5400,0,3601,1799
1579,7527,39,54,11/24/2022,1,Cris Pannullo,4587,26,18,19,0,5000,16200,22,15,16,1,5000,9000,46600,1,25221,71821
1579,7527,39,54,11/24/2022,2,Megan Burr,4736,16,4,4,0,,1400,15,9,7,2,,,5000,0,2000,3000
1579,7527,39,54,11/24/2022,3,Tarun Narasimhan,4737,17,6,4,2,,600,19,5,4,1,,,3400,1,1601,5001
1580,7529,39,55,11/25/2022,1,Cris Pannullo,4587,25,18,17,2,1000,7400,23,18,17,2,,3000,26400,1,12221,38621
1580,7529,39,55,11/25/2022,2,Sam Papuha,4739,18,5,5,0,,2800,11,4,3,1,,,5200,0,2200,3000
1580,7529,39,55,11/25/2022,3,Holly Smith,4740,18,4,3,1,,2000,14,6,6,1,-5600,,3600,0,3599,1
1581,7532,39,56,11/28/2022,1,Cris Pannullo,4587,22,12,11,1,,5400,26,14,16,0,9000,7800,39800,0,0,39800
1581,7532,39,56,11/28/2022,2,Michael Harten,4742,19,5,4,1,,1600,12,5,5,0,,,5600,0,2000,3600
1581,7532,39,56,11/28/2022,3,Xanni Brown,4743,19,11,12,0,2200,8600,19,8,8,0,,,19400,0,1114,18286
1582,7534,39,57,11/29/2022,1,Cris Pannullo,4587,22,15,12,3,,4400,20,11,10,2,,12400,24000,1,20000,44000
1582,7534,39,57,11/29/2022,2,Sheila Anderson,4745,18,7,5,2,,1800,13,2,2,0,,,4200,1,0,4200
1582,7534,39,57,11/29/2022,3,Matt Harvey,4746,24,11,10,2,2000,6400,18,15,13,3,5000,,21400,0,12999,8401
1583,7537,39,58,11/30/2022,1,Cris Pannullo,4587,27,17,16,2,1000,8400,22,14,15,1,7600,-4000,28800,0,1221,27579
1583,7537,39,58,11/30/2022,2,Jeannette Bonjour,4748,19,3,2,1,,800,16,6,5,1,,,3600,1,3000,6600
1583,7537,39,58,11/30/2022,3,Randall Rayford,4749,25,11,11,0,,6200,14,5,5,0,,,12600,0,0,12600
1584,7539,39,59,12/01/2022,1,Cris Pannullo,4587,25,18,19,0,2200,11600,18,15,15,0,,,27600,1,1221,28821
1584,7539,39,59,12/01/2022,2,Rob Lamanna,4751,19,6,6,0,,3800,19,7,6,2,4400,,14200,1,12600,26800
1584,7539,39,59,12/01/2022,3,Jeri Zulli,4752,13,2,2,0,,1400,7,3,3,1,,1700,3900,0,100,3800
1585,7541,39,60,12/02/2022,1,Cris Pannullo,4587,28,18,17,2,3600,12400,22,15,17,0,7000,100,35900,1,8221,44121
1585,7541,39,60,12/02/2022,2,Josh Gregor,4754,19,10,7,3,,2000,13,5,3,2,,,1200,1,128,1328
1585,7541,39,60,12/02/2022,3,Ilana Freedman,4755,15,6,6,0,,3800,14,6,5,1,,,11000,1,0,11000
1586,7545,39,61,12/05/2022,1,Cris Pannullo,4587,22,12,12,1,4800,11000,20,12,14,0,7000,2000,33200,1,4221,37421
1586,7545,39,61,12/05/2022,2,Steph Martin,4757,15,4,3,1,,1400,14,2,1,1,,,600,1,100,700
1586,7545,39,61,12/05/2022,3,Ben Hebert,4758,23,11,10,1,,3200,20,13,11,2,,,12400,0,11750,650
1587,7546,39,62,12/06/2022,1,Cris Pannullo,4587,23,15,15,1,1000,7600,21,12,12,1,-6600,,12600,0,11201,1399
1587,7546,39,62,12/06/2022,2,Andy Tirrell,4760,17,6,3,3,,-1000,19,12,11,2,,3700,11900,1,3499,15399
1587,7546,39,62,12/06/2022,3,Meghan Mello,4761,16,8,7,1,,4200,12,3,2,1,,,4200,0,0,4200
1588,7547,39,63,12/07/2022,1,Andy Tirrell,4760,24,10,10,0,,5600,19,8,7,1,,,11200,0,10001,1199
1588,7547,39,63,12/07/2022,2,Tammy Groner,4763,22,14,15,0,3400,12200,19,9,9,0,,,22200,0,21801,399
1588,7547,39,63,12/07/2022,3,Ron Cheung,4764,24,6,4,2,,1400,20,8,10,0,2000,9000,22000,0,2401,19599
1589,7549,39,64,12/08/2022,1,Ron Cheung,4764,15,12,9,3,,4200,16,7,7,1,-3000,,10800,0,5201,5599
1589,7549,39,64,12/08/2022,2,Sriram Krishnan,4766,12,8,8,0,,3800,19,12,13,0,,2000,21800,0,0,21800
1589,7549,39,64,12/08/2022,3,A.Z. Madonna,4767,22,10,8,3,1000,2800,19,7,7,0,,,8000,0,6270,1730
1590,7551,39,65,12/09/2022,1,Sriram Krishnan,4766,17,10,9,2,-2600,1000,17,11,11,1,,2000,14200,0,10000,4200
1590,7551,39,65,12/09/2022,2,Ellen LaBerge,4769,16,9,9,0,,4600,16,9,6,3,,,7800,1,7000,14800
1590,7551,39,65,12/09/2022,3,Matthew Ott,4770,17,7,7,0,,5000,15,7,6,2,3800,,11600,1,11597,23197
1591,7554,39,66,12/12/2022,1,Matthew Ott,4770,16,6,6,1,1400,3400,11,5,5,0,,,9400,0,0,9400
1591,7554,39,66,12/12/2022,2,Sean McShane,4772,21,16,15,1,,8600,16,12,12,1,,3000,23600,0,3000,20600
1591,7554,39,66,12/12/2022,3,Kris Anne Bonifacio,4773,15,5,5,0,,2600,19,5,5,1,-4600,,4000,0,4000,0
1592,7555,39,67,12/13/2022,1,Sean McShane,4772,25,16,13,3,,7400,18,13,15,0,3000,3000,28600,1,4000,32600
1592,7555,39,67,12/13/2022,2,Brett Myer,4775,21,8,7,1,,4000,12,5,5,0,,,11200,1,200,11400
1592,7555,39,67,12/13/2022,3,Ellen McRae,4776,17,8,7,2,-1400,1400,10,5,4,1,,,4600,1,4000,8600
1593,7557,39,68,12/14/2022,1,Sean McShane,4772,26,16,16,1,-4000,5800,22,16,15,1,,,23000,1,4201,27201
1593,7557,39,68,12/14/2022,2,Dan Rosen,4778,21,7,7,0,,3800,9,6,7,0,3000,,13600,0,7000,6600
1593,7557,39,68,12/14/2022,3,Mollie Cowger,4779,20,6,5,1,,2200,12,5,5,1,,-1500,5100,0,900,4200
1594,7560,39,69,12/15/2022,1,Sean McShane,4772,22,11,11,0,,7800,22,11,10,1,,,16600,1,10000,26600
1594,7560,39,69,12/15/2022,2,Allie Kallmann Wegner,4781,21,5,5,0,,2600,20,6,6,1,,-7000,4800,1,0,4800
1594,7560,39,69,12/15/2022,3,Ray Lalonde,4782,24,12,12,1,1600,6600,24,11,12,0,4000,,22600,1,10000,32600
1595,7565,39,70,12/16/2022,1,Ray Lalonde,4782,26,13,10,3,,4800,26,19,17,3,4000,,23600,1,4400,28000
1595,7565,39,70,12/16/2022,2,Neal Gettling,4784,21,8,6,3,-2000,0,14,6,4,3,,-2400,400,0,207,193
1595,7565,39,70,12/16/2022,3,Elizabeth Pontefract,4785,20,11,11,0,,6000,17,7,5,2,,,8800,0,8700,100
1596,7578,39,71,12/19/2022,1,Ray Lalonde,4782,23,15,14,1,,7000,26,14,15,1,3000,4000,31600,0,7400,24200
1596,7578,39,71,12/19/2022,2,Andrew Schmidt,4787,12,6,6,0,,2800,9,4,3,1,,,4000,0,2727,1273
1596,7578,39,71,12/19/2022,3,Miranda Onnen,4788,21,10,9,2,1800,5800,15,11,9,2,,,9800,1,200,10000
1597,7579,39,72,12/20/2022,1,Ray Lalonde,4782,23,16,14,3,1000,6000,21,8,8,1,,4500,20100,0,9600,10500
1597,7579,39,72,12/20/2022,2,Kim Aagaard,4790,12,6,6,0,,4400,14,8,9,0,2000,,14800,0,5000,9800
1597,7579,39,72,12/20/2022,3,Jason Radalin,4791,16,8,5,3,,800,16,10,10,0,,,10800,0,10000,800
1598,7582,39,73,12/21/2022,1,Ray Lalonde,4782,22,16,13,3,,5000,21,15,15,1,,3000,19200,1,17700,36900
1598,7582,39,73,12/21/2022,2,Mary Dishigrikyan,4793,5,2,1,1,,-200,8,2,2,0,,,3000,0,2000,1000
1598,7582,39,73,12/21/2022,3,Michael Vaz,4794,22,12,12,1,1600,7600,17,10,9,2,4000,,18400,1,801,19201
1599,7584,39,74,12/22/2022,1,Ray Lalonde,4782,24,13,14,0,3000,11000,22,11,11,0,,,24200,1,9800,34000
1599,7584,39,74,12/22/2022,2,Mitch Cutter,4796,15,10,8,2,,2400,18,11,11,1,3600,,16800,1,1999,18799
1599,7584,39,74,12/22/2022,3,Kathy Boelter,4797,13,6,6,0,,4200,13,4,4,1,,-3000,5200,0,5000,200
1600,7587,39,75,12/23/2022,1,Ray Lalonde,4782,19,10,10,1,3400,9800,24,12,9,3,,,20200,1,6300,26500
1600,7587,39,75,12/23/2022,2,Rebecca Triano,4799,18,9,8,1,,3800,18,10,9,2,,-5000,6400,0,5000,1400
1600,7587,39,75,12/23/2022,3,Ardi Mendoza,4800,13,7,7,0,,2800,18,7,7,1,4400,,13200,0,10000,3200
1601,7594,39,76,12/26/2022,1,Ray Lalonde,4782,15,11,11,1,1800,7000,20,15,14,2,3000,,21600,1,5000,26600
1601,7594,39,76,12/26/2022,2,Sarah Schmeer,4802,19,10,8,2,,4400,10,6,6,1,,4000,11600,1,11500,23100
1601,7594,39,76,12/26/2022,3,Bobby Freitas,4803,21,10,8,2,,3400,15,8,5,3,,,3400,0,3200,200
1602,7598,39,77,12/27/2022,1,Ray Lalonde,4782,24,9,8,2,1800,4200,25,19,19,1,,4000,27800,1,8000,35800
1602,7598,39,77,12/27/2022,2,Maggie Frank-Hsu,4805,21,12,9,3,,3800,11,6,4,3,-2200,,3600,1,3599,7199
1602,7598,39,77,12/27/2022,3,Scott Handelman,4806,18,13,11,2,,6000,11,5,4,1,,,9200,1,1999,11199
1603,7602,39,78,12/28/2022,1,Ray Lalonde,4782,22,15,16,0,2000,10600,22,12,11,1,,,23400,1,6600,30000
1603,7602,39,78,12/28/2022,2,Omkar Bhatt,4808,15,8,7,1,,2800,13,7,7,1,-3000,,4200,0,4199,1
1603,7602,39,78,12/28/2022,3,Jamie Fletcher,4809,15,5,3,2,,400,15,6,5,2,,-2000,4400,1,4000,8400
1604,7605,39,79,12/29/2022,1,Ray Lalonde,4782,24,8,8,1,-3000,1200,23,11,10,1,,,13200,1,13200,26400
1604,7605,39,79,12/29/2022,2,Emily Kawaler,4811,21,11,10,1,,5200,26,9,9,1,,3000,14200,0,12201,1999
1604,7605,39,79,12/29/2022,3,Rachel Cohen,4812,19,10,9,1,,4600,20,12,10,3,-4000,,11800,1,11000,22800
1605,7611,39,80,12/30/2022,1,Ray Lalonde,4782,24,16,15,1,,8000,17,8,9,0,4000,,22800,1,20000,42800
1605,7611,39,80,12/30/2022,2,Kristin Jacobsen,4814,24,7,7,1,1000,3800,16,8,8,0,,,10600,1,10600,21200
1605,7611,39,80,12/30/2022,3,Isaac Rabbani,4815,21,8,8,0,,5200,16,10,9,2,,6500,20100,1,19900,40000
1606,7617,39,81,01/02/2023,1,Ray Lalonde,4782,26,13,11,2,,3800,21,14,14,2,-4000,-1300,16100,1,16000,32100
1606,7617,39,81,01/02/2023,2,Denise Carlon,4817,21,13,13,1,2000,8800,19,8,7,1,,,16000,1,16000,32000
1606,7617,39,81,01/02/2023,3,Chris Blair,4818,19,4,4,0,,3000,17,6,6,0,,,8200,0,0,8200
1607,7622,39,82,01/03/2023,1,Ray Lalonde,4782,23,12,10,2,,5000,24,15,12,4,,-3000,12000,1,12000,24000
1607,7622,39,82,01/03/2023,2,Claire Theoret,4820,16,6,6,0,,3200,20,9,8,1,,,11200,1,11200,22400
1607,7622,39,82,01/03/2023,3,Lloyd Sy,4821,21,10,9,2,-5,4595,17,5,5,1,3095,,12490,1,12000,24490
1608,7628,39,83,01/04/2023,1,Lloyd Sy,4821,24,13,13,0,,6200,20,11,10,2,,4000,20200,1,8888,29088
1608,7628,39,83,01/04/2023,2,Francis Englert,4823,25,10,10,0,,6200,16,13,11,2,,,14200,0,6000,8200
1608,7628,39,83,01/04/2023,3,Sarah Palmer,4824,22,6,6,1,-2400,2200,14,4,5,0,2000,,8200,0,2201,5999
1609,7632,39,84,01/05/2023,1,Lloyd Sy,4821,21,14,12,2,,5400,21,9,8,2,-3000,,8800,1,5000,13800
1609,7632,39,84,01/05/2023,2,Patrick Curran,4826,21,12,13,0,4000,11600,20,12,12,1,,4000,24800,1,5200,30000
1609,7632,39,84,01/05/2023,3,Lois Casaleggi,4827,17,3,2,1,,0,21,7,4,3,,,-800,,,-800
1611,7636,39,85,01/06/2023,1,Patrick Curran,4826,24,16,14,3,-1000,4000,20,9,10,1,5600,3000,20200,0,4800,15400
1611,7636,39,85,01/06/2023,2,Caitlin Monesmith,4832,19,7,5,2,,2400,16,7,6,1,,,7200,0,3600,3600
1611,7636,39,85,01/06/2023,3,Reuben D'souza,4833,20,7,5,2,,1200,15,6,6,0,,,7200,1,7200,14400
1612,7640,39,86,01/09/2023,1,Patrick Curran,4826,23,9,10,0,3200,8200,18,10,7,3,,,12600,1,3801,16401
1612,7640,39,86,01/09/2023,2,Kelly Mraz,4835,26,8,7,1,,3800,12,7,5,2,,,8200,1,8200,16400
1612,7640,39,86,01/09/2023,3,Connor Sears,4836,24,13,12,1,,5600,16,9,9,2,5600,7000,27800,1,200,28000
1613,7642,39,87,01/10/2023,1,Connor Sears,4836,23,12,12,1,-2200,4600,20,12,11,2,7400,,20400,0,4401,15999
1613,7642,39,87,01/10/2023,2,Max Davison,4838,18,12,9,3,,4400,23,14,13,2,,-4000,12400,0,8001,4399
1613,7642,39,87,01/10/2023,3,Suzanne Zgraggen,4839,13,4,4,0,,2800,12,1,1,0,,,3600,0,3600,0
1614,7646,39,88,01/11/2023,1,Connor Sears,4836,18,10,9,1,,3800,17,5,2,3,,,1800,1,223,2023
1614,7646,39,88,01/11/2023,2,Andrew Whatley,4841,21,7,7,0,,3800,22,11,11,1,5800,,20800,1,0,20800
1614,7646,39,88,01/11/2023,3,Yogesh Raut,4842,27,12,13,0,4000,12400,29,15,15,1,,4000,30800,1,10801,41601
1615,7648,39,89,01/12/2023,1,Yogesh Raut,4842,27,16,16,0,,8600,28,17,16,2,,4000,26600,1,7001,33601
1615,7648,39,89,01/12/2023,2,Kyle Daly,4844,22,8,8,1,2600,6400,22,8,9,0,2000,,16800,0,16800,0
1615,7648,39,89,01/12/2023,3,Kristina Mosley,4845,22,7,6,1,,3200,18,5,5,0,,,9600,0,5000,4600
1616,7651,39,90,01/13/2023,1,Yogesh Raut,4842,26,14,11,3,,4200,24,15,14,1,,,19000,1,2201,21201
1616,7651,39,90,01/13/2023,2,Brenda Crowell,4847,22,5,3,2,,-600,13,2,1,1,,,-600,,,-600
1616,7651,39,90,01/13/2023,3,Michael Cavaliere,4848,23,14,14,1,3200,10800,21,11,11,2,-5000,5000,21200,0,16801,4399
1617,7656,39,91,01/16/2023,1,Yogesh Raut,4842,25,11,11,1,3200,9200,26,7,8,0,5000,,23800,0,999,22801
1617,7656,39,91,01/16/2023,2,Jimmy Davoren,4850,20,6,5,1,,3400,19,13,11,2,,,11400,0,11400,0
1617,7656,39,91,01/16/2023,3,Katie Palumbo,4851,20,13,13,0,,5600,18,9,10,0,,8000,25600,0,2500,23100
1618,7658,39,92,01/17/2023,1,Katie Palumbo,4851,23,12,12,1,1200,6200,18,11,9,3,,-6000,7400,0,5000,2400
1618,7658,39,92,01/17/2023,2,Vince Bacani,4853,22,15,13,2,,7000,20,16,13,4,-5000,,14000,0,1000,13000
1618,7658,39,92,01/17/2023,3,Stephanie Pakula,4854,11,3,3,0,,1400,10,2,1,1,,,1000,0,899,101
1619,7660,39,93,01/18/2023,1,Vince Bacani,4853,17,11,10,1,,3800,21,12,12,2,-4600,6399,15599,1,5402,21001
1619,7660,39,93,01/18/2023,2,Erin Portman,4856,24,15,14,2,3600,9400,16,10,9,1,,,21000,1,10201,31201
1619,7660,39,93,01/18/2023,3,Alec Wang,4857,13,6,3,3,,400,10,5,3,2,,,-2000,,,-2000
1620,7662,39,94,01/19/2023,1,Erin Portman,4856,21,11,12,0,1400,6800,19,8,7,1,,,13600,1,13599,27199
1620,7662,39,94,01/19/2023,2,Troy Meyer,4859,26,15,13,2,,6600,25,12,13,0,7000,,27600,0,0,27600
1620,7662,39,94,01/19/2023,3,Hillary Kotler,4860,18,5,3,2,,-800,17,7,8,0,,4800,11200,0,10000,1200
1621,7664,39,95,01/20/2023,1,Troy Meyer,4859,23,12,12,0,,7400,27,18,19,1,5000,1000,33400,1,1600,35000
1621,7664,39,95,01/20/2023,2,Eric Kerr-Heraly,4862,23,6,5,1,,2000,21,7,7,0,,,7600,0,2000,5600
1621,7664,39,95,01/20/2023,3,Mark Fabros,4863,21,11,11,1,4600,10000,17,5,3,2,,,10400,1,4801,15201
1623,7668,39,96,01/23/2023,1,Troy Meyer,4859,28,16,17,0,3200,13600,24,18,17,1,,,32000,1,3000,35000
1623,7668,39,96,01/23/2023,2,Duncan Bowling,4868,27,9,8,1,,5200,22,7,8,1,5000,-5000,13600,1,2500,16100
1623,7668,39,96,01/23/2023,3,Anne Faircloth,4869,16,8,5,3,,-400,13,2,1,1,,,0,,,0
1624,7670,39,97,01/24/2023,1,Troy Meyer,4859,24,17,17,1,2400,10400,27,18,17,2,6000,,32800,1,7200,40000
1624,7670,39,97,01/24/2023,2,Joe Incollingo,4871,22,8,7,1,,3800,21,5,4,1,,,7400,1,5000,12400
1624,7670,39,97,01/24/2023,3,Linda Napikoski,4872,17,4,4,0,,2600,21,5,6,0,,4100,10300,1,4501,14801
1626,7672,39,98,01/25/2023,1,Troy Meyer,4859,25,18,17,2,3400,11600,21,8,7,1,,,18400,1,14401,32801
1626,7672,39,98,01/25/2023,2,Kristina Zimmerman,4877,15,7,6,1,,3000,17,7,7,1,,-3000,9200,1,0,9200
1626,7672,39,98,01/25/2023,3,David Maes,4878,17,4,4,0,,2000,23,12,11,2,4800,,16400,1,2001,18401
1628,7675,39,99,01/26/2023,1,Troy Meyer,4859,20,13,13,1,1000,9200,23,13,13,0,,,24400,1,20001,44401
1628,7675,39,99,01/26/2023,2,Emma Moore,4883,18,7,3,4,,-1600,26,5,5,1,-2000,,2800,0,2799,1
1628,7675,39,99,01/26/2023,3,John Guszkowski,4884,23,12,10,2,,3000,24,10,11,0,,8000,22200,1,11100,33300
1629,7678,39,100,01/27/2023,1,Troy Meyer,4859,22,9,8,1,,4800,23,12,11,1,,,15600,0,15600,0
1629,7678,39,100,01/27/2023,2,Jake DeArruda,4886,16,11,10,1,,5800,23,12,12,1,,10000,27800,0,5003,22797
1629,7678,39,100,01/27/2023,3,Dee Williams,4887,15,8,7,2,-1000,1000,15,7,6,2,2000,,6600,0,0,6600
1631,7682,39,101,01/30/2023,1,Jake DeArruda,4886,24,16,13,4,1000,6200,18,15,15,1,5000,,26000,0,803,25197
1631,7682,39,101,01/30/2023,2,Sam Meehan,4892,22,13,9,4,,2200,18,10,8,2,,,13400,0,13400,0
1631,7682,39,101,01/30/2023,3,Sarah Howard,4893,6,2,2,0,,800,9,4,3,2,,-800,2000,0,1999,1
1632,7684,39,102,01/31/2023,1,Jake DeArruda,4886,20,11,10,2,3000,6000,19,11,11,1,4600,,21000,0,333,20667
1632,7684,39,102,01/31/2023,2,Soren Bliefnick,4895,20,10,9,1,,5200,18,8,6,2,,,8800,0,200,8600
1632,7684,39,102,01/31/2023,3,Liz Mendoza,4896,21,9,7,2,,2400,12,9,7,3,,-3000,200,0,200,0
1633,7687,39,103,02/01/2023,1,Jake DeArruda,4886,23,15,13,3,2200,7800,22,13,13,1,5000,,24800,0,7601,17199
1633,7687,39,103,02/01/2023,2,Patti Palmer,4898,22,9,7,2,,3800,20,6,7,0,,6000,16200,1,16000,32200
1633,7687,39,103,02/01/2023,3,Aaron Bola,4899,20,8,6,2,,1000,19,10,8,2,,,7400,0,6400,1000
1634,7689,39,104,02/02/2023,1,Patti Palmer,4898,20,7,6,1,,2200,15,4,4,1,2000,,9400,1,9000,18400
1634,7689,39,104,02/02/2023,2,Anita Perala,4901,13,6,7,0,1000,4000,14,6,6,0,,,10800,1,8001,18801
1634,7689,39,104,02/02/2023,3,Matthew Marcus,4902,24,15,13,2,,6600,23,17,18,0,,8000,32200,1,10000,42200
1636,7692,39,105,02/03/2023,1,Matthew Marcus,4902,22,11,12,0,2000,8600,23,13,14,0,,3000,28800,0,5000,23800
1636,7692,39,105,02/03/2023,2,Andrew Bembenek,4907,21,10,8,2,,4600,18,8,7,1,,,11800,1,11798,23598
1636,7692,39,105,02/03/2023,3,Ricky A. Rivera II,4908,23,11,8,3,,3400,19,9,8,2,3400,,11200,1,11200,22400
1637,7697,39,106,02/06/2023,1,Matthew Marcus,4902,22,12,11,2,-2000,3800,20,13,10,3,,,13400,1,8000,21400
1637,7697,39,106,02/06/2023,2,Tanya Parrott,4910,13,8,8,0,,4200,10,6,7,1,-1000,1000,10600,1,1,10601
1637,7697,39,106,02/06/2023,3,Jesse Lampert,4911,13,7,7,0,,3400,7,5,4,1,,,4600,1,4599,9199
1638,7699,39,107,02/07/2023,1,Matthew Marcus,4902,21,9,9,0,,5400,19,10,9,1,,,19800,1,7000,26800
1638,7699,39,107,02/07/2023,2,Carolyn Shivers,4913,25,10,11,0,800,7200,17,10,8,2,,,10800,1,9001,19801
1638,7699,39,107,02/07/2023,3,Greg Snyder,4914,18,10,10,0,,5200,17,11,10,3,5000,-4000,13000,0,13000,0
1639,7701,39,108,02/08/2023,1,Matthew Marcus,4902,21,13,12,2,-1000,5000,19,11,11,1,,-6000,13000,1,2500,15500
1639,7701,39,108,02/08/2023,2,Becky Molder,4916,16,8,6,2,,1600,8,3,3,0,,,5200,0,5100,100
1639,7701,39,108,02/08/2023,3,Dan Wohl,4917,19,9,9,0,,6000,13,9,10,0,10000,,26400,1,399,26799
1640,7703,39,109,02/09/2023,1,Dan Wohl,4917,21,12,11,2,-1000,5200,17,8,9,0,,500,12100,0,9101,2999
1640,7703,39,109,02/09/2023,2,Scott Perry,4919,19,7,5,2,,1200,20,10,7,3,,,5600,0,5598,2
1640,7703,39,109,02/09/2023,3,Mira Hayward,4920,17,13,11,2,,5400,21,12,9,4,-2000,,10600,1,4000,14600
1641,7705,39,110,02/10/2023,1,Mira Hayward,4920,19,14,13,2,1600,9200,17,9,7,2,,,12400,1,10000,22400
1641,7705,39,110,02/10/2023,2,Myles Karp,4922,25,12,9,3,,2600,20,9,10,0,3800,,17600,0,10000,7600
1641,7705,39,110,02/10/2023,3,Libby Hsu,4923,15,4,4,0,,2200,15,9,9,1,,5800,13600,0,4001,9599
1642,7710,39,111,02/13/2023,1,Mira Hayward,4920,22,12,10,2,,5600,12,9,8,1,,,14800,0,4000,10800
1642,7710,39,111,02/13/2023,2,Kendra Westerhaus,4925,20,8,8,0,,5800,13,8,9,1,2000,3000,18000,1,11601,29601
1642,7710,39,111,02/13/2023,3,Jeff Paine,4926,22,13,12,2,1000,5000,12,8,7,1,,,13000,1,13000,26000
1643,7712,39,112,02/14/2023,1,Kendra Westerhaus,4925,18,10,11,0,1200,7000,18,13,12,3,-3000,2000,17600,1,0,17600
1643,7712,39,112,02/14/2023,2,Laurin Bell,4928,18,10,10,0,,5400,14,5,3,2,,,5000,0,5000,0
1643,7712,39,112,02/14/2023,3,Blaine Smith,4929,12,6,5,1,,2400,21,10,7,3,,,8800,0,8700,100
1644,7714,39,113,02/15/2023,1,Kendra Westerhaus,4925,18,6,5,1,,2800,13,5,5,0,,,10800,1,2401,13201
1644,7714,39,113,02/15/2023,2,Stephen Webb,4931,21,10,9,2,2000,5600,19,13,13,1,,7000,25800,1,12601,38401
1644,7714,39,113,02/15/2023,3,Jason Carpenter,4932,18,15,13,2,,6400,20,9,9,1,4000,,19200,0,19199,1
1645,7716,39,114,02/16/2023,1,Stephen Webb,4931,22,12,13,0,1800,10200,16,9,9,0,,,21800,1,500,22300
1645,7716,39,114,02/16/2023,2,Ali Miller,4934,17,7,6,1,,1800,8,4,3,1,,,2200,0,0,2200
1645,7716,39,114,02/16/2023,3,Brad Weinstock,4935,18,10,8,2,,4400,21,11,9,4,5000,-4000,10600,0,511,10089
1646,7718,39,115,02/17/2023,1,Stephen Webb,4931,20,14,11,3,,4000,19,9,10,0,6400,,23200,0,3270,19930
1646,7718,39,115,02/17/2023,2,Laura Donegan,4937,16,8,6,2,,2000,16,7,5,2,,,4800,0,4799,1
1646,7718,39,115,02/17/2023,3,Will Travis,4938,20,9,8,2,1000,3000,23,14,12,3,,-6000,7400,1,2201,9601
1647,7722,39,116,02/20/2023,1,Audrey Sarin,2652,17,4,4,0,,3000,12,9,7,2,,,3400,0,3400,0
1647,7722,39,116,02/20/2023,2,Maya Wright,1782,17,15,14,2,1800,7200,16,10,10,1,2400,,19600,1,1200,20800
1647,7722,39,116,02/20/2023,3,Rohit Kataria,2648,12,7,6,1,,3000,11,6,6,1,,-3000,7600,0,425,7175
1648,7724,39,117,02/21/2023,1,Avi Gupta,2653,24,13,9,4,,1000,18,9,9,1,7400,,16800,1,4500,21300
1648,7724,39,117,02/21/2023,2,Jack Izzo,1790,27,11,11,1,4600,11200,18,6,6,0,,,19200,0,14401,4799
1648,7724,39,117,02/21/2023,3,Alison Purcell,2645,19,10,9,1,,4800,19,13,12,2,,-5000,10600,0,10599,1
1649,7726,39,118,02/22/2023,1,Stephanie Pierson,2642,15,10,8,2,,2800,12,8,7,2,,5200,14400,1,8401,22801
1649,7726,39,118,02/22/2023,2,Autumn Shelton,1794,22,10,9,1,,4200,13,5,3,2,,,4200,0,200,4000
1649,7726,39,118,02/22/2023,3,Sreekar Madabushi,2651,26,13,13,1,3000,11600,15,11,10,2,7000,,25800,0,3001,22799
1650,7728,39,119,02/23/2023,1,Justin Bolsen,2647,23,13,11,2,,2600,16,10,11,0,,8600,22400,1,823,23223
1650,7728,39,119,02/23/2023,2,Shriya Yarlagadda,2655,20,10,9,1,,5600,16,8,7,1,,,11600,1,10001,21601
1650,7728,39,119,02/23/2023,3,Teagan O'Sullivan,2641,27,8,7,2,-2000,1000,17,5,6,0,2000,,8600,1,3002,11602
1651,7730,39,120,02/24/2023,1,Jackson Jones,2650,27,15,15,1,2600,8800,23,13,10,5,3800,-3600,16200,1,5801,22001
1651,7730,39,120,02/24/2023,2,Ryan Presler,2643,20,9,8,1,,5400,14,6,6,0,,,11000,1,9801,20801
1651,7730,39,120,02/24/2023,3,Isabella Pagano,1784,24,8,7,1,,4400,22,11,8,3,,,10400,0,0,10400
1652,7736,39,121,02/27/2023,1,Rohan Kapileshwari,1793,22,9,10,0,4000,9200,18,12,9,4,,5,9205,1,0,9205
1652,7736,39,121,02/27/2023,2,Claire Sattler,1788,20,9,9,0,,4600,14,11,8,3,,,11400,1,7011,18411
1652,7736,39,121,02/27/2023,3,Rhea Sinha,1791,21,9,8,1,,3800,13,7,5,3,-3000,,5600,0,3606,1994
1653,7738,39,122,02/28/2023,1,Lucas Miner,2644,21,11,11,1,1000,4800,17,11,10,2,,5000,16600,1,8601,25201
1653,7738,39,122,02/28/2023,2,Anish Maddipoti,1781,17,10,9,1,,4000,5,3,3,0,,,7200,0,801,6399
1653,7738,39,122,02/28/2023,3,Audrey Satchivi,1787,23,10,7,3,,3000,16,11,10,2,2000,,12600,1,2801,15401
1654,7740,39,123,03/01/2023,1,Tim Cho,1789,21,17,17,1,3000,10600,19,13,12,2,-3000,,20000,1,0,20000
1654,7740,39,123,03/01/2023,2,Dan Oxman,1786,15,5,5,0,,2400,16,7,5,3,,-3500,1700,0,38,1662
1654,7740,39,123,03/01/2023,3,Eesha Sohail,2646,18,4,4,0,,3000,16,7,7,0,,,9400,1,1117,10517
1655,7742,39,124,03/02/2023,1,Hannah Nekritz,2654,13,7,5,2,,1400,16,12,10,2,,,9000,0,9000,0
1655,7742,39,124,03/02/2023,2,Caleb Richmond,1785,22,17,16,2,5018,12418,18,11,12,1,10018,-10018,23618,1,5617,29235
1655,7742,39,124,03/02/2023,3,Maggie Brown,1792,12,2,1,1,,-400,13,2,1,1,,,-1600,,,-1600
1656,7744,39,125,03/03/2023,1,Lucas Miner,2644,15,5,3,2,,800,20,6,6,1,-4000,,3600,1,1202,4802
1656,7744,39,125,03/03/2023,2,Jackson Jones,2650,24,16,15,2,1000,6800,27,15,14,2,,200,21000,0,1220,19780
1656,7744,39,125,03/03/2023,3,Avi Gupta,2653,20,10,7,3,,200,22,9,9,0,,,8600,0,1948,6652
1657,7748,39,126,03/06/2023,1,Justin Bolsen,2647,19,12,12,1,1400,6200,21,12,11,2,,-5000,8400,0,2001,6399
1657,7748,39,126,03/06/2023,2,Stephanie Pierson,2642,16,8,8,0,,4000,18,5,3,2,,,5200,0,3500,1700
1657,7748,39,126,03/06/2023,3,Claire Sattler,1788,17,6,5,1,,2600,20,9,8,2,-2000,,8600,0,8201,399
1658,7750,39,127,03/07/2023,1,Caleb Richmond,1785,22,8,7,2,1600,3200,20,12,11,2,-4018,,9582,0,8019,1563
1658,7750,39,127,03/07/2023,2,Maya Wright,1782,17,7,7,0,,3400,16,7,6,1,,,7800,1,7800,15600
1658,7750,39,127,03/07/2023,3,Tim Cho,1789,21,14,14,0,,8200,18,11,8,4,,-3000,8800,0,6801,1999
1659,7752,39,128,03/08/2023,1,Jackson Jones,2650,26,10,9,1,,4800,19,12,10,2,,,14000,1,10000,24000
1659,7752,39,128,03/08/2023,2,Maya Wright,1782,21,7,6,1,,2000,13,7,6,2,2000,,4400,0,1030,3370
1659,7752,39,128,03/08/2023,3,Justin Bolsen,2647,20,12,13,0,1800,9000,11,7,7,1,,3001,18401,0,4831,13570
1660,7754,39,129,03/09/2023,1,Jackson Jones,2650,26,13,11,3,-1600,3600,20,12,9,4,,-3200,5600,1,5598,11198
1660,7754,39,129,03/09/2023,2,Maya Wright,1782,17,7,6,1,,2400,10,6,7,0,3000,,14200,1,7040,21240
1660,7754,39,129,03/09/2023,3,Justin Bolsen,2647,22,13,10,3,,3000,20,8,8,0,,,11000,1,10991,21991
1661,7756,39,130,03/10/2023,1,Stephen Webb,4931,25,20,17,3,,8200,21,14,12,3,,3000,20400,0,150,20250
1661,7756,39,130,03/10/2023,2,Jannette Peterson,4982,23,8,7,2,1000,2000,18,8,8,1,2000,,9600,0,8000,1600
1661,7756,39,130,03/10/2023,3,Nick Lauber,4983,22,8,5,3,,1000,15,5,5,0,,,5400,0,4201,1199
1662,7760,39,131,03/13/2023,1,Stephen Webb,4931,21,15,15,0,,8000,22,8,8,0,,,19200,1,19200,38400
1662,7760,39,131,03/13/2023,2,Roy Camara,4985,18,7,6,1,,3800,18,14,14,2,4200,11200,28000,0,10401,17599
1662,7760,39,131,03/13/2023,3,Karen Rittenbach,4986,17,6,5,2,500,700,8,1,1,0,,,1500,0,400,1100
1663,7762,39,132,03/14/2023,1,Stephen Webb,4931,25,14,14,0,,9600,21,13,11,2,,,18000,0,2000,16000
1663,7762,39,132,03/14/2023,2,Long Nguyen,4988,22,9,10,0,1600,6000,19,8,7,2,,-12400,400,1,400,800
1663,7762,39,132,03/14/2023,3,Jessica Ashooh,4989,23,6,6,0,,3400,18,5,5,1,-3400,,6000,1,5000,11000
1664,7764,39,133,03/15/2023,1,Stephen Webb,4931,20,14,11,3,,4600,19,13,13,0,,,20200,0,199,20001
1664,7764,39,133,03/15/2023,2,Gwen Lockman,4991,15,6,6,1,-1500,2500,16,5,5,1,3500,,8000,0,7000,1000
1664,7764,39,133,03/15/2023,3,Govind Dandekar,4992,15,5,5,0,,2000,20,6,6,1,,2000,8000,0,1000,7000
1665,7766,39,134,03/16/2023,1,Stephen Webb,4931,22,15,14,1,,8000,21,15,13,2,,,22400,0,12801,9599
1665,7766,39,134,03/16/2023,2,Andrew Brady,4994,9,1,0,1,,-400,8,5,3,2,,,-2000,,,-2000
1665,7766,39,134,03/16/2023,3,Sarah Mathews,4995,27,14,14,1,3000,9000,19,9,8,3,5000,4000,17600,0,15000,2600
1666,7768,39,135,03/17/2023,1,Stephen Webb,4931,23,16,11,5,,3000,14,9,8,1,,,12600,0,10601,1999
1666,7768,39,135,03/17/2023,2,Mark Bernstein,4997,18,6,6,1,-2400,800,16,8,8,2,2000,-4000,4000,0,2000,2000
1666,7768,39,135,03/17/2023,3,Kelly Barry,4998,14,8,8,0,,5200,15,10,8,2,,,11600,1,3000,14600
1667,7772,39,136,03/20/2023,1,Kelly Barry,4998,20,7,7,1,1200,3000,16,6,5,1,,,8200,1,8000,16200
1667,7772,39,136,03/20/2023,2,Melissa Klapper,5000,23,12,10,2,,5200,21,10,12,0,5000,3000,24400,1,401,24801
1667,7772,39,136,03/20/2023,3,Jake Garrett,5001,26,13,12,1,,6800,16,11,9,2,,,12400,1,12400,24800
1668,7774,39,137,03/21/2023,1,Melissa Klapper,5000,21,6,6,0,,3600,18,13,14,0,,4000,22800,0,5201,17599
1668,7774,39,137,03/21/2023,2,Brandon Anderson,5003,22,13,10,3,,4200,13,4,4,0,,,9000,0,9000,0
1668,7774,39,137,03/21/2023,3,Charlotte Diffendale,5004,25,10,10,1,1000,4600,17,6,6,1,5800,,14000,0,8801,5199
1669,7776,39,138,03/22/2023,1,Melissa Klapper,5000,19,7,7,1,-1500,3500,19,9,7,2,,,8700,1,8000,16700
1669,7776,39,138,03/22/2023,2,Karen Morris,5006,17,10,10,0,,6200,19,13,11,4,6000,-10000,11400,0,6001,5399
1669,7776,39,138,03/22/2023,3,Zach Wissner-Gross,5007,18,11,9,2,,2000,15,6,6,0,,,7200,1,0,7200
1670,7777,39,139,03/23/2023,1,Melissa Klapper,5000,18,8,7,2,1000,3200,23,11,10,3,-4000,-4000,6800,0,5000,1800
1670,7777,39,139,03/23/2023,2,Alec Chao,5009,23,16,14,2,,7200,19,16,12,4,,,15200,1,305,15505
1670,7777,39,139,03/23/2023,3,Daisy Donohue,5010,23,7,6,1,,3400,12,1,1,0,,,4600,0,2500,2100
1671,7779,39,140,03/24/2023,1,Alec Chao,5009,20,14,13,1,,7000,11,8,6,2,,,7800,0,4801,2999
1671,7779,39,140,03/24/2023,2,Tamara  Ghattas,5012,24,8,4,4,,800,16,10,10,2,2400,3000,13800,1,1801,15601
1671,7779,39,140,03/24/2023,3,Michael Murphy,5013,21,10,10,1,4000,8800,10,3,1,2,,,7200,0,6601,599
1672,7786,39,141,03/27/2023,1,Tamara  Ghattas,5012,23,8,6,2,,2400,21,8,8,1,-5000,,7800,0,6201,1599
1672,7786,39,141,03/27/2023,2,Nicole Rudolph,5015,18,11,9,2,,5800,20,9,9,1,,3000,16800,0,0,16800
1672,7786,39,141,03/27/2023,3,Kevin Manning,5016,20,11,10,2,-1000,3000,18,11,9,2,,,7000,1,801,7801
1673,7788,39,142,03/28/2023,1,Nicole Rudolph,5015,22,10,10,0,,5800,15,10,9,2,-3000,,9600,0,1201,8399
1673,7788,39,142,03/28/2023,2,Mara Lasko,5018,16,10,8,2,,3400,6,4,3,1,,,4200,1,4000,8200
1673,7788,39,142,03/28/2023,3,Lisa Sriken,5019,19,11,9,3,-1000,2800,18,10,7,4,,1800,5400,1,4201,9601
1674,7791,39,143,03/29/2023,1,Lisa Sriken,5019,24,15,13,3,1000,5400,17,15,13,3,,6000,21400,0,4201,17199
1674,7791,39,143,03/29/2023,2,Jordan Davis,5021,16,8,8,0,,4000,12,5,3,2,,,5200,0,5000,200
1674,7791,39,143,03/29/2023,3,Iris Masucci,5022,20,8,8,0,,6200,19,9,9,1,3000,,17200,0,8200,9000
1675,7793,39,144,03/30/2023,1,Lisa Sriken,5019,24,14,11,4,-3800,200,18,11,5,6,,,-1000,,,-1000
1675,7793,39,144,03/30/2023,2,Jacob Lang,5024,19,10,9,1,,4000,14,5,4,1,,,7600,0,7000,600
1675,7793,39,144,03/30/2023,3,Sharon Stone,5025,20,8,8,0,,4800,19,12,12,2,2000,4000,18000,0,1000,17000
1676,7796,39,145,03/31/2023,1,Sharon Stone,5025,23,8,8,1,1000,6200,17,8,9,0,,2500,15500,1,1100,16600
1676,7796,39,145,03/31/2023,2,Brittany Shaw,5027,26,11,6,5,,-400,18,9,7,3,2000,,6800,0,6001,799
1676,7796,39,145,03/31/2023,3,Jen Petro-Roy,5028,18,13,12,1,,5200,13,8,5,3,,,6400,0,500,5900
1677,7809,39,146,04/03/2023,1,Sharon Stone,5025,20,7,6,1,,3400,13,5,5,1,-2500,,8900,0,5600,3300
1677,7809,39,146,04/03/2023,2,Crystal Zhao,5030,19,9,9,1,-2000,2600,17,14,12,2,,,11000,0,6801,4199
1677,7809,39,146,04/03/2023,3,Dan Bayer,5031,23,14,12,2,,5400,16,8,6,3,,-3000,7200,0,5400,1800
1678,7816,39,147,04/04/2023,1,Crystal Zhao,5030,18,9,8,1,,4000,14,7,6,2,4400,,11600,0,7201,4399
1678,7816,39,147,04/04/2023,2,Brian Henegar,5033,26,12,10,3,1000,4400,24,18,16,3,,-3800,13800,1,9401,23201
1678,7816,39,147,04/04/2023,3,Amanda Bain Wysocki,5034,16,8,7,1,,3000,18,3,2,1,,,5400,0,4000,1400
1679,7821,39,148,04/05/2023,1,Brian Henegar,5033,25,17,16,2,1600,7800,20,14,14,0,,,23000,0,2999,20001
1679,7821,39,148,04/05/2023,2,Brandon Broughton,5036,16,9,9,0,,4800,9,5,5,0,,,10000,0,9201,799
1679,7821,39,148,04/05/2023,3,Teresa Browning,5037,12,3,1,2,,-600,14,6,5,3,-2000,-3000,400,0,400,0
1680,7827,39,149,04/06/2023,1,Brian Henegar,5033,23,17,14,3,,7000,22,19,19,2,3000,2400,30000,0,5000,25000
1680,7827,39,149,04/06/2023,2,Eliza Haas Marr,5039,21,10,5,5,,200,18,4,3,1,,,2200,0,2000,200
1680,7827,39,149,04/06/2023,3,Cameron Creel,5040,22,9,7,3,1200,2800,14,4,4,0,,,10000,0,0,10000
1681,7829,39,150,04/07/2023,1,Brian Henegar,5033,24,18,17,2,-1000,8000,17,8,7,2,,4000,15200,0,8800,6400
1681,7829,39,150,04/07/2023,2,Brandie Ashe,5042,20,5,5,0,,2800,19,9,8,1,,,10000,0,4000,6000
1681,7829,39,150,04/07/2023,3,Rachel Clark,5043,14,4,3,1,,1000,16,8,9,0,3000,,12000,0,5500,6500
1682,7833,39,151,04/10/2023,1,Rachel Clark,5043,18,8,8,1,1400,6200,9,4,4,0,,,10200,1,1201,11401
1682,7833,39,151,04/10/2023,2,Robbi Ramirez,5045,18,11,9,2,,4400,15,11,12,0,4000,,22400,1,1400,23800
1682,7833,39,151,04/10/2023,3,P.J. Brennan,5046,15,9,9,0,,4200,14,7,8,0,,2000,11400,1,10600,22000
1683,7836,39,152,04/11/2023,1,Robbi Ramirez,5045,17,10,11,0,1200,7400,12,6,4,2,,,7400,0,7300,100
1683,7836,39,152,04/11/2023,2,Mark Sutch,5048,16,7,6,1,,3200,20,13,11,2,,,13600,0,13600,0
1683,7836,39,152,04/11/2023,3,Kat Jepson,5049,20,11,9,2,,4600,15,11,13,0,3000,5000,23800,0,3401,20399
1684,7838,39,153,04/12/2023,1,Kat Jepson,5049,14,5,4,1,,1000,15,8,6,2,,,5400,1,5400,10800
1684,7838,39,153,04/12/2023,2,Laura Caton,5051,12,3,2,1,,400,12,7,7,0,,,8000,0,2801,5199
1684,7838,39,153,04/12/2023,3,Ben Chan,5052,24,21,19,3,-7000,2400,15,9,11,0,2800,1000,17000,0,999,16001
1685,7840,39,154,04/13/2023,1,Ben Chan,5052,24,11,11,1,3400,10200,17,9,11,0,1600,3000,27200,1,2800,30000
1685,7840,39,154,04/13/2023,2,Peter Early,5054,19,11,11,0,,6000,9,6,5,1,,,6400,0,1916,4484
1685,7840,39,154,04/13/2023,3,Liz Jensen,5055,17,8,6,2,,800,18,9,7,2,,,6000,1,5000,11000
1686,7842,39,155,04/14/2023,1,Ben Chan,5052,25,15,14,1,,8600,17,10,10,1,,5000,20800,1,2200,23000
1686,7842,39,155,04/14/2023,2,Kari Elsila,5057,11,5,4,2,-1200,400,8,6,6,0,,,7200,0,5000,2200
1686,7842,39,155,04/14/2023,3,Greg Czaja,5058,18,9,7,2,,2800,16,9,8,2,-3200,,8000,1,4401,12401
1687,7846,39,156,04/17/2023,1,Toni Van Kampen,5059,18,11,10,2,1200,5200,13,10,7,3,,,8000,0,1000,7000
1687,7846,39,156,04/17/2023,2,Daniel Ciarrocchi,5060,18,8,7,1,,3200,10,9,8,2,,-2000,8800,1,7201,16001
1687,7846,39,156,04/17/2023,3,Madeleine McKenna,5061,20,11,10,1,,4600,11,7,5,3,-2000,,3800,0,3799,1
1688,7848,39,157,04/18/2023,1,Daniel Ciarrocchi,5060,21,12,12,0,,7600,9,4,4,1,-2500,,8300,1,8202,16502
1688,7848,39,157,04/18/2023,2,Deb Bilodeau,5063,23,11,10,2,1000,3200,21,15,14,2,,2500,16500,1,101,16601
1688,7848,39,157,04/18/2023,3,Jeremy Felton,5064,18,9,7,2,,3600,10,5,4,1,,,8000,1,8000,16000
1689,7850,39,158,04/19/2023,1,Deb Bilodeau,5063,25,16,14,3,600,7600,16,11,10,1,,,18800,0,18800,0
1689,7850,39,158,04/19/2023,2,Devin Lohman,5066,8,4,3,1,,1800,9,8,9,1,5800,7000,20600,0,19400,1200
1689,7850,39,158,04/19/2023,3,Ben Spilsbury,5067,15,9,8,1,,1600,14,6,5,1,,,4400,0,4399,1
1690,7852,39,159,04/20/2023,1,Devin Lohman,5066,15,6,5,2,-2400,-1000,12,7,8,1,2000,3200,10200,0,8300,1900
1690,7852,39,159,04/20/2023,2,Sam Claussen,5069,20,11,11,0,,6400,21,12,12,0,,,18400,0,12401,5999
1690,7852,39,159,04/20/2023,3,Emma Hill Kepron,5070,20,10,10,0,,6600,18,7,7,0,,,15400,0,4000,11400
1691,7854,39,160,04/21/2023,1,Emma Hill Kepron,5070,15,6,4,2,,600,18,10,10,1,1500,,12100,1,2500,14600
1691,7854,39,160,04/21/2023,2,Anjali Salvador,5072,14,9,8,2,1800,4600,14,7,6,1,,,9400,1,2500,11900
1691,7854,39,160,04/21/2023,3,Igor Petrovich,5073,17,10,9,1,,4800,12,11,9,3,,2000,12000,0,11000,1000
1692,7859,39,161,04/24/2023,1,Emma Hill Kepron,5070,14,5,4,1,,1800,18,12,12,2,2000,2500,14700,0,7000,7700
1692,7859,39,161,04/24/2023,2,Année Tousseau,5075,16,5,4,1,,1200,10,3,2,1,,,3200,0,3199,1
1692,7859,39,161,04/24/2023,3,Dillon Hupp,5076,17,16,15,2,1200,7400,16,11,9,2,,,14200,1,7799,21999
1693,7862,39,162,04/25/2023,1,Dillon Hupp,5076,23,14,14,0,,7000,12,8,7,2,1600,,10600,0,10600,0
1693,7862,39,162,04/25/2023,2,Ian Marquand,5078,19,2,3,0,1000,2400,18,11,9,2,,,11600,0,11000,600
1693,7862,39,162,04/25/2023,3,Johanna Stoberock,5079,20,13,11,2,,5000,12,6,7,0,,3000,15600,0,8601,6999
1694,7864,39,163,04/26/2023,1,Johanna Stoberock,5079,11,8,8,0,,4000,15,6,6,0,,,12000,0,10001,1999
1694,7864,39,163,04/26/2023,2,Liz Everhart,5081,21,10,8,2,,3600,14,4,5,0,,3000,11000,0,10000,1000
1694,7864,39,163,04/26/2023,3,Jesse Matheny,5082,14,9,9,1,-1200,4200,15,10,10,1,-3000,,10800,0,8200,2600
1695,7866,39,164,04/27/2023,1,Jesse Matheny,5082,18,14,12,3,1000,4400,13,12,8,6,-3000,-2000,3000,0,3000,0
1695,7866,39,164,04/27/2023,2,Rebecca Bailey,5084,16,8,8,0,,4600,13,5,5,0,,,9800,0,3801,5999
1695,7866,39,164,04/27/2023,3,Eric Anderson,5085,15,7,5,2,,0,12,7,6,1,,,6800,1,800,7600
1696,7870,39,165,04/28/2023,1,Eric Anderson,5085,13,5,5,1,1000,2800,13,2,1,1,,,1200,0,1199,1
1696,7870,39,165,04/28/2023,2,Katherine Cohen,5087,14,5,5,0,,2400,22,16,12,5,,4000,8400,0,6000,2400
1696,7870,39,165,04/28/2023,3,Kevin Belle,5088,15,12,12,0,,6800,12,7,7,1,-1000,,14200,0,2601,11599
1697,7880,39,166,05/01/2023,1,Kevin Belle,5088,16,8,9,0,2400,6200,14,10,10,1,1400,,14000,0,1201,12799
1697,7880,39,166,05/01/2023,2,Maryhelen Shuman-Groh,5090,18,8,6,2,,1800,15,9,8,2,,3600,9800,0,6000,3800
1697,7880,39,166,05/01/2023,3,Cyrus Zhou,5091,20,12,11,1,,6400,10,4,2,2,,,7600,0,7600,0
1698,7885,39,167,05/02/2023,1,Kevin Belle,5088,14,7,7,0,,3600,17,13,13,1,,-2000,14400,1,4000,18400
1698,7885,39,167,05/02/2023,2,Paul Guelpa,5093,25,14,12,3,-2000,4600,13,6,6,0,,,10200,0,4202,5998
1698,7885,39,167,05/02/2023,3,Amanda Hendrickson,5094,18,10,6,4,,-1200,20,6,5,2,2000,,2400,1,15,2415
1699,7894,39,168,05/03/2023,1,Kevin Belle,5088,18,9,9,0,,4000,11,7,6,1,,,6000,0,5000,1000
1699,7894,39,168,05/03/2023,2,Dan Czekalski,5096,16,5,4,1,,1200,15,7,7,1,3500,,12300,1,12000,24300
1699,7894,39,168,05/03/2023,3,Hannah Wilson,5097,18,13,14,0,2000,10200,16,9,10,0,,3000,22800,1,3000,25800
1700,7901,39,169,05/04/2023,1,Hannah Wilson,5097,22,16,17,0,3000,13000,22,17,16,3,5000,6000,35200,1,10000,45200
1700,7901,39,169,05/04/2023,2,Warren Grace,5099,20,9,8,1,,3000,8,3,2,1,,,4600,0,4500,100
1700,7901,39,169,05/04/2023,3,Marie Claude  Dussault,5100,11,3,2,1,,800,11,3,3,0,,,5600,1,2601,8201
1701,7903,39,170,05/05/2023,1,Hannah Wilson,5097,28,11,10,1,,5800,17,11,11,2,3000,-2500,13900,1,5701,19601
1701,7903,39,170,05/05/2023,2,Ashwin Phadnis,5102,23,13,9,5,-1000,2600,17,5,5,0,,,9800,1,9798,19598
1701,7903,39,170,05/05/2023,3,Brian Alzua,5103,19,10,7,3,,2200,14,7,7,0,,,7400,0,7398,2
1702,7909,39,171,05/08/2023,1,Hannah Wilson,5097,22,12,12,0,,7200,22,10,10,1,4000,,21200,1,13000,34200
1702,7909,39,171,05/08/2023,2,Sami Casanova,5105,18,5,6,0,1000,3600,19,4,3,1,,,4000,0,3998,2
1702,7909,39,171,05/08/2023,3,Juveria Zaheer,5106,21,11,8,3,,2800,23,13,12,2,,7000,17000,0,17000,0
1705,7914,39,172,05/09/2023,1,Hannah Wilson,5097,27,17,17,1,4800,13200,18,14,12,2,,,26000,0,3000,23000
1705,7914,39,172,05/09/2023,2,Raquel Matta,5114,19,5,5,0,,3200,19,9,10,1,5600,-4000,14400,1,8000,22400
1705,7914,39,172,05/09/2023,3,Joe Forti,5115,15,7,6,1,,2200,8,5,4,1,,,5800,1,5798,11598
1708,7918,39,173,05/10/2023,1,Hannah Wilson,5097,24,14,14,0,,9400,25,18,15,4,,4000,23000,0,7000,16000
1708,7918,39,173,05/10/2023,2,Brad Davis,5123,21,9,7,3,1000,1800,18,6,6,1,2600,,6400,0,6399,1
1708,7918,39,173,05/10/2023,3,Hope Silberstein,5124,22,9,6,3,,800,15,5,2,3,,,-800,,,-800
1710,7922,39,174,05/11/2023,1,Hannah Wilson,5097,19,13,12,2,3000,8600,20,14,14,0,,,23000,1,3000,26000
1710,7922,39,174,05/11/2023,2,Jon Carnegie,5129,16,5,4,1,,1400,17,5,5,1,1400,,5200,1,623,5823
1710,7922,39,174,05/11/2023,3,Kat Waller,5130,21,11,10,1,,5000,16,4,5,0,,3000,12800,1,12795,25595
1711,7924,39,175,05/12/2023,1,Hannah Wilson,5097,21,19,18,2,-1000,9200,17,13,15,0,2000,3000,29000,1,11000,40000
1711,7924,39,175,05/12/2023,2,Skyler Gailing,5132,14,3,3,0,,2000,11,5,3,2,,,0,,,0
1711,7924,39,175,05/12/2023,3,Victoria Ford,5133,9,4,1,3,,-1200,11,2,2,0,,,800,0,799,1
1715,7930,39,176,05/15/2023,1,Hannah Wilson,5097,17,10,9,1,,4000,16,3,3,0,,,6800,1,6799,13599
1715,7930,39,176,05/15/2023,2,Ben Chan,5052,22,16,15,2,3000,11800,18,17,19,0,7000,3000,41000,1,19000,60000
1715,7930,39,176,05/15/2023,3,Wendy Swanson,5145,11,4,3,1,,1200,10,3,3,0,,,4400,1,4200,8600
1718,7935,39,177,05/16/2023,1,Ben Chan,5052,20,13,13,1,6400,13200,17,11,11,1,,2000,26400,1,1599,27999
1718,7935,39,177,05/16/2023,2,Tom Winiarski,5153,23,11,11,0,,6600,15,6,5,2,-5000,,5200,0,5000,200
1718,7935,39,177,05/16/2023,3,Lydia-Claire Kerrigan,5154,18,7,6,1,,3200,16,8,8,0,,,11200,0,8800,2400
1719,7940,39,178,05/17/2023,1,Ben Chan,5052,26,17,17,1,-1000,8400,21,14,14,2,5000,5,24205,1,795,25000
1719,7940,39,178,05/17/2023,2,Brittani Seagren,5156,22,5,5,0,,3200,9,5,2,3,,,400,1,399,799
1719,7940,39,178,05/17/2023,3,David Lu,5157,25,7,5,2,,2000,17,10,4,6,,,1200,0,200,1000
1721,7947,39,179,05/18/2023,1,Ben Chan,5052,23,16,16,1,-1800,7800,21,16,18,0,4000,800,31000,1,0,31000
1721,7947,39,179,05/18/2023,2,John Groves,5162,15,5,5,0,,1600,16,5,4,1,,,4400,1,201,4601
1721,7947,39,179,05/18/2023,3,Kristen Beck,5163,12,4,3,1,,1000,14,4,4,0,,,4600,0,199,4401
1722,7954,39,180,05/19/2023,1,Ben Chan,5052,21,14,14,1,4000,10400,24,17,15,4,-4000,-6000,12400,1,2400,14800
1722,7954,39,180,05/19/2023,2,Erica Johnson,5165,14,6,6,0,,3600,12,5,3,2,,,4800,1,4800,9600
1722,7954,39,180,05/19/2023,3,Chris Hammer,5166,22,7,5,2,,1400,12,5,4,1,,,3400,1,3299,6699
1724,7970,39,181,05/22/2023,1,Ben Chan,5052,27,16,15,2,2800,8400,16,9,10,0,,2000,20800,1,4000,24800
1724,7970,39,181,05/22/2023,2,Joe Lasser,5171,18,10,7,3,,1400,12,9,7,3,2200,,7600,1,399,7999
1724,7970,39,181,05/22/2023,3,Nancy Duran,5172,17,4,2,2,,-400,14,5,4,1,,,3600,0,3500,100
1725,7977,39,182,05/23/2023,1,Ben Chan,5052,28,17,16,2,-4200,7200,17,11,11,1,,-3000,17400,0,12201,5199
1725,7977,39,182,05/23/2023,2,Danny Leserman,5174,15,8,6,2,,1600,11,4,3,1,,,2400,0,1400,1000
1725,7977,39,182,05/23/2023,3,Lynn Di Vito,5175,19,6,5,1,,1000,15,8,9,0,3000,,14800,0,3000,11800
1726,7981,39,183,05/24/2023,1,Lynn Di Vito,5175,15,11,10,2,-1200,3200,8,6,6,1,-2000,,6400,0,5000,1400
1726,7981,39,183,05/24/2023,2,Ed Petersen,5177,17,8,5,3,,0,12,10,9,2,,-1600,10400,0,2401,7999
1726,7981,39,183,05/24/2023,3,Joyce Sun,5178,18,8,8,0,,5600,12,6,5,1,,,10800,0,10500,300
1729,7983,39,184,05/25/2023,1,Ed Petersen,5177,24,20,14,6,,5600,22,11,10,1,,,12400,1,2401,14801
1729,7983,39,184,05/25/2023,2,Jesse Chin,5186,16,6,6,1,-1000,2800,18,7,7,1,,4000,14800,1,10001,24801
1729,7983,39,184,05/25/2023,3,Megan Braught,5187,14,7,6,1,,3000,20,10,8,3,-2000,,6200,1,1200,7400
1730,7985,39,185,05/26/2023,1,Jesse Chin,5186,21,11,9,2,,5400,13,4,5,1,4000,-4000,8600,0,8600,0
1730,7985,39,185,05/26/2023,2,Diandra D'Alessio,5189,21,11,10,1,,4600,20,7,6,1,,,7800,0,4501,3299
1730,7985,39,185,05/26/2023,3,Alice Ciciora,5190,16,8,6,3,-1500,-300,16,12,10,2,,,8900,0,8301,599
1731,8001,39,186,05/29/2023,1,Diandra D'Alessio,5189,18,4,4,0,,2800,14,7,6,1,,,8800,1,3601,12401
1731,8001,39,186,05/29/2023,2,Travis Lee,5192,22,14,11,4,-1400,2800,17,11,8,4,,6000,12400,0,5201,7199
1731,8001,39,186,05/29/2023,3,Niranjan Murali,5193,17,12,11,1,,4200,14,7,5,3,3800,,8000,1,800,8800
1735,8005,39,187,05/30/2023,1,Diandra D'Alessio,5189,23,5,5,1,400,2000,20,7,6,1,,,7200,0,7199,1
1735,8005,39,187,05/30/2023,2,Ilhana Redzovic,5204,20,14,13,1,,6800,15,10,10,1,,5000,21000,0,600,20400
1735,8005,39,187,05/30/2023,3,Nathan Dennis,5205,14,11,9,2,,2600,19,11,10,2,1356,,10756,0,3745,7011
1736,8009,39,188,05/31/2023,1,Ilhana Redzovic,5204,15,8,7,2,-2200,1800,18,7,7,1,,3000,10400,0,0,10400
1736,8009,39,188,05/31/2023,2,Kyle Marshall,5207,16,10,7,3,,2200,17,11,9,3,2000,,10200,0,9800,400
1736,8009,39,188,05/31/2023,3,Lisa Gargiulo,5208,16,11,7,4,,-600,9,5,5,0,,,4600,0,4599,1
1737,8016,39,189,06/01/2023,1,Ilhana Redzovic,5204,21,13,12,1,,7400,11,3,0,3,,,4600,1,4600,9200
1737,8016,39,189,06/01/2023,2,Jared Watson,5210,20,5,4,2,-1000,-200,18,12,12,2,-3000,2000,11600,1,2400,14000
1737,8016,39,189,06/01/2023,3,Eva Thomas,5211,24,12,12,0,,7000,19,12,10,2,,,16200,0,5599,10601
1738,8018,39,190,06/02/2023,1,Jared Watson,5210,23,17,16,2,-3000,4200,19,15,15,1,,2000,20600,1,4001,24601
1738,8018,39,190,06/02/2023,2,Jong Limb,5213,11,6,4,2,,2400,12,5,2,3,,,2400,0,2000,400
1738,8018,39,190,06/02/2023,3,Sylvia Izzo Hunter,5214,12,4,4,0,,2400,17,9,9,1,1500,,12300,0,8301,3999
1739,8029,39,191,06/05/2023,1,Jared Watson,5210,18,13,12,2,1000,5000,20,11,12,1,3000,2000,19600,0,1999,17601
1739,8029,39,191,06/05/2023,2,Harrison Seidel,5216,15,7,5,2,,2000,16,11,9,2,,,8800,1,3900,12700
1739,8029,39,191,06/05/2023,3,Annabelle Winter,5217,19,10,7,3,,1600,13,6,4,2,,,2400,1,2395,4795
1740,8034,39,192,06/06/2023,1,Jared Watson,5210,19,14,14,1,-4000,3800,18,16,14,3,-3000,,12800,0,2401,10399
1740,8034,39,192,06/06/2023,2,Suresh Krishnan,5219,25,10,8,2,,3000,17,7,6,2,,2600,7600,1,3000,10600
1740,8034,39,192,06/06/2023,3,Deborah Claymon,5220,14,5,3,2,,1400,15,5,2,3,,,600,1,599,1199
1741,8041,39,193,06/07/2023,1,Suresh Krishnan,5219,15,9,9,0,,5800,6,2,2,0,,,7000,1,3499,10499
1741,8041,39,193,06/07/2023,2,Kristine Rembach,5222,13,5,5,1,-1600,800,6,4,5,0,,2500,8500,0,5501,2999
1741,8041,39,193,06/07/2023,3,Collette Lee,5223,14,11,8,3,,3600,10,5,4,2,-2500,,3500,1,3499,6999
1742,8046,39,194,06/08/2023,1,Suresh Krishnan,5219,10,4,4,1,1000,2400,14,10,9,2,,5600,12800,1,4300,17100
1742,8046,39,194,06/08/2023,2,David Ford,5225,14,6,4,2,,1200,13,6,6,1,-1600,,4400,0,4200,200
1742,8046,39,194,06/08/2023,3,Allison Strekal,5226,18,14,13,1,,7000,17,11,9,2,,,17000,0,8601,8399
1743,8053,39,195,06/09/2023,1,Suresh Krishnan,5219,19,13,11,2,,4800,13,12,11,2,,-1000,15800,0,0,15800
1743,8053,39,195,06/09/2023,2,Vickie Cyr,5228,16,6,4,2,,600,12,6,5,1,,,3800,1,3795,7595
1743,8053,39,195,06/09/2023,3,Tim Hagood,5229,19,12,7,6,-1000,1200,13,8,7,2,-2000,,7200,0,506,6694
1744,8082,39,196,06/12/2023,1,Suresh Krishnan,5219,22,11,10,2,-5,5395,16,8,9,0,2000,,14195,1,14000,28195
1744,8082,39,196,06/12/2023,2,Michael Vallely,5231,19,13,11,2,,5600,17,11,12,0,,8400,26400,0,2000,24400
1744,8082,39,196,06/12/2023,3,Marilyn Singer,5232,19,9,5,4,,0,15,5,4,1,,,4400,0,1000,3400
1745,8092,39,197,06/13/2023,1,Suresh Krishnan,5219,14,9,9,0,,5000,18,13,11,2,,,11800,1,2601,14401
1745,8092,39,197,06/13/2023,2,Joe Seibert,5234,13,8,7,2,1600,3200,17,11,9,3,-2000,,7200,0,6000,1200
1745,8092,39,197,06/13/2023,3,Laura Blyler Scanland,5235,12,6,3,3,,200,7,2,2,1,,-2000,600,1,599,1199
1746,8096,39,198,06/14/2023,1,Suresh Krishnan,5219,15,6,5,1,,2000,10,10,7,3,,,5200,0,0,5200
1746,8096,39,198,06/14/2023,2,Holly Hassel,5237,13,9,9,1,1600,5200,5,5,5,0,,,12000,0,1500,10500
1746,8096,39,198,06/14/2023,3,Neilay Amin,5238,10,8,5,3,,800,13,13,13,2,4800,-4000,12400,0,11601,799
1747,8099,39,199,06/15/2023,1,Holly Hassel,5237,14,8,6,2,,3600,15,10,7,3,,,8000,1,8000,16000
1747,8099,39,199,06/15/2023,2,Suzanne Goldlust,5240,13,11,11,1,1000,5600,16,9,10,1,1500,1000,17700,1,1000,18700
1747,8099,39,199,06/15/2023,3,Kiran MacCormick,5241,16,8,7,1,,2800,17,11,8,3,,,5600,0,800,4800
1748,8107,39,200,06/16/2023,1,Suzanne Goldlust,5240,17,9,8,2,-1600,1400,8,4,3,1,,,3000,0,0,3000
1748,8107,39,200,06/16/2023,2,Ben Goldstein,5243,17,12,10,2,,3800,16,12,11,2,-4000,,8600,0,2402,6198
1748,8107,39,200,06/16/2023,3,Erica Rapheal,5244,15,8,5,3,,2000,11,6,7,0,,2600,11000,0,6201,4799
1749,8134,39,201,06/19/2023,1,Ben Goldstein,5243,16,11,11,1,-800,4000,12,9,7,2,,,10000,0,1000,9000
1749,8134,39,201,06/19/2023,2,Mary Kate Gliedt,5246,15,4,3,1,,400,15,9,6,5,-1000,-500,100,0,100,0
1749,8134,39,201,06/19/2023,3,Jonathan Belford,5247,21,12,8,4,,2200,12,7,3,4,,,-600,,,-600
1750,8146,39,202,06/20/2023,1,Ben Goldstein,5243,14,12,11,1,,5600,17,10,6,4,,,6800,0,705,6095
1750,8146,39,202,06/20/2023,2,Tym Blanchard,5249,9,3,1,2,,-1000,17,10,6,5,-2000,,-3800,,,-3800
1750,8146,39,202,06/20/2023,3,Janie Sullivan,5250,19,11,10,2,-1500,3500,17,9,8,2,,-2000,7500,0,7000,500
1751,8161,39,203,06/21/2023,1,Ben Goldstein,5243,17,11,12,0,1000,7400,13,9,9,1,,-1400,15200,1,800,16000
1751,8161,39,203,06/21/2023,2,Nabeela Rahman,5252,20,12,9,3,,3400,19,11,7,4,,,6200,1,6000,12200
1751,8161,39,203,06/21/2023,3,Lee Papa,5253,16,5,4,1,,1600,9,4,4,1,-1000,,4600,0,1401,3199
1752,8167,39,204,06/22/2023,1,Ben Goldstein,5243,17,11,11,0,,8000,13,10,9,1,,,15200,0,3195,12005
1752,8167,39,204,06/22/2023,2,Dan Meuse,5255,23,14,15,0,1000,6800,14,7,6,1,,,12000,0,0,12000
1752,8167,39,204,06/22/2023,3,Andrea Rednick Granados,5256,22,4,4,0,,3200,20,7,6,3,-3000,-2500,4500,1,3001,7501
1753,8169,39,205,06/23/2023,1,Ben Goldstein,5243,19,11,10,1,,5000,16,9,10,0,1600,,16200,0,11500,4700
1753,8169,39,205,06/23/2023,2,Donna Matturri,5258,17,5,5,0,,2600,17,9,9,0,,,11400,1,6000,17400
1753,8169,39,205,06/23/2023,3,Ron Nurwisah,5259,18,10,9,2,-2800,2400,19,6,7,0,,3000,13800,0,13800,0
1759,8181,39,206,06/26/2023,1,Donna Matturri,5258,20,10,8,2,,3800,22,14,13,2,,-1000,18800,1,4000,22800
1759,8181,39,206,06/26/2023,2,Ryan Clary,5276,16,8,7,1,,2800,15,6,7,0,2000,,11600,1,10222,21822
1759,8181,39,206,06/26/2023,3,Caroline Gulick,5277,23,12,12,1,1600,6200,15,5,4,1,,,7400,0,7400,0
1760,8186,39,207,06/27/2023,1,Donna Matturri,5258,21,10,9,2,1000,5200,15,11,7,4,,,8400,0,6000,2400
1760,8186,39,207,06/27/2023,2,Erin Gold,5279,19,12,11,1,,6000,17,8,6,3,,-2000,7600,0,2000,5600
1760,8186,39,207,06/27/2023,3,Chris Ban,5280,14,8,5,3,,-600,16,7,8,0,1800,,8000,1,5000,13000
1761,8196,39,208,06/28/2023,1,Chris Ban,5280,14,4,4,1,-1400,1200,9,5,5,0,,,4800,1,3750,8550
1761,8196,39,208,06/28/2023,2,Vic Goel,5282,14,7,4,3,,600,6,5,5,0,,,4200,1,4000,8200
1761,8196,39,208,06/28/2023,3,Bryan White,5283,21,18,15,3,,6600,14,10,11,1,3000,-2000,18400,1,1730,20130
1762,8202,39,209,06/29/2023,1,Bryan White,5283,13,10,9,1,,4600,15,13,11,2,,,14200,0,2323,11877
1762,8202,39,209,06/29/2023,2,Alicia Korenman,5285,16,6,6,0,,3000,5,2,2,1,-1000,,5200,0,1500,3700
1762,8202,39,209,06/29/2023,3,Tenysa Santiago,5286,23,10,9,2,-1000,4000,16,7,4,4,,-2000,1600,0,400,1200
1763,8206,39,210,06/30/2023,1,Bryan White,5283,20,15,13,3,-3200,2200,12,9,9,1,,1100,9300,0,1600,7700
1763,8206,39,210,06/30/2023,2,Courtney Johnston,5288,11,5,3,2,,1200,8,5,4,1,,,4000,0,3810,190
1763,8206,39,210,06/30/2023,3,Ilena Di Toro,5289,12,4,2,2,,0,16,9,8,2,1000,,5400,1,4100,9500
1765,8222,39,211,07/03/2023,1,Ilena Di Toro,5289,21,8,6,2,,2800,13,5,3,2,,,3200,0,1800,1400
1765,8222,39,211,07/03/2023,2,Elliott Kim,5290,24,17,18,0,5000,15200,15,10,10,2,5000,-1400,27200,0,2800,24400
1765,8222,39,211,07/03/2023,3,Sarah Daily,5295,16,6,4,2,,-400,15,8,6,2,,,4000,0,4000,0
1766,8233,39,212,07/04/2023,1,Elliott Kim,5290,15,9,7,3,-1500,300,9,5,4,1,,,1100,0,806,294
1766,8233,39,212,07/04/2023,2,Kate Campolieta,5291,14,11,10,1,,6000,13,10,7,3,,,11600,0,87,11513
1766,8233,39,212,07/04/2023,3,Chuck Beem,5292,12,7,5,2,,600,14,10,8,4,-1500,-500,1400,0,1399,1
1767,8246,39,213,07/05/2023,1,Kate Campolieta,5291,16,12,9,4,-201,1799,10,6,7,0,,1101,6900,0,6900,0
1767,8246,39,213,07/05/2023,2,Aubrey Gilleran,5300,15,8,5,3,,200,11,8,8,1,-1400,,11200,0,2601,8599
1767,8246,39,213,07/05/2023,3,Anji Nyquist,5301,16,7,6,1,,2000,13,6,5,1,,,4800,1,4000,8800
1768,8255,39,214,07/06/2023,1,Anji Nyquist,5301,14,4,4,0,,2600,13,4,4,0,,,7000,0,7000,0
1768,8255,39,214,07/06/2023,2,Alex Gordon,5303,21,15,12,3,,5400,20,13,13,2,2500,5000,22900,1,2100,25000
1768,8255,39,214,07/06/2023,3,Carol Oppenheim,5304,18,7,6,2,-2600,200,21,13,9,4,,,7800,1,6201,14001
1769,8266,39,215,07/07/2023,1,Alex Gordon,5303,26,15,13,2,,6600,19,13,12,2,2500,,16300,1,200,16500
1769,8266,39,215,07/07/2023,2,Tom Zulewski,5306,21,9,7,3,-1000,800,16,3,2,1,,,2400,0,2300,100
1769,8266,39,215,07/07/2023,3,Raquel Stewart,5307,17,10,8,2,,3800,16,11,10,2,,-4000,7800,1,5000,12800
1770,8285,39,216,07/10/2023,1,Alex Gordon,5303,21,17,16,1,,8200,18,10,9,2,,-12000,3000,1,2500,5500
1770,8285,39,216,07/10/2023,2,Dileri Johnston,5309,19,5,4,1,,1600,20,11,9,2,,,10400,0,10000,400
1770,8285,39,216,07/10/2023,3,James Tyler,5310,16,6,6,1,1000,3200,15,6,7,0,3000,,14200,0,6000,8200
1771,8291,39,217,07/11/2023,1,James Tyler,5310,19,10,9,1,,4200,13,9,9,0,,,15000,0,4000,11000
1771,8291,39,217,07/11/2023,2,Justin White,5312,20,10,8,2,,3000,14,11,10,3,-2800,2200,9200,1,5501,14701
1771,8291,39,217,07/11/2023,3,Erin Sheedy,5313,16,9,10,0,1000,5400,11,4,3,1,,,7000,0,0,7000
1772,8302,39,218,07/12/2023,1,Justin White,5312,15,10,9,1,,3400,11,7,5,3,1800,,4800,1,4514,9314
1772,8302,39,218,07/12/2023,2,Ittai Sopher,5315,15,6,7,0,1000,5800,12,5,4,2,,-2000,6600,1,5801,12401
1772,8302,39,218,07/12/2023,3,Mia McGill,5316,16,10,9,1,,4200,9,6,5,1,,,6200,1,6000,12200
1773,8307,39,219,07/13/2023,1,Ittai Sopher,5315,17,11,8,3,,4000,17,12,11,3,-2000,3100,13500,1,301,13801
1773,8307,39,219,07/13/2023,2,Kathy Barkey,5318,25,9,7,2,,5000,14,4,3,1,,,6600,1,3300,9900
1773,8307,39,219,07/13/2023,3,Dennis Leung,5319,19,11,12,0,3200,9400,11,4,4,0,,,13800,0,13201,599
1774,8310,39,220,07/14/2023,1,Ittai Sopher,5315,19,6,5,1,,1200,13,6,5,1,,,6000,1,5000,11000
1774,8310,39,220,07/14/2023,2,Daniel Moore,5321,23,17,17,1,1000,9200,19,12,13,1,5000,6000,29000,0,4000,25000
1774,8310,39,220,07/14/2023,3,Allison Madson,5322,21,6,5,1,,3000,19,9,8,1,,,12200,1,183,12383
1775,8318,39,221,07/17/2023,1,Daniel Moore,5321,26,14,12,3,-1200,4600,23,14,9,5,,,9800,1,5000,14800
1775,8318,39,221,07/17/2023,2,Jerry Powers,5324,19,8,5,3,,1600,14,9,9,1,-1000,,7400,1,2401,9801
1775,8318,39,221,07/17/2023,3,Leann Craumer,5325,14,9,7,2,,2000,10,5,5,1,,-2200,4200,0,602,3598
1776,8320,39,222,07/18/2023,1,Daniel Moore,5321,19,11,9,2,,4600,16,11,10,1,,,14200,1,14200,28400
1776,8320,39,222,07/18/2023,2,David Bederman,5327,18,11,12,0,2000,8600,13,9,9,0,,,17800,1,10601,28401
1776,8320,39,222,07/18/2023,3,Chelsea Watt,5328,17,9,8,1,,3800,13,5,5,2,-2000,-2000,5800,1,5000,10800
1777,8322,39,223,07/19/2023,1,David Bederman,5327,20,12,12,1,-1000,6600,14,5,5,1,,4000,15000,1,9401,24401
1777,8322,39,223,07/19/2023,2,Sean Weatherston,5330,18,10,8,2,,2200,11,4,4,0,,,7000,1,3000,10000
1777,8322,39,223,07/19/2023,3,Liz Cotrufello,5331,18,6,4,2,,200,16,14,14,1,1600,,12200,0,2801,9399
1778,8324,39,224,07/20/2023,1,David Bederman,5327,17,12,10,2,,4000,17,11,11,2,2000,2000,14800,0,5601,9199
1778,8324,39,224,07/20/2023,2,Nik Berry,5333,16,6,4,2,,1400,16,7,7,0,,,10200,0,599,9601
1778,8324,39,224,07/20/2023,3,Toula Ballas,5334,18,9,7,3,-1800,2000,14,7,5,2,,,4800,1,4790,9590
1779,8326,39,225,07/21/2023,1,Nik Berry,5333,15,5,5,0,,3000,11,5,4,2,-5000,,1200,0,17,1183
1779,8326,39,225,07/21/2023,2,Ben Sasamoto,5336,14,9,8,2,1000,3800,16,9,8,1,,,9400,0,3000,6400
1779,8326,39,225,07/21/2023,3,Taylor Clagett,5337,15,8,7,1,,3800,14,11,7,5,,-1200,5400,1,5400,10800
1780,8330,39,226,07/24/2023,1,Taylor Clagett,5337,23,15,14,2,2300,7300,17,13,11,4,-100,-100,17500,1,3500,21000
1780,8330,39,226,07/24/2023,2,Simona Fine,5339,20,5,5,0,,3200,11,5,3,2,,,4000,0,2500,1500
1780,8330,39,226,07/24/2023,3,Ian Foutz,5340,16,10,7,3,,2400,10,6,5,1,,,6800,0,1300,5500
1783,8332,39,227,07/25/2023,1,Taylor Clagett,5337,15,10,10,1,1800,6200,15,4,4,1,,2300,9700,0,8722,978
1783,8332,39,227,07/25/2023,2,Andrew Knowles,5348,19,11,8,3,,4400,17,14,9,5,,,6400,1,301,6701
1783,8332,39,227,07/25/2023,3,Julie Sisson,5341,19,6,5,1,,3000,14,9,9,1,-4000,,8200,1,3010,11210
1781,8336,39,228,07/26/2023,1,Julie Sisson,5341,14,5,5,0,,2800,8,5,3,2,,,3200,1,390,3590
1781,8336,39,228,07/26/2023,2,Lucas Partridge,5342,21,11,10,1,,5000,17,12,12,1,,-100,20100,1,0,20100
1781,8336,39,228,07/26/2023,3,Alex Muhler,5343,20,11,12,0,1000,7600,20,11,8,4,-4000,,6000,1,100,6100
1782,8340,39,229,07/27/2023,1,Lucas Partridge,5342,17,11,10,2,2000,5200,15,12,11,1,,,13600,1,8500,22100
1782,8340,39,229,07/27/2023,2,Alicia Schaffer,5345,18,11,8,3,,2400,15,7,8,1,-2000,1800,11000,1,6999,17999
1782,8340,39,229,07/27/2023,3,Zach Razavi,5346,6,2,2,0,,1200,10,2,1,1,,,2000,1,1986,3986
1784,8342,39,230,07/28/2023,1,Lucas Partridge,5342,21,13,13,1,-2400,5200,15,11,9,2,,,12000,1,12000,24000
1784,8342,39,230,07/28/2023,2,Sharon Bishop,5351,18,10,8,2,,5000,12,10,11,1,2000,-2000,17000,0,7001,9999
1784,8342,39,230,07/28/2023,3,Monika Chavez,5352,13,5,4,1,,1200,12,3,1,2,,,1200,0,1200,0
1785,8580,40,1,09/11/2023,1,Jill Tucker,267,21,10,8,3,-1600,3400,16,7,8,0,,4000,16200,1,16200,32400
1785,8580,40,1,09/11/2023,2,Gabriel Ostler,164,18,6,5,1,,2200,15,10,8,3,-2600,,4800,0,4800,0
1785,8580,40,1,09/11/2023,3,Derek Allen,542,17,10,10,0,,6200,12,8,6,2,,,8600,1,7601,16201
1786,8581,40,2,09/12/2023,1,Cody Lawrence,186,14,6,7,0,2400,6800,17,5,5,0,,,10800,1,10800,21600
1786,8581,40,2,09/12/2023,2,David Maybury,318,21,9,9,0,,4200,24,12,13,1,4200,4000,24800,1,12663,37463
1786,8581,40,2,09/12/2023,3,Susan Schulman,492,19,12,12,0,,7000,20,10,9,1,,,18200,1,7401,25601
1787,8582,40,3,09/13/2023,1,Hari Parameswaran,458,23,9,9,0,,5000,19,7,5,2,,,7800,1,7800,15600
1787,8582,40,3,09/13/2023,2,Donna Vorreyer,437,22,10,11,0,800,7000,20,10,9,3,-3000,-5000,8200,0,7401,799
1787,8582,40,3,09/13/2023,3,Matt Wierman,348,23,10,8,2,,3000,18,11,11,0,,,15000,0,1701,13299
1788,8584,40,4,09/14/2023,1,David Maybury,318,23,16,15,1,,9400,22,11,10,1,,,17000,0,10272,6728
1788,8584,40,4,09/14/2023,2,Jill Tucker,267,19,7,7,1,1000,2800,17,8,8,1,,4800,13600,1,6000,19600
1788,8584,40,4,09/14/2023,3,Hari Parameswaran,458,17,5,5,0,,2200,13,9,8,2,2200,,9600,0,8000,1600
1789,8585,40,5,09/15/2023,1,David Maybury,318,24,10,10,1,2000,6400,20,8,8,0,,,14800,1,14800,29600
1789,8585,40,5,09/15/2023,2,Jill Tucker,267,12,6,6,0,,3000,17,6,5,1,,,7800,0,0,7800
1789,8585,40,5,09/15/2023,3,Hari Parameswaran,458,19,12,12,0,,6800,19,13,14,1,-5000,3000,19200,1,16000,35200
1790,8586,40,6,09/18/2023,1,Elliott Goodman,473,23,11,8,3,,3200,23,9,8,1,,,8800,0,8800,0
1790,8586,40,6,09/18/2023,2,Deanna Bolio,144,21,8,7,1,,2400,25,12,12,0,,,19600,0,926,18674
1790,8586,40,6,09/18/2023,3,Matt Walks,371,23,11,10,2,-3000,2400,21,10,9,3,-3000,3000,8000,1,7999,15999
1791,8587,40,7,09/19/2023,1,Rob Kim,284,18,7,5,2,,1400,15,12,11,2,,2000,9800,1,9001,18801
1791,8587,40,7,09/19/2023,2,Morgan Halvorsen,290,16,11,9,2,,2000,13,4,3,1,,,5200,0,4200,1000
1791,8587,40,7,09/19/2023,3,Elizabeth Devereaux,638,13,8,9,0,2400,7600,10,7,7,1,-5000,,9400,0,7000,2400
1792,8588,40,8,09/20/2023,1,Brian Ross,17,18,8,7,1,,2600,14,7,7,0,,,9800,1,9800,19600
1792,8588,40,8,09/20/2023,2,Alex Lamb,621,24,13,10,4,-2200,1400,14,9,6,3,,,2200,1,117,2317
1792,8588,40,8,09/20/2023,3,Pam Sung,306,24,8,8,0,,4600,20,10,10,2,3000,-3000,15000,1,5000,20000
1793,8589,40,9,09/21/2023,1,Pam Sung,306,23,12,9,3,,2200,18,10,12,0,2000,3000,18000,0,8000,10000
1793,8589,40,9,09/21/2023,2,Rob Kim,284,20,10,7,3,,2200,11,7,5,2,,,6200,0,2800,3400
1793,8589,40,9,09/21/2023,3,Deanna Bolio,144,20,9,10,0,2400,8200,14,7,6,1,,,12200,1,4000,16200
1794,8590,40,10,09/22/2023,1,Pam Sung,306,20,9,9,1,-1000,4000,14,5,5,0,,,9200,1,7001,16201
1794,8590,40,10,09/22/2023,2,Rob Kim,284,20,9,8,1,,4600,20,10,8,3,,4000,11400,1,2000,13400
1794,8590,40,10,09/22/2023,3,Deanna Bolio,144,19,10,8,2,,2800,17,9,8,2,2400,,12400,0,0,12400
1795,8591,40,11,09/25/2023,1,Elaine Filadelfo,570,23,11,11,0,,6400,20,6,5,2,,-3000,8200,1,200,8400
1795,8591,40,11,09/25/2023,2,Jilana Cotter,374,25,13,12,2,2600,7000,20,8,8,0,,,17800,1,1000,18800
1795,8591,40,11,09/25/2023,3,Colin Beazley,461,20,5,5,0,,3000,16,13,10,4,-3500,,3900,1,0,3900
1796,8592,40,12,09/26/2023,1,David Kaye,212,17,6,5,1,,2400,11,4,5,1,-1000,2000,7000,1,5802,12802
1796,8592,40,12,09/26/2023,2,Michalle Gould,359,14,9,8,1,,4400,17,8,8,0,,,13200,1,13000,26200
1796,8592,40,12,09/26/2023,3,Ollie Savage,330,19,14,12,3,-2000,2800,17,12,11,1,,,15600,0,12000,3600
1797,8593,40,13,09/27/2023,1,Barb Fecteau,650,19,11,7,5,-1200,0,16,9,8,2,2000,,9600,1,3201,12801
1797,8593,40,13,09/27/2023,2,Mark Lucas,602,17,10,9,1,,3400,18,9,6,4,,-3800,2800,1,1402,4202
1797,8593,40,13,09/27/2023,3,Allison Pistorius,632,18,9,6,3,,1600,15,7,7,0,,,6400,1,0,6400
1798,8595,40,14,09/28/2023,1,Michalle Gould,359,20,10,8,2,,3400,15,5,5,0,,,11400,1,10000,21400
1798,8595,40,14,09/28/2023,2,Jilana Cotter,374,22,9,10,0,1200,6400,22,14,12,2,,,19200,1,10000,29200
1798,8595,40,14,09/28/2023,3,Barb Fecteau,650,18,11,8,3,,3400,17,11,9,4,-5400,-2000,3200,1,3200,6400
1800,8596,40,15,09/29/2023,1,Michalle Gould,359,16,6,6,0,,4600,17,6,6,0,,,11000,0,10700,300
1800,8596,40,15,09/29/2023,2,Jilana Cotter,374,24,12,11,2,2200,5800,21,10,10,1,,3000,16400,0,2201,14199
1800,8596,40,15,09/29/2023,3,Barb Fecteau,650,21,11,10,1,,5600,17,11,9,3,-7200,,7600,0,0,7600
1801,8598,40,16,10/02/2023,1,Burt Thakur,117,24,10,7,3,,1600,19,11,8,4,-2000,,7200,0,7200,0
1801,8598,40,16,10/02/2023,2,Emily Seaman Hoy,398,21,12,10,2,,4800,16,5,2,3,,,3600,0,0,3600
1801,8598,40,16,10/02/2023,3,Dane Reighard,812,18,9,8,2,1200,3200,18,12,11,2,,-2000,10800,0,5000,5800
1802,8600,40,17,10/03/2023,1,Lawrence Long,1007,27,13,12,2,1000,7800,15,12,12,2,7800,1000,22600,0,0,22600
1802,8600,40,17,10/03/2023,2,Katrina Hill,4539,17,9,9,0,,4400,9,5,4,1,,,6400,0,116,6284
1802,8600,40,17,10/03/2023,3,Greg Marrero,126,20,8,8,0,,4600,12,4,4,0,,,8600,1,8599,17199
1803,8603,40,18,10/04/2023,1,Evan Roberts,4271,21,8,8,0,,4000,16,6,4,2,,,6000,0,6000,0
1803,8603,40,18,10/04/2023,2,Kendra Blanchette,189,18,8,9,0,1600,6200,16,10,11,0,5000,,23200,0,5201,17999
1803,8603,40,18,10/04/2023,3,John Bussard,134,23,12,11,1,,5800,18,9,8,2,,6000,14200,1,0,14200
1804,8608,40,19,10/05/2023,1,Brendan Sargent,365,24,14,13,1,,7000,17,8,7,1,,,15800,0,9801,5999
1804,8608,40,19,10/05/2023,2,Amanda Ganske,488,17,10,6,5,-1000,0,14,9,9,1,,3000,11000,0,11000,0
1804,8608,40,19,10/05/2023,3,Joe Feldmann,4463,18,6,5,1,,2200,16,9,9,1,4200,,12800,1,10000,22800
1805,8610,40,20,10/06/2023,1,Daniel Nguyen,4368,22,11,9,3,1000,4600,17,11,11,1,5400,,20800,0,0,20800
1805,8610,40,20,10/06/2023,2,Matt Glassman,4014,20,13,13,0,,5600,20,9,10,0,,4000,19200,0,1601,17599
1805,8610,40,20,10/06/2023,3,Jamie Logan,474,21,6,4,2,,1600,18,7,7,0,,,9200,1,9200,18400
1807,8615,40,21,10/09/2023,1,Phil Hoffman,303,23,4,3,1,,400,13,9,8,3,1990,-5000,990,0,801,189
1807,8615,40,21,10/09/2023,2,Camron Conners,4278,19,10,8,2,,2400,17,10,7,3,,,6800,0,6800,0
1807,8615,40,21,10/09/2023,3,Lucy Ricketts,231,22,14,14,1,3000,10600,10,6,6,0,,,16200,1,500,16700
1808,8617,40,22,10/10/2023,1,Morgan Briles,368,21,14,15,0,2500,11300,21,8,7,1,,,18900,0,6000,12900
1808,8617,40,22,10/10/2023,2,Joe Velasco,11,21,8,7,1,,3400,12,7,7,1,,2000,10200,1,10000,20200
1808,8617,40,22,10/10/2023,3,Robert Kaine,24,14,7,4,3,,200,17,12,10,3,2000,,8600,0,1400,7200
1809,8619,40,23,10/11/2023,1,Sam Stapleton,314,24,13,13,1,2600,8600,17,11,12,0,7000,,30800,0,0,30800
1809,8619,40,23,10/11/2023,2,Robert Won,4493,21,11,11,0,,6600,20,6,6,1,,-8000,4600,0,0,4600
1809,8619,40,23,10/11/2023,3,Karla Fossett,4523,14,3,3,0,,2000,18,10,8,2,,,7600,0,7600,0
1810,8622,40,24,10/12/2023,1,Steve Clarke,4497,23,13,12,2,-1000,5400,16,9,10,0,,2500,19100,0,13701,5399
1810,8622,40,24,10/12/2023,2,Valerie Castelo,197,21,8,5,3,,-400,15,7,7,1,-2000,,5200,1,0,5200
1810,8622,40,24,10/12/2023,3,Josh Saak,630,21,9,9,0,,5200,20,9,9,0,,,16400,1,2705,19105
1813,8625,40,25,10/13/2023,1,Sam Stapleton,314,22,11,9,2,,4000,17,9,10,0,4000,,18400,0,1601,16799
1813,8625,40,25,10/13/2023,2,Lawrence Long,1007,20,9,9,1,2200,6000,16,10,8,2,,,10000,0,10000,0
1813,8625,40,25,10/13/2023,3,Joe Velasco,11,15,11,9,2,,4600,16,9,7,3,,-2500,7300,0,0,7300
1814,8637,40,26,10/16/2023,1,Josh Saak,630,19,9,6,3,,1000,19,11,10,1,,,12200,1,2205,14405
1814,8637,40,26,10/16/2023,2,Kendra Blanchette,189,16,7,7,1,2600,4600,16,9,9,1,-3200,,10200,0,5000,5200
1814,8637,40,26,10/16/2023,3,Dane Reighard,812,16,12,11,1,,4400,14,7,8,0,,2000,14400,0,7000,7400
1815,8638,40,27,10/17/2023,1,Joe Feldmann,4463,17,8,7,1,,2800,11,7,4,4,-2800,,400,0,400,0
1815,8638,40,27,10/17/2023,2,Daniel Nguyen,4368,17,9,8,1,,3200,13,9,6,3,,,4800,0,0,4800
1815,8638,40,27,10/17/2023,3,Lucy Ricketts,231,23,12,10,3,-2400,3200,23,13,13,1,,-6000,11600,1,0,11600
1816,8639,40,28,10/18/2023,1,Sam Stapleton,314,21,10,9,1,,4600,20,8,8,1,,4000,12600,1,2600,15200
1816,8639,40,28,10/18/2023,2,Josh Saak,630,18,9,8,1,,5000,22,13,11,2,,,16600,1,8600,25200
1816,8639,40,28,10/18/2023,3,Lucy Ricketts,231,16,7,8,0,1000,4400,18,7,7,1,-4000,,9200,1,5000,14200
1817,8641,40,29,10/19/2023,1,Sam Stapleton,314,19,11,10,1,,4600,19,10,10,1,,-10000,5000,0,0,5000
1817,8641,40,29,10/19/2023,2,Josh Saak,630,20,8,8,0,,4800,23,14,11,4,7200,,22000,0,0,22000
1817,8641,40,29,10/19/2023,3,Lucy Ricketts,231,17,7,8,0,1800,6000,19,8,6,2,,,11600,1,5500,17100
1818,8643,40,30,10/20/2023,1,Dave Pai,357,22,14,14,1,4000,11200,17,10,9,2,-5600,,13200,1,6801,20001
1818,8643,40,30,10/20/2023,2,William Chou,4511,20,4,3,1,,1200,11,5,4,1,,,3600,1,3600,7200
1818,8643,40,30,10/20/2023,3,Kristin Hucek,72,18,8,7,1,,4200,11,6,5,2,,3000,10000,0,7500,2500
1820,8649,40,31,10/23/2023,1,Isaac Applebaum,4045,11,10,10,1,-1600,3800,14,8,6,3,,-1500,6700,1,3101,9801
1820,8649,40,31,10/23/2023,2,Pasquale Palumbo,416,19,11,7,4,,2200,15,12,10,3,-2500,,4900,0,0,4900
1820,8649,40,31,10/23/2023,3,Leah Wiegand,285,15,7,5,2,,800,10,6,5,1,,,7600,1,5000,12600
1821,8650,40,32,10/24/2023,1,Steve Crupi,273,21,14,13,1,,6400,16,9,7,2,,,9600,0,9600,0
1821,8650,40,32,10/24/2023,2,Jilana Cotter,374,22,11,10,2,1200,4600,20,10,10,1,4000,,19000,1,801,19801
1821,8650,40,32,10/24/2023,3,John Vigna,183,10,2,1,1,,-400,13,7,5,3,,-700,900,0,898,2
1822,8653,40,33,10/25/2023,1,Carlos Chaidez,80,22,8,8,1,1000,4200,16,8,8,0,,,13400,0,13400,0
1822,8653,40,33,10/25/2023,2,Emily Sands,462,28,14,11,3,,4200,21,13,14,1,5000,4000,25200,0,1601,23599
1822,8653,40,33,10/25/2023,3,Phillip Howard,42,20,10,10,0,,6400,12,3,3,0,,,9200,0,800,8400
1823,8655,40,34,10/26/2023,1,Yoshie Hill,219,22,2,2,0,,1200,12,8,6,3,-2000,,5600,1,5600,11200
1823,8655,40,34,10/26/2023,2,Mason Maggio,36,24,17,17,0,,9600,14,9,8,2,,-6000,7600,0,3601,3999
1823,8655,40,34,10/26/2023,3,Tony Freitas,803,25,12,10,3,-2800,2800,11,5,3,2,,,2400,1,2400,4800
1824,8656,40,35,10/27/2023,1,Erick Loh,426,20,10,10,0,,6200,17,11,9,2,,,12200,0,7001,5199
1824,8656,40,35,10/27/2023,2,Cory Burns Barger,1,16,5,5,1,1000,1400,17,9,9,2,5000,-6000,9600,0,3000,6600
1824,8656,40,35,10/27/2023,3,Brian Adams,89,26,12,11,1,,5400,17,7,5,2,,,5400,1,5400,10800
1826,8657,40,36,10/30/2023,1,T.J. Tallie,170,18,16,14,3,-2200,3200,18,13,13,1,,4600,20600,0,600,20000
1826,8657,40,36,10/30/2023,2,Sarah Reza,564,16,7,5,2,,1400,11,9,8,2,-2200,,6000,1,0,6000
1826,8657,40,36,10/30/2023,3,Jay Foster,990,19,4,3,1,,1200,11,3,3,0,,,4800,0,4000,800
1827,8658,40,37,10/31/2023,1,Aaron Craig,320,21,12,13,0,1000,7600,22,10,9,1,,,14000,0,3202,10798
1827,8658,40,37,10/31/2023,2,Hari Parameswaran,458,18,10,9,1,,4800,24,18,16,4,-7600,4000,17200,0,11000,6200
1827,8658,40,37,10/31/2023,3,Katie Hargrove,4022,15,3,2,1,,0,17,3,3,0,,,3600,0,3600,0
1828,8659,40,38,11/01/2023,1,Dana Hill,18,21,8,8,1,3000,5000,22,13,11,2,,,14200,0,14200,0
1828,8659,40,38,11/01/2023,2,Nancy Donehower,785,12,5,5,0,,2800,19,9,7,2,,,8400,0,2000,6400
1828,8659,40,38,11/01/2023,3,Dave Rapp,1020,20,14,12,2,,5600,21,7,8,1,-5000,9000,18400,1,10001,28401
1829,8661,40,39,11/02/2023,1,Dave Rapp,1020,26,9,8,1,,4200,17,8,8,0,,,11800,0,0,11800
1829,8661,40,39,11/02/2023,2,Emily Sands,462,24,14,14,1,-3200,4600,21,11,12,1,6000,4000,25800,1,0,25800
1829,8661,40,39,11/02/2023,3,Yoshie Hill,219,19,6,5,1,,1200,17,8,7,1,,,9200,1,9200,18400
1830,8662,40,40,11/03/2023,1,T.J. Tallie,170,20,8,8,0,,4600,15,6,3,3,,,4200,0,4200,0
1830,8662,40,40,11/03/2023,2,Leah Wiegand,285,16,4,5,0,1000,3400,16,10,9,2,,-5000,4400,0,4400,0
1830,8662,40,40,11/03/2023,3,Aaron Craig,320,22,14,13,1,,6200,15,7,7,1,-4000,,9800,0,32,9768
1831,8664,40,41,11/06/2023,1,Dave Pai,357,22,15,14,2,-1000,5600,14,8,8,1,-3200,,11200,0,400,10800
1831,8664,40,41,11/06/2023,2,Jilana Cotter,374,25,10,7,3,,1800,19,9,9,1,,2900,11500,1,10900,22400
1831,8664,40,41,11/06/2023,3,Brian Adams,89,19,5,4,1,,1600,18,8,6,2,,,5200,0,5200,0
1832,8665,40,42,11/07/2023,1,Emily Sands,462,28,13,12,2,1600,6800,28,7,8,0,8000,,22400,1,8000,30400
1832,8665,40,42,11/07/2023,2,Jilana Cotter,374,30,12,12,0,,7600,25,13,12,2,,-9000,11000,0,8000,3000
1832,8665,40,42,11/07/2023,3,Aaron Craig,320,23,6,5,1,,1600,21,10,8,2,,,7200,1,2800,10000
1833,8666,40,43,11/08/2023,1,Emily Sands,462,29,11,11,0,,6200,24,12,11,1,,,16200,0,4401,11799
1833,8666,40,43,11/08/2023,2,Jilana Cotter,374,24,8,9,0,3200,7200,23,7,8,0,10000,,24000,0,24000,0
1833,8666,40,43,11/08/2023,3,Aaron Craig,320,22,11,9,2,,4800,16,9,5,5,,-5600,-2800,,,-2800
1834,8670,40,44,11/09/2023,1,Charlie Fonville,149,16,8,8,0,,3800,13,5,6,1,5400,-5500,8100,1,8100,16200
1834,8670,40,44,11/09/2023,2,Jen Jazwinski,612,18,9,9,1,2600,7000,17,10,9,1,,,15400,1,15400,30800
1834,8670,40,44,11/09/2023,3,Matt Takimoto,1031,22,10,9,1,,4600,18,13,11,2,,,15400,0,15400,0
1835,8673,40,45,11/10/2023,1,Alan Johnson,311,20,9,7,2,,3400,19,12,12,1,,2200,13200,0,11801,1399
1835,8673,40,45,11/10/2023,2,Dennis Chase,420,27,15,14,2,-1500,4900,21,12,8,4,,,12500,1,10500,23000
1835,8673,40,45,11/10/2023,3,Kate Lazo,132,17,7,6,1,,2200,14,6,6,1,2600,,9600,1,9500,19100
1836,8685,40,46,11/13/2023,1,Emily Fiasco,4502,17,10,9,1,,3800,13,7,7,0,,,11000,1,4347,15347
1836,8685,40,46,11/13/2023,2,Stuart Crane,281,22,11,10,2,3000,6200,15,7,6,2,,10200,20400,1,20400,40800
1836,8685,40,46,11/13/2023,3,Fred Nelson,177,23,11,9,2,,6000,17,12,12,1,5000,,23000,1,17801,40801
1837,8690,40,47,11/14/2023,1,Nick Cascone,375,21,13,12,2,-2600,3200,15,9,10,0,,5000,18200,1,6201,24401
1837,8690,40,47,11/14/2023,2,Brandon Deutsch,407,18,10,10,0,,5800,14,7,6,1,,,12200,0,199,12001
1837,8690,40,47,11/14/2023,3,Emily White,566,16,3,3,0,,2200,16,10,8,3,-2200,,5600,1,5600,11200
1838,8691,40,48,11/15/2023,1,Leah Caglio,459,25,13,12,1,,7000,24,11,9,2,,,15400,0,15400,0
1838,8691,40,48,11/15/2023,2,Kit Sekelsky,555,19,12,10,2,,4200,20,9,8,1,,,10600,0,5000,5600
1838,8691,40,48,11/15/2023,3,Henry Rozycki,1038,18,5,4,2,1000,800,20,8,8,2,2800,8300,16700,0,16700,0
1839,8693,40,49,11/16/2023,1,Amy Bekkerman,4017,21,10,9,2,1000,5000,15,7,6,1,,,12200,0,0,12200
1839,8693,40,49,11/16/2023,2,Tim Moon,618,16,11,9,2,,1800,15,9,7,2,,,3800,0,3800,0
1839,8693,40,49,11/16/2023,3,Scott Plummer,996,18,6,5,1,,3200,17,9,8,3,-4400,-3200,2800,1,2799,5599
1840,8694,40,50,11/17/2023,1,Danielle Maurer,4359,13,7,6,1,,2400,17,7,8,0,3200,,16000,1,16000,32000
1840,8694,40,50,11/17/2023,2,David Ferrara,9,19,6,6,1,-2400,800,18,6,5,1,,,6000,0,6000,0
1840,8694,40,50,11/17/2023,3,Carrie Cadwallader,987,24,16,16,0,,10200,20,17,14,4,,5000,21200,0,10801,10399
1843,8695,40,51,11/20/2023,1,Verlinda Johnson Henning,543,18,8,6,2,,2400,11,4,4,0,,,6800,1,6800,13600
1843,8695,40,51,11/20/2023,2,Kevin Hirsh,528,13,6,6,0,,2400,15,7,5,2,,,8000,1,8000,16000
1843,8695,40,51,11/20/2023,3,Deanna Bolio,144,21,16,14,3,2600,8200,15,12,11,3,3400,2600,19800,0,79,19721
1844,8696,40,52,11/21/2023,1,Nick Heise,1017,9,6,6,0,,3400,16,7,5,2,,,5800,0,5799,1
1844,8696,40,52,11/21/2023,2,Ed Hashima,881,25,14,10,4,,4200,21,11,13,0,4000,7000,29600,0,0,29600
1844,8696,40,52,11/21/2023,3,Sandy Olive,576,21,10,10,1,2600,5400,25,13,10,3,,,10600,0,10600,0
1845,8697,40,53,11/22/2023,1,Nick Cascone,375,20,11,11,1,-1000,5000,18,15,15,1,,1000,23200,0,0,23200
1845,8697,40,53,11/22/2023,2,Deanna Bolio,144,16,5,5,0,,3800,15,4,2,2,,,3000,0,3000,0
1845,8697,40,53,11/22/2023,3,Kit Sekelsky,555,19,10,8,2,,2400,13,8,7,2,-4000,,1200,1,21,1221
1846,8698,40,54,11/23/2023,1,Jen Jazwinski,612,21,9,8,2,1000,2800,19,6,7,0,,9000,20200,1,20200,40400
1846,8698,40,54,11/23/2023,2,Ed Hashima,881,23,11,11,0,,7000,21,15,15,1,4000,,23000,0,18000,5000
1846,8698,40,54,11/23/2023,3,Amy Bekkerman,4017,25,11,11,0,,6600,15,5,5,0,,,14600,1,14500,29100
1847,8699,40,55,11/24/2023,1,Fred Nelson,177,24,8,8,0,,4800,17,7,5,2,,,8400,1,8400,16800
1847,8699,40,55,11/24/2023,2,Danielle Maurer,4359,17,7,8,0,2200,7400,9,6,7,0,,5000,16800,1,16800,33600
1847,8699,40,55,11/24/2023,3,Dennis Chase,420,25,15,14,1,,6200,23,13,14,0,8000,,30600,1,3003,33603
1848,8700,40,56,11/27/2023,1,Jen Jazwinski,612,24,16,15,2,1000,7600,21,12,10,2,,,11600,0,6000,5600
1848,8700,40,56,11/27/2023,2,Dennis Chase,420,24,6,6,0,,4600,18,10,8,3,,-7000,6800,0,3800,3000
1848,8700,40,56,11/27/2023,3,Nick Cascone,375,22,6,6,0,,3200,13,5,6,0,6000,,16800,0,7500,9300
1849,8701,40,57,11/28/2023,1,Jen Jazwinski,612,19,5,4,1,,1600,21,7,7,2,2800,-5000,3800,1,3800,7600
1849,8701,40,57,11/28/2023,2,Dennis Chase,420,20,13,13,0,,7200,20,10,9,1,,,16400,0,11500,4900
1849,8701,40,57,11/28/2023,3,Nick Cascone,375,15,9,10,0,1000,5800,18,9,9,0,,,14600,1,14600,29200
1850,8702,40,58,11/29/2023,1,Rhone Talsma,984,24,14,13,1,,7800,19,14,10,4,,,10600,0,5401,5199
1850,8702,40,58,11/29/2023,2,Nell Klugman,4275,23,6,6,0,,2400,14,6,6,1,,5600,12400,0,8801,3599
1850,8702,40,58,11/29/2023,3,Henry Baer,153,16,7,7,1,-3400,1800,12,4,5,0,1800,,8000,0,2601,5399
1851,8704,40,59,11/30/2023,1,Tyler Vandenberg,623,17,8,9,0,1600,6200,16,8,9,1,-3000,3000,15800,1,15800,31600
1851,8704,40,59,11/30/2023,2,Ciara Donegan,4040,15,13,13,0,,6800,17,11,10,1,,,15200,0,15200,0
1851,8704,40,59,11/30/2023,3,Alisa Hove,884,18,5,5,0,,3800,13,6,5,1,,,7800,0,5000,2800
1852,8705,40,60,12/01/2023,1,Garrett Marcotte,47,24,11,11,1,1000,7800,20,10,12,0,7000,1000,27400,1,0,27400
1852,8705,40,60,12/01/2023,2,Bryce Hwang,393,19,12,10,2,,2800,23,9,7,2,,,10400,1,0,10400
1852,8705,40,60,12/01/2023,3,Brianne Barker,4536,17,6,5,1,,2600,22,10,10,0,,,12600,0,8201,4399
1853,8706,40,61,12/04/2023,1,Julia Markham Cameron,537,22,13,11,2,,3000,21,8,8,0,,,12600,1,7000,19600
1853,8706,40,61,12/04/2023,2,Finn Corrigan,4025,18,7,7,0,,3600,14,8,7,1,,,10400,0,1800,8600
1853,8706,40,61,12/04/2023,3,Kristen Thomas-McGill,185,21,9,7,3,-1600,1800,17,9,9,2,1800,-3000,8600,1,8600,17200
1854,8707,40,62,12/05/2023,1,Laura Portwood-Stacer,344,18,7,7,0,,4400,15,3,3,0,,,6400,1,6300,12700
1854,8707,40,62,12/05/2023,2,Andrew Chaikin,119,22,11,9,3,1400,3600,23,12,10,3,,5000,18200,1,42,18242
1854,8707,40,62,12/05/2023,3,Matt Mierswa,4514,22,12,9,3,,2600,17,12,10,3,-2600,,7200,1,444,7644
1855,8708,40,63,12/06/2023,1,Ed Coulson,4526,24,6,6,0,,4400,21,11,10,2,3000,,14600,1,5801,20401
1855,8708,40,63,12/06/2023,2,Kate Freeman,195,19,10,8,3,-1000,2200,19,8,7,1,,,9000,0,1201,7799
1855,8708,40,63,12/06/2023,3,Patrick Hume,429,22,13,13,0,,7200,21,8,7,2,,-3000,10200,1,7801,18001
1856,8710,40,64,12/07/2023,1,Scott Shewfelt,402,18,9,6,3,,2000,14,6,7,0,,6400,14400,0,10000,4400
1856,8710,40,64,12/07/2023,2,Yungsheng Wang,4481,17,8,7,1,,4800,18,11,8,3,,,12000,1,11000,23000
1856,8710,40,64,12/07/2023,3,Robin Lozano,530,23,13,12,2,1000,5000,15,8,6,3,-3000,,4800,0,4800,0
1857,8711,40,65,12/08/2023,1,Gary Hollis,873,21,10,6,4,,1600,21,11,13,0,2000,4000,21200,1,5601,26801
1857,8711,40,65,12/08/2023,2,Carmela Chan,102,22,11,9,2,,3000,20,9,9,0,,,13400,0,13400,0
1857,8711,40,65,12/08/2023,3,Jon Spurney,333,26,12,11,2,-2000,3600,24,7,7,0,,,10000,1,9999,19999
1858,8712,40,66,12/11/2023,1,Amal Dorai,381,21,13,12,2,3000,8600,13,4,4,1,-3000,,11200,1,11200,22400
1858,8712,40,66,12/11/2023,2,Donesh Olyaie,242,21,11,10,1,,4600,20,13,10,3,,,12600,0,12600,0
1858,8712,40,66,12/11/2023,3,Emma Saltzberg,999,19,5,5,0,,2200,17,10,11,0,,2000,15000,1,10201,25201
1859,8713,40,67,12/12/2023,1,Gary Hollis,873,24,15,12,4,-600,3800,21,15,14,2,,3000,20800,1,12,20812
1859,8713,40,67,12/12/2023,2,Julia Markham Cameron,537,22,9,9,0,,4400,26,9,6,4,-4000,,800,1,800,1600
1859,8713,40,67,12/12/2023,3,Henry Baer,153,20,6,6,0,,4800,16,8,6,2,,,9600,1,1234,10834
1860,8714,40,68,12/13/2023,1,Tyler Vandenberg,623,17,9,8,1,,4800,17,11,10,1,,,18400,1,18400,36800
1860,8714,40,68,12/13/2023,2,Emma Saltzberg,999,13,6,5,1,,2600,14,8,8,1,1200,,10600,1,10600,21200
1860,8714,40,68,12/13/2023,3,Ed Coulson,4526,22,12,11,2,-1000,3600,15,10,8,3,,-6000,2800,1,2800,5600
1861,8715,40,69,12/14/2023,1,Garrett Marcotte,47,24,9,8,2,-1800,2400,18,4,4,0,,,4800,0,4800,0
1861,8715,40,69,12/14/2023,2,Yungsheng Wang,4481,23,14,11,3,,5400,23,13,11,2,,,18600,1,18600,37200
1861,8715,40,69,12/14/2023,3,Andrew Chaikin,119,20,7,6,1,,2000,20,10,12,0,7600,5000,26600,0,10601,15999
1862,8717,40,70,12/15/2023,1,Yungsheng Wang,4481,21,11,11,0,,6800,23,11,9,2,,,16800,0,8800,8000
1862,8717,40,70,12/15/2023,2,Tyler Vandenberg,623,17,6,5,1,,2000,17,7,6,1,,,8800,1,8800,17600
1862,8717,40,70,12/15/2023,3,Gary Hollis,873,22,12,13,0,2600,9400,18,10,8,4,3000,-3000,14600,0,8600,6000
1863,8723,40,71,12/18/2023,1,Yungsheng Wang,4481,24,13,13,0,,8400,16,8,9,1,7000,10000,33800,1,0,33800
1863,8723,40,71,12/18/2023,2,Tyler Vandenberg,623,17,6,6,0,,3800,14,8,8,0,,,11400,0,11400,0
1863,8723,40,71,12/18/2023,3,Gary Hollis,873,20,10,10,1,-2600,2400,17,11,11,0,,,14800,0,8300,6500
1864,8725,40,72,12/19/2023,1,Jason Carpenter,4932,21,9,7,2,,3600,18,12,10,2,,,12000,1,0,12000
1864,8725,40,72,12/19/2023,2,Eva Thomas,5211,25,11,11,1,-2000,4200,18,5,4,1,,,5800,1,0,5800
1864,8725,40,72,12/19/2023,3,Mike Elliott,4617,22,9,8,1,,3400,17,8,9,1,-10600,799,2799,0,45,2754
1865,8728,40,73,12/20/2023,1,Juveria Zaheer,5106,27,11,10,1,,5600,25,16,14,3,15200,,32400,1,4000,36400
1865,8728,40,73,12/20/2023,2,Sam Claussen,5069,24,13,14,0,3000,10400,14,7,7,0,,,18000,1,18000,36000
1865,8728,40,73,12/20/2023,3,Jake Garrett,5001,15,6,6,0,,3400,15,6,7,0,,7300,17900,1,17900,35800
1866,8730,40,74,12/21/2023,1,Iris Masucci,5022,21,8,7,2,-1000,2800,10,6,6,1,2500,,7700,0,2300,5400
1866,8730,40,74,12/21/2023,2,Karen Morris,5006,17,11,10,1,,3600,15,9,7,2,,,10400,0,5001,5399
1866,8730,40,74,12/21/2023,3,Michael Vaz,4794,18,9,7,2,,2000,15,10,8,3,,-4800,2000,0,0,2000
1867,8731,40,75,12/22/2023,1,Juveria Zaheer,5106,27,16,15,1,,8800,22,15,17,0,10000,10000,45600,1,5600,51200
1867,8731,40,75,12/22/2023,2,Jason Carpenter,4932,16,6,5,1,,2600,18,6,6,0,,,10600,1,5600,16200
1867,8731,40,75,12/22/2023,3,Iris Masucci,5022,19,10,10,1,1000,4400,11,3,3,0,,,6400,0,4000,2400
1868,8734,40,76,12/25/2023,1,Juveria Zaheer,5106,28,13,11,2,,5000,21,11,12,1,5000,800,19600,0,0,19600
1868,8734,40,76,12/25/2023,2,Jason Carpenter,4932,22,13,12,2,-2000,3800,21,11,10,1,,,15800,1,10000,25800
1868,8734,40,76,12/25/2023,3,Iris Masucci,5022,22,6,5,1,,1800,14,5,5,0,,,7000,0,5000,2000
1869,8735,40,77,12/26/2023,1,Christopher Pennant,4565,20,9,8,1,,3600,18,11,9,2,,,10800,1,10000,20800
1869,8735,40,77,12/26/2023,2,Emily Kawaler,4811,23,12,11,2,-4800,2200,23,13,12,3,2200,-4400,7600,1,3300,10900
1869,8735,40,77,12/26/2023,3,Myles Karp,4922,17,7,7,0,,3600,17,6,5,1,,,10000,0,5201,4799
1870,8737,40,78,12/27/2023,1,Ben Hebert,4758,25,16,13,3,,5600,18,9,7,2,,,11600,1,6001,17601
1870,8737,40,78,12/27/2023,2,Greg Czaja,5058,22,8,9,0,1800,6400,18,11,12,1,10400,3000,29000,1,0,29000
1870,8737,40,78,12/27/2023,3,Tammy Groner,4763,21,6,6,0,,3200,18,7,6,1,,,8800,1,0,8800
1871,8739,40,79,12/28/2023,1,Raquel Matta,5114,19,7,6,1,,3200,17,7,7,0,,,11600,1,0,11600
1871,8739,40,79,12/28/2023,2,Mitch Cutter,4796,21,12,11,2,-1800,3000,16,10,7,3,,,5800,1,5800,11600
1871,8739,40,79,12/28/2023,3,Xanni Brown,4743,28,13,10,3,,2800,21,11,11,2,2800,5000,17400,1,6000,23400
1872,8741,40,80,12/29/2023,1,Greg Czaja,5058,24,13,13,1,5200,11800,18,11,10,1,,,20200,1,15000,35200
1872,8741,40,80,12/29/2023,2,Xanni Brown,4743,22,9,8,1,,4800,18,9,8,2,6000,,17600,1,12000,29600
1872,8741,40,80,12/29/2023,3,Christopher Pennant,4565,23,7,6,1,,2600,20,6,6,1,,2000,10200,1,5800,16000
1873,8745,40,81,01/01/2024,1,Greg Czaja,5058,21,11,9,2,,3000,12,9,8,3,6200,-3000,10600,1,0,10600
1873,8745,40,81,01/01/2024,2,Xanni Brown,4743,22,6,7,0,3800,8200,13,8,7,1,,,13800,1,13800,27600
1873,8745,40,81,01/01/2024,3,Christopher Pennant,4565,23,14,12,2,,5000,13,4,3,1,,,8600,0,8600,0
1874,8747,40,82,01/02/2024,1,Sophia Weng,2649,23,10,9,1,,2400,19,8,9,0,1400,,14600,0,14201,399
1874,8747,40,82,01/02/2024,2,Sharon Bishop,5351,11,5,5,0,,3400,12,5,4,1,,,5800,1,1000,6800
1874,8747,40,82,01/02/2024,3,Michael Cavaliere,4848,22,10,11,0,2600,10000,19,13,14,0,,4800,28800,0,500,28300
1875,8750,40,83,01/03/2024,1,Andrew Whatley,4841,20,8,8,0,,4400,24,9,6,4,-3600,,6400,1,6400,12800
1875,8750,40,83,01/03/2024,2,Randall Rayford,4749,26,13,12,1,,6400,24,11,9,3,,9200,19600,1,6801,26401
1875,8750,40,83,01/03/2024,3,Rachel Cohen,4812,25,7,8,0,1600,6000,21,13,10,3,,,13200,0,399,12801
1877,8752,40,84,01/04/2024,1,Matt Harvey,4746,24,13,13,0,,6400,18,10,9,1,,,16400,1,13000,29400
1877,8752,40,84,01/04/2024,2,Max Davison,4838,18,9,8,2,-1200,3000,11,8,7,2,2000,,9000,0,0,9000
1877,8752,40,84,01/04/2024,3,Kelly Shannon-Henderson,4562,19,8,8,0,,5600,19,6,5,2,,4400,12400,1,5601,18001
1878,8754,40,85,01/05/2024,1,Matt Harvey,4746,20,7,7,0,,4200,20,10,11,1,-4000,4000,16200,0,6200,10000
1878,8754,40,85,01/05/2024,2,Michael Cavaliere,4848,19,8,8,1,-1600,3600,20,11,9,2,,,13200,0,6600,6600
1878,8754,40,85,01/05/2024,3,Randall Rayford,4749,23,13,10,3,,2400,19,8,7,1,,,7600,0,7600,0
1879,8759,40,86,01/08/2024,1,Matt Harvey,4746,24,11,9,2,,4200,21,11,11,1,5400,,18800,1,18800,37600
1879,8759,40,86,01/08/2024,2,Michael Cavaliere,4848,19,12,10,3,1000,4000,21,10,11,0,,13200,29200,0,12000,17200
1879,8759,40,86,01/08/2024,3,Randall Rayford,4749,25,9,8,1,,3400,18,7,4,3,,,3000,0,3000,0
1880,8760,40,87,01/09/2024,1,Rotimi Kukoyi,1783,14,11,9,2,,3400,12,9,6,4,5400,,9600,1,6401,16001
1880,8760,40,87,01/09/2024,2,April Marquet,4547,21,9,8,1,,4600,17,6,5,1,,,10200,0,9001,1199
1880,8760,40,87,01/09/2024,3,Pam Warren,4586,14,7,7,1,1000,4400,15,12,11,2,,-6000,8000,1,8000,16000
1881,8762,40,88,01/10/2024,1,Roy Camara,4985,24,16,15,2,-3600,3000,19,14,13,3,8200,6200,24200,1,3001,27201
1881,8762,40,88,01/10/2024,2,Michael Vallely,5231,20,8,7,1,,4000,10,6,3,3,,,3200,0,0,3200
1881,8762,40,88,01/10/2024,3,Denise Carlon,4817,18,6,6,0,,4400,14,8,7,1,,,13600,1,10401,24001
1882,8765,40,89,01/11/2024,1,Long Nguyen,4988,24,8,6,2,,2200,23,14,12,2,,,15000,1,4001,19001
1882,8765,40,89,01/11/2024,2,Allison Strekal,5226,22,9,7,2,,2600,15,5,7,0,5800,5000,19000,0,18999,1
1882,8765,40,89,01/11/2024,3,John Guszkowski,4884,27,17,17,1,4000,14200,21,10,7,3,,,18200,0,12000,6200
1883,8767,40,90,01/12/2024,1,Roy Camara,4985,22,14,11,4,1400,5400,20,11,9,3,-10600,,1600,0,1600,0
1883,8767,40,90,01/12/2024,2,Long Nguyen,4988,22,10,7,3,,0,16,11,10,2,,9200,18400,1,18400,36800
1883,8767,40,90,01/12/2024,3,Rotimi Kukoyi,1783,8,6,6,0,,3400,10,4,3,1,,,4600,0,4600,0
1884,8774,40,91,01/15/2024,1,Roy Camara,4985,23,17,15,2,,9200,20,10,9,2,-10400,,7600,0,350,7250
1884,8774,40,91,01/15/2024,2,Long Nguyen,4988,24,9,9,1,1000,4200,21,14,13,2,,5000,19600,0,123,19477
1884,8774,40,91,01/15/2024,3,Rotimi Kukoyi,1783,15,4,3,1,,200,17,4,3,1,,,1000,0,0,1000
1885,8775,40,92,01/16/2024,1,Andy Tirrell,4760,22,12,11,1,,6400,10,9,10,0,,5000,21800,1,1800,23600
1885,8775,40,92,01/16/2024,2,Katie Palumbo,4851,19,14,12,3,1800,5400,21,12,5,7,,,-1000,,,-1000
1885,8775,40,92,01/16/2024,3,Sharon Stone,5025,11,1,1,0,,600,16,8,7,2,1500,,6100,0,6000,100
1888,8778,40,93,01/17/2024,1,Devin Lohman,5066,14,6,4,2,,1600,13,5,5,0,,,6400,0,601,5799
1888,8778,40,93,01/17/2024,2,Juveria Zaheer,5106,26,15,13,3,1600,5600,24,18,17,3,11600,3200,32800,1,8000,40800
1888,8778,40,93,01/17/2024,3,Patti Palmer,4898,21,11,9,2,,3800,20,5,4,1,,,7000,0,7000,0
1889,8779,40,94,01/18/2024,1,Martha Bath,4566,23,10,10,0,,6800,12,4,3,1,,,9600,0,0,9600
1889,8779,40,94,01/18/2024,2,Kendra Westerhaus,4925,19,10,8,3,1000,3200,18,10,7,3,,,4800,0,4800,0
1889,8779,40,94,01/18/2024,3,Nik Berry,5333,22,12,11,1,,4200,20,13,11,4,-6000,-6600,800,0,1,799
1890,8780,40,95,01/19/2024,1,Bryan White,5283,18,10,7,3,,1800,18,12,11,1,,,12200,0,10300,1900
1890,8780,40,95,01/19/2024,2,Erin Portman,4856,27,12,11,2,3200,8600,21,8,8,1,,-5000,11200,1,9000,20200
1890,8780,40,95,01/19/2024,3,Rachel Clark,5043,16,9,9,0,,5400,17,8,6,3,-1400,,10000,1,1201,11201
1891,8781,40,96,01/22/2024,1,Holly Hassel,5237,20,7,6,1,,3200,18,11,9,2,,,8800,0,8700,100
1891,8781,40,96,01/22/2024,2,Daniel Moore,5321,25,15,14,2,3000,9600,16,6,5,1,,,13200,0,13200,0
1891,8781,40,96,01/22/2024,3,Ron Cheung,4764,22,9,7,2,,1200,17,9,9,2,3000,5000,14000,0,12401,1599
1892,8782,40,97,01/23/2024,1,Robbi Ramirez,5045,17,8,8,0,,3800,21,13,12,2,-5800,,12800,1,6600,19400
1892,8782,40,97,01/23/2024,2,Lynn Di Vito,5175,15,6,6,0,,4000,11,6,5,1,,,6000,1,2700,8700
1892,8782,40,97,01/23/2024,3,Xanni Brown,4743,22,13,14,0,3400,11400,20,11,7,5,,-3000,9600,0,3200,6400
1893,8784,40,98,01/24/2024,1,Dillon Hupp,5076,11,5,4,1,,1600,18,9,9,1,,5000,13000,0,13000,0
1893,8784,40,98,01/24/2024,2,Lloyd Sy,4821,19,15,14,2,-1200,6200,18,15,16,0,1000,,25200,0,801,24399
1893,8784,40,98,01/24/2024,3,Kelly Barry,4998,19,8,7,1,,4000,18,3,1,2,,,2400,0,600,1800
1894,8785,40,99,01/25/2024,1,Johanna Stoberock,5079,22,7,7,0,,2400,14,4,4,0,,,7600,0,6201,1399
1894,8785,40,99,01/25/2024,2,Connor Sears,4836,25,15,10,5,,3000,21,13,13,1,,-2000,14600,0,801,13799
1894,8785,40,99,01/25/2024,3,Alec Chao,5009,16,10,7,4,2000,3000,14,8,9,0,2400,,15400,1,13801,29201
1895,8786,40,100,01/26/2024,1,Tamara Ghattas,5012,18,8,7,1,,5000,16,7,7,2,4500,-7000,8500,0,0,8500
1895,8786,40,100,01/26/2024,2,Michael Menkhus,4569,24,15,15,1,2600,8000,15,13,13,0,,,20800,0,0,20800
1895,8786,40,100,01/26/2024,3,Ittai Sopher,5315,15,7,6,1,,3000,13,6,4,2,,,5400,1,601,6001
1896,8787,40,101,01/29/2024,1,Lloyd Sy,4821,23,11,8,3,,3400,20,12,12,1,,2000,19800,0,14000,5800
1896,8787,40,101,01/29/2024,2,Andy Tirrell,4760,22,16,14,3,3800,8400,22,10,10,0,,,16800,1,6001,22801
1896,8787,40,101,01/29/2024,3,Martha Bath,4566,20,6,6,0,,4200,13,4,5,0,3000,,11200,0,4000,7200
1897,8788,40,102,01/30/2024,1,Juveria Zaheer,5106,25,16,14,3,-1000,7400,20,10,9,1,,,18200,1,7000,25200
1897,8788,40,102,01/30/2024,2,Alec Chao,5009,19,8,5,3,,1200,17,9,8,1,,,10000,1,10000,20000
1897,8788,40,102,01/30/2024,3,Robbi Ramirez,5045,13,4,4,0,,1600,17,8,9,1,8400,4600,22600,0,14000,8600
1898,8789,40,103,01/31/2024,1,Michael Menkhus,4569,19,13,13,0,,7400,16,15,13,3,-2000,,17800,1,0,17800
1898,8789,40,103,01/31/2024,2,Erin Portman,4856,14,2,2,0,,600,18,6,5,1,,,2600,1,2600,5200
1898,8789,40,103,01/31/2024,3,Ron Cheung,4764,25,14,12,3,-3200,2800,14,8,8,1,,-3000,8200,0,0,8200
1899,8790,40,104,02/01/2024,1,Juveria Zaheer,5106,23,12,9,3,,2400,24,12,14,0,4000,11200,34000,0,14000,20000
1899,8790,40,104,02/01/2024,2,Andy Tirrell,4760,20,8,7,1,,3800,14,4,4,0,,,7400,1,7400,14800
1899,8790,40,104,02/01/2024,3,Michael Menkhus,4569,21,11,11,1,1800,7200,20,10,9,1,,,16400,0,16400,0
1900,8791,40,105,02/02/2024,1,Juveria Zaheer,5106,23,12,12,1,-1000,6200,21,9,8,1,,,11800,0,0,11800
1900,8791,40,105,02/02/2024,2,Andy Tirrell,4760,25,9,7,2,,2000,15,9,7,3,2000,,4400,0,4400,0
1900,8791,40,105,02/02/2024,3,Michael Menkhus,4569,22,10,8,2,,2800,25,11,10,2,,3600,13200,0,10401,2799
1902,8796,40,106,02/05/2024,1,Kate Campolieta,5291,13,9,8,1,,4400,14,3,3,0,,,8000,1,0,8000
1902,8796,40,106,02/05/2024,2,Mira Hayward,4920,20,10,8,3,-3000,200,22,15,15,1,1800,,16400,1,0,16400
1902,8796,40,106,02/05/2024,3,Jesse Chin,5186,19,8,7,1,,2600,14,7,5,3,,-2000,1800,0,0,1800
1903,8799,40,107,02/06/2024,1,Deb Bilodeau,5063,21,13,12,2,-2300,3500,17,7,6,1,,,10700,0,0,10700
1903,8799,40,107,02/06/2024,2,Crystal Zhao,5030,11,5,4,1,,1600,7,3,3,0,,,5200,0,300,4900
1903,8799,40,107,02/06/2024,3,Matt Harvey,4746,20,10,9,1,,5600,19,15,14,3,4000,-4000,16000,0,5401,10599
1904,8802,40,108,02/07/2024,1,Justin White,5312,13,4,4,1,-2200,400,8,4,4,0,,,3600,0,3000,600
1904,8802,40,108,02/07/2024,2,Lisa Sriken,5019,19,13,13,0,,6600,15,8,7,2,-4000,,11000,0,9000,2000
1904,8802,40,108,02/07/2024,3,Taylor Clagett,5337,19,11,10,1,,5600,15,12,12,1,,1200,15600,0,7400,8200
1905,8804,40,109,02/08/2024,1,Alex Gordon,5303,20,8,8,1,2000,6000,19,14,13,2,9200,,26000,0,7000,19000
1905,8804,40,109,02/08/2024,2,Ed Petersen,5177,20,13,9,4,,1400,20,8,4,4,,,1000,0,407,593
1905,8804,40,109,02/08/2024,3,Suzanne Goldlust,5240,20,8,7,1,,4600,19,8,9,0,,2500,16300,0,4000,12300
1906,8806,40,110,02/09/2024,1,Emma Hill Kepron,5070,18,5,4,1,,1600,16,6,5,1,,,6800,1,6793,13593
1906,8806,40,110,02/09/2024,2,Jesse Matheny,5082,17,9,9,0,,4600,15,8,9,0,4000,,17800,0,4100,13700
1906,8806,40,110,02/09/2024,3,Patrick Curran,4826,20,12,13,0,4000,11000,17,10,10,1,,6000,22200,0,13401,8799
1912,8817,40,111,02/12/2024,1,Sriram Krishnan,4766,19,8,7,1,,4800,13,8,8,0,,,13200,1,13200,26400
1912,8817,40,111,02/12/2024,2,Donna Matturri,5258,22,14,14,1,-2500,4900,14,8,9,0,5000,,20700,0,5800,14900
1912,8817,40,111,02/12/2024,3,Dan Wohl,4917,23,7,6,1,,2200,17,8,6,3,,4200,6000,1,1000,7000
1913,8821,40,112,02/13/2024,1,Long Nguyen,4988,23,14,14,1,1000,6600,21,13,12,2,11000,,26400,1,1601,28001
1913,8821,40,112,02/13/2024,2,Kat Jepson,5049,16,9,9,0,,5000,21,12,13,0,,7000,28000,1,24801,52801
1913,8821,40,112,02/13/2024,3,Nicole Rudolph,5015,14,5,3,2,,1000,15,1,1,0,,,3000,1,0,3000
1914,8823,40,113,02/14/2024,1,Vince Bacani,4853,22,11,11,1,1000,5600,16,8,7,2,,5000,16600,1,5000,21600
1914,8823,40,113,02/14/2024,2,Ilhana Redzovic,5204,24,14,11,3,,3400,17,13,10,3,,,10600,0,10600,0
1914,8823,40,113,02/14/2024,3,Elliott Kim,5290,19,7,5,2,,2200,13,9,7,3,-2000,,4600,0,1,4599
1915,8824,40,114,02/15/2024,1,Diandra D'Alessio,5189,20,12,12,1,1000,7000,21,10,11,1,3000,5000,24600,0,1001,23599
1915,8824,40,114,02/15/2024,2,James Tyler,5310,24,9,9,0,,4000,23,10,9,1,,,12800,0,12800,0
1915,8824,40,114,02/15/2024,3,David Bederman,5327,18,7,6,1,,4000,17,11,7,4,,,7600,0,7600,0
1916,8825,40,115,02/16/2024,1,Sriram Krishnan,4766,17,7,7,0,,4600,14,7,6,1,,,9000,0,0,9000
1916,8825,40,115,02/16/2024,2,Vince Bacani,4853,17,8,8,1,1600,4600,18,10,8,3,,-5000,3200,1,0,3200
1916,8825,40,115,02/16/2024,3,Mira Hayward,4920,23,13,13,0,,8000,16,9,9,1,4000,,18400,1,0,18400
1917,8826,40,116,02/19/2024,1,Diandra D'Alessio,5189,19,10,9,1,,4800,14,6,7,0,,2000,15200,1,6000,21200
1917,8826,40,116,02/19/2024,2,Deb Bilodeau,5063,19,10,10,1,2200,5800,16,11,11,1,2600,,17200,1,13201,30401
1917,8826,40,116,02/19/2024,3,Taylor Clagett,5337,17,8,6,2,,1000,10,7,6,1,,,4600,1,23,4623
1918,8827,40,117,02/20/2024,1,Kat Jepson,5049,23,8,8,0,,5600,12,2,2,0,,,8400,0,8400,0
1918,8827,40,117,02/20/2024,2,Alex Gordon,5303,25,12,9,3,,2600,18,14,11,3,,,10200,0,8601,1599
1918,8827,40,117,02/20/2024,3,Jesse Matheny,5082,20,10,9,2,-1600,2000,15,9,11,0,2000,6800,18800,1,1601,20401
1919,8828,40,118,02/21/2024,1,Deb Bilodeau,5063,25,12,12,0,,7200,15,8,7,1,,,13600,1,8000,21600
1919,8828,40,118,02/21/2024,2,Jesse Matheny,5082,19,11,12,0,1800,6800,13,6,7,1,-8800,1000,5400,0,2600,2800
1919,8828,40,118,02/21/2024,3,Mira Hayward,4920,17,5,5,0,,3800,16,9,8,1,,,9800,0,7000,2800
1920,8829,40,119,02/22/2024,1,Deb Bilodeau,5063,20,8,8,1,2500,5900,18,9,7,2,,,10300,0,10300,0
1920,8829,40,119,02/22/2024,2,Jesse Matheny,5082,20,8,8,0,,4600,18,8,9,0,7400,,20400,0,19800,600
1920,8829,40,119,02/22/2024,3,Mira Hayward,4920,22,11,10,1,,5800,18,7,6,2,,-5000,5600,0,5600,0
1921,8830,40,120,02/23/2024,1,Emily Sands,462,21,13,11,2,,4800,20,14,13,2,7000,,21800,0,0,21800
1921,8830,40,120,02/23/2024,2,Suresh Krishnan,5219,14,4,4,1,-2400,200,21,9,6,4,,-3000,0,,,0
1921,8830,40,120,02/23/2024,3,Matthew Marcus,4902,16,8,6,2,,1000,14,6,5,1,,,7400,1,7399,14799
1922,8831,40,121,02/26/2024,1,Cris Pannullo,4587,26,17,15,2,,8800,23,10,7,3,,,14000,0,14000,0
1922,8831,40,121,02/26/2024,2,Ben Goldstein,1833,9,4,4,0,,1200,15,6,5,1,,,4400,0,4300,100
1922,8831,40,121,02/26/2024,3,Jared Watson,5210,27,8,9,0,4200,8800,20,10,12,0,6000,5000,32200,1,0,32200
1923,8832,40,122,02/27/2024,1,Hannah Wilson,5097,23,11,9,2,,3800,21,12,13,1,7000,-10000,13200,1,13195,26395
1923,8832,40,122,02/27/2024,2,David Sibley,4575,21,12,11,2,2800,7600,20,10,9,1,,,18800,1,7601,26401
1923,8832,40,122,02/27/2024,3,Yungsheng Wang,4481,20,6,5,1,,2400,15,5,4,1,,,3200,1,3200,6400
1924,8833,40,123,02/28/2024,1,Nick Cascone,375,13,4,3,1,,1000,16,7,7,2,5800,-10000,2400,0,2399,1
1924,8833,40,123,02/28/2024,2,Jake DeArruda,4886,21,16,16,1,6600,14400,13,7,4,3,,,14400,0,12401,1999
1924,8833,40,123,02/28/2024,3,Yogesh Raut,4842,24,9,9,0,,5600,28,17,17,0,,,26800,0,2001,24799
1925,8834,40,124,02/29/2024,1,Luigi de Guzman,4542,24,7,4,3,,1600,24,14,13,3,3200,10000,22000,1,21999,43999
1925,8834,40,124,02/29/2024,2,Kevin Belle,5088,20,7,6,1,,2200,21,4,4,0,,,5800,0,0,5800
1925,8834,40,124,02/29/2024,3,Juveria Zaheer,5106,21,15,15,1,4000,11400,27,12,11,1,,,23400,0,21000,2400
1926,8835,40,125,03/01/2024,1,Stephen Webb,4931,22,5,3,3,-1000,-800,22,8,5,4,2000,,-800,,,-800
1926,8835,40,125,03/01/2024,2,Brian Henegar,5033,22,12,10,2,,5200,19,15,13,3,,-3200,12800,0,4001,8799
1926,8835,40,125,03/01/2024,3,Josh Saak,630,18,11,11,0,,5600,17,6,5,1,,,8400,0,4405,3995
1927,8836,40,126,03/04/2024,1,Ray Lalonde,4782,19,9,9,0,,5400,17,8,8,0,,,13800,1,8000,21800
1927,8836,40,126,03/04/2024,2,Melissa Klapper,5000,15,6,6,1,1600,3800,18,7,8,0,,8000,21400,0,8201,13199
1927,8836,40,126,03/04/2024,3,Ike Barinholtz,4610,18,10,10,0,,4800,14,9,7,3,7600,,14800,1,13801,28601
1928,8837,40,127,03/05/2024,1,Ben Chan,5052,23,14,14,1,3600,11400,18,13,14,0,4000,,29800,0,0,29800
1928,8837,40,127,03/05/2024,2,Justin Bolsen,2647,14,5,4,1,,1600,21,9,8,1,,,10000,0,42,9958
1928,8837,40,127,03/05/2024,3,Emmett Stanton,4557,16,8,7,1,,3200,10,4,2,3,,-4400,-2000,,,-2000
1929,8838,40,128,03/06/2024,1,Troy Meyer,4859,26,15,14,1,,7000,24,13,14,1,11800,4000,38400,1,0,38400
1929,8838,40,128,03/06/2024,2,Deb Bilodeau,5063,22,4,4,1,-1000,1600,22,8,8,0,,,8400,0,0,8400
1929,8838,40,128,03/06/2024,3,Sean McShane,4772,22,11,10,1,,5200,14,4,3,1,,,7200,0,1201,5999
1930,8839,40,129,03/07/2024,1,Jared Watson,5210,18,11,11,1,1800,7400,17,7,6,2,,-8600,3600,0,0,3600
1930,8839,40,129,03/07/2024,2,Ben Chan,5052,23,11,11,0,,6800,17,11,10,2,4000,,15200,0,5601,9599
1930,8839,40,129,03/07/2024,3,Ike Barinholtz,4610,12,7,6,1,,1600,16,7,7,0,,,10400,0,10400,0
1933,8840,40,130,03/08/2024,1,David Sibley,4575,24,7,5,2,,600,23,8,7,1,,,6200,0,3721,2479
1933,8840,40,130,03/08/2024,2,Yogesh Raut,4842,26,11,12,0,1800,7400,21,12,11,1,,,21400,1,0,21400
1933,8840,40,130,03/08/2024,3,Emily Sands,462,22,12,10,2,,5600,21,10,9,3,-7600,2800,6800,0,0,6800
2394,8841,40,131,03/11/2024,1,Luigi de Guzman,4542,21,15,15,1,2600,10600,22,7,7,0,,,18600,0,18599,1
2394,8841,40,131,03/11/2024,2,Troy Meyer,4859,23,4,4,0,,2400,27,13,15,0,6800,2000,28400,0,8801,19599
2394,8841,40,131,03/11/2024,3,Brian Henegar,5033,16,9,6,3,,1000,20,10,8,2,,,6200,0,6195,5
2395,8842,40,132,03/12/2024,1,Yogesh Raut,4842,21,9,9,0,,3600,24,12,11,1,,,15600,1,0,15600
2395,8842,40,132,03/12/2024,2,Troy Meyer,4859,22,8,8,1,1600,5800,28,13,14,1,9000,-6000,22000,0,9201,12799
2395,8842,40,132,03/12/2024,3,Ben Chan,5052,22,10,10,0,,6000,23,7,5,2,,,10000,1,5601,15601
2396,8843,40,133,03/13/2024,1,Yogesh Raut,4842,25,8,8,0,,4800,24,11,10,2,9200,,20400,1,20400,40800
2396,8843,40,133,03/13/2024,2,Troy Meyer,4859,27,12,11,2,1400,5800,27,14,14,1,,21800,46800,1,0,46800
2396,8843,40,133,03/13/2024,3,Ben Chan,5052,24,11,10,1,,5600,18,4,4,0,,,10400,1,0,10400
2397,8844,40,134,03/14/2024,1,Yogesh Raut,4842,27,10,9,1,,4600,27,13,13,1,,12200,29600,1,6001,35601
2397,8844,40,134,03/14/2024,2,Troy Meyer,4859,27,12,11,2,-2600,2800,27,8,9,0,5600,,15200,1,15200,30400
2397,8844,40,134,03/14/2024,3,Ben Chan,5052,23,8,8,0,,5800,24,8,8,0,,,17800,1,12601,30401
2398,8845,40,135,03/15/2024,1,Yogesh Raut,4842,24,12,12,0,,6400,23,11,11,0,,,20400,0,5200,15200
2398,8845,40,135,03/15/2024,2,Troy Meyer,4859,25,10,10,0,,8000,26,11,11,1,,14000,33200,0,7601,25599
2398,8845,40,135,03/15/2024,3,Ben Chan,5052,22,8,7,2,1000,1800,19,6,7,0,5000,,12800,1,12800,25600
2399,8846,40,136,03/18/2024,1,Yogesh Raut,4842,28,14,14,0,,8800,27,15,15,1,,15200,38800,0,0,38800
2399,8846,40,136,03/18/2024,2,Troy Meyer,4859,28,8,6,3,1800,3600,26,9,9,1,5200,,16800,1,1601,18401
2399,8846,40,136,03/18/2024,3,Ben Chan,5052,27,10,10,0,,4800,22,5,4,1,,,9200,1,7601,16801
2400,8848,40,137,03/19/2024,1,Yogesh Raut,4842,21,10,10,0,,5400,25,11,11,0,,,16600,0,3201,13399
2400,8848,40,137,03/19/2024,2,Troy Meyer,4859,27,11,12,0,2800,9400,20,7,7,0,,,19800,0,13401,6399
2400,8848,40,137,03/19/2024,3,Ben Chan,5052,22,8,7,1,,3400,13,8,8,2,4200,-9600,3200,1,3200,6400
2631,8849,40,138,03/20/2024,1,Dan Pawson,7891,20,8,7,1,,3200,16,6,5,1,,,6400,0,6400,0
2631,8849,40,138,03/20/2024,2,Pam Mueller,7892,27,13,12,1,,6800,25,9,9,0,,,16800,0,16800,0
2631,8849,40,138,03/20/2024,3,Andrew He,819,22,9,7,3,-1000,600,23,12,13,1,8600,10000,33600,1,1,33601
2632,8850,40,139,03/21/2024,1,Leonard Cooper,7894,19,8,6,2,,1200,14,6,7,0,2400,,9600,1,4700,14300
2632,8850,40,139,03/21/2024,2,Jason Zuffranieri,1084,23,10,9,1,,4200,20,6,7,0,,9400,19600,0,6000,13600
2632,8850,40,139,03/21/2024,3,Larissa Kelly,7896,27,11,12,0,4600,12000,22,14,13,1,,,25200,1,15000,40200
2633,8851,40,140,03/22/2024,1,Terry O'Shea,7897,15,9,9,0,,4200,17,6,5,1,,,5800,0,5800,0
2633,8851,40,140,03/22/2024,2,Matt Jackson,7230,20,11,11,1,3200,9600,24,14,15,0,,12000,41200,1,121,41321
2633,8851,40,140,03/22/2024,3,Alan Lin,3449,21,8,7,1,,2800,23,9,9,1,4000,,14000,1,1,14001
2634,8852,40,141,03/25/2024,1,Celeste DiNucci,7900,19,6,5,1,,2400,22,12,7,5,,,800,0,800,0
2634,8852,40,141,03/25/2024,2,Austin Rogers,3357,22,10,9,2,1600,5600,18,7,6,1,,,9600,0,1696,7904
2634,8852,40,141,03/25/2024,3,Amy Schneider,834,27,15,14,1,,7600,20,12,13,1,6000,-1000,28600,0,0,28600
2635,8853,40,142,03/26/2024,1,MacKenzie Jones,505,22,12,8,4,,2200,13,8,3,5,,,600,0,10,590
2635,8853,40,142,03/26/2024,2,Arthur Chu,7904,22,11,11,1,1000,6400,12,8,8,1,,-10000,5600,1,0,5600
2635,8853,40,142,03/26/2024,3,David Madden,7905,24,11,9,2,,4200,20,10,11,0,5000,,18400,1,1,18401
2636,8854,40,143,03/27/2024,1,Alex Jacob,7333,19,12,12,0,,6600,15,7,6,1,,,14200,0,14200,0
2636,8854,40,143,03/27/2024,2,Jennifer Quail,502,18,4,3,1,,1600,21,13,10,4,5000,,11000,1,11000,22000
2636,8854,40,143,03/27/2024,3,Brandon Blackwell,7908,21,10,11,0,1000,6200,21,9,9,1,,11400,23600,0,4801,18799
2637,8855,40,144,03/28/2024,1,Sam Kavanaugh,508,26,5,4,2,-1000,200,22,7,9,0,2000,2200,12000,0,4400,7600
2637,8855,40,144,03/28/2024,2,Chuck Forrest,7910,19,10,8,2,,2600,13,6,6,0,,,11000,0,4801,6199
2637,8855,40,144,03/28/2024,3,Monica Thieu,7911,20,14,13,1,,8200,14,11,10,1,,,15800,0,8201,7599
2638,8856,40,145,03/29/2024,1,Victoria Groce,7912,26,15,14,1,,7600,27,16,14,2,,,22800,1,6001,28801
2638,8856,40,145,03/29/2024,2,Dhruv Gaur,3776,12,9,9,1,2000,5200,15,2,3,0,,6400,14400,0,8401,5999
2638,8856,40,145,03/29/2024,3,Ben Ingram,7914,20,5,3,2,,-200,20,10,9,2,-2000,,5800,1,1854,7654
2639,8858,40,146,04/01/2024,1,Lilly Chin,3446,12,4,4,0,,2000,14,8,6,3,-5000,,3000,0,0,3000
2639,8858,40,146,04/01/2024,2,Colby Burnett,7916,16,7,7,1,1800,4800,16,9,8,1,,,14800,0,9601,5199
2639,8858,40,146,04/01/2024,3,Sam Buttrey,877,16,12,11,1,,4600,15,10,11,0,,10600,24400,1,5201,29601
2640,8859,40,147,04/02/2024,1,Amy Schneider,834,19,15,15,0,,8400,19,11,9,2,,,17600,1,17500,35100
2640,8859,40,147,04/02/2024,2,Jennifer Quail,502,16,6,6,1,-3000,1200,19,8,7,1,,,7200,0,7200,0
2640,8859,40,147,04/02/2024,3,David Madden,7905,17,4,3,1,,400,17,8,10,0,2000,5000,17400,1,209,17609
2641,8860,40,148,04/03/2024,1,Larissa Kelly,7896,17,12,12,1,-3600,4000,19,9,9,0,,,13200,0,1000,12200
2641,8860,40,148,04/03/2024,2,Andrew He,819,25,11,10,1,,5600,11,8,10,0,9600,6000,32000,1,0,32000
2641,8860,40,148,04/03/2024,3,Sam Kavanaugh,508,25,6,5,1,,800,24,8,7,1,,,9200,0,0,9200
2642,8862,40,149,04/04/2024,1,Matt Jackson,7230,26,11,10,1,,4800,20,6,6,0,,,10400,0,10399,1
2642,8862,40,149,04/04/2024,2,Sam Buttrey,877,23,10,9,1,,3800,13,6,7,0,5400,,16000,1,11001,27001
2642,8862,40,149,04/04/2024,3,Victoria Groce,7912,24,11,9,3,2600,6000,25,15,14,2,,9000,27000,1,5001,32001
2643,8865,40,150,04/05/2024,1,Amy Schneider,834,27,11,11,0,,6200,23,13,11,2,,,15000,1,15000,30000
2643,8865,40,150,04/05/2024,2,Victoria Groce,7912,28,10,11,0,4200,10600,22,8,7,2,,13400,29600,0,401,29199
2643,8865,40,150,04/05/2024,3,Andrew He,819,24,9,7,2,,2600,18,7,7,1,4200,,9600,0,0,9600
2644,8877,40,151,04/08/2024,1,Amy Schneider,834,16,5,6,0,4400,8800,17,6,6,1,,12000,26000,1,11601,37601
2644,8877,40,151,04/08/2024,2,Victoria Groce,7912,24,13,13,0,,6800,26,16,17,0,11200,,37600,1,14401,52001
2644,8877,40,151,04/08/2024,3,Andrew He,819,17,6,6,0,,3000,20,7,6,1,,,8600,1,8000,16600
2645,8879,40,152,04/09/2024,1,Amy Schneider,834,24,6,6,0,,4200,21,9,9,1,-6200,,7200,1,1400,8600
2645,8879,40,152,04/09/2024,2,Victoria Groce,7912,26,14,14,1,-2800,5800,25,12,11,2,,-6000,11400,1,8601,20001
2645,8879,40,152,04/09/2024,3,Andrew He,819,20,7,7,0,,3200,21,7,6,1,,,10000,1,4401,14401
2646,8881,40,153,04/10/2024,1,Lucas Partridge,5342,23,17,12,5,,3600,11,6,5,1,,,7600,0,7600,0
2646,8881,40,153,04/10/2024,2,Lee Wilkins,7937,18,5,3,2,,0,13,5,4,1,,,5200,0,3000,2200
2646,8881,40,153,04/10/2024,3,Daniel Rosenberg,7938,24,9,9,1,1600,4600,15,10,7,5,-1800,1600,7200,0,7200,0
2647,8883,40,154,04/11/2024,1,Lee Wilkins,7937,19,9,6,3,,800,15,10,5,5,,,3200,0,0,3200
2647,8883,40,154,04/11/2024,2,Brian Hardzinski,7940,23,6,5,1,,2400,17,10,10,1,,2000,14000,1,14000,28000
2647,8883,40,154,04/11/2024,3,Alison Betts,7941,25,17,15,3,2000,9000,18,8,8,1,2000,,14600,1,14000,28600
2648,8886,40,155,04/12/2024,1,Alison Betts,7941,21,9,9,1,1000,4600,17,14,14,2,7000,2000,25600,1,7500,33100
2648,8886,40,155,04/12/2024,2,Sarah Avery,7943,20,12,11,1,,5200,12,7,6,1,,,8400,0,4801,3599
2648,8886,40,155,04/12/2024,3,Brian Phillips,7944,11,3,2,1,,200,12,5,5,0,,,6600,1,1801,8401
2649,8898,40,156,04/15/2024,1,Alison Betts,7941,23,16,15,2,3000,10000,20,11,11,2,5000,5000,26800,1,9000,35800
2649,8898,40,156,04/15/2024,2,Joshua Beckett,7946,21,12,11,1,,6800,15,7,6,1,,,8400,1,1201,9601
2649,8898,40,156,04/15/2024,3,Adam Sieff,7947,12,0,0,0,,0,11,4,4,0,,,4800,0,3000,1800
2650,8900,40,157,04/16/2024,1,Alison Betts,7941,21,12,12,1,2000,6800,20,9,7,2,,,11200,0,1000,10200
2650,8900,40,157,04/16/2024,2,Veronica Tabor,7949,15,11,7,4,,1200,12,6,3,3,,,0,,,0
2650,8900,40,157,04/16/2024,3,Eric Reimund,7950,8,4,3,1,,400,22,14,13,3,2400,-4000,11600,0,11599,1
2651,8903,40,158,04/17/2024,1,Alison Betts,7941,26,15,10,5,,3600,17,11,9,3,4800,,12800,1,1000,13800
2651,8903,40,158,04/17/2024,2,Vidya Ravella,7952,21,9,8,2,1000,2200,20,8,6,3,,-6000,-1400,,,-1400
2651,8903,40,158,04/17/2024,3,Jeff Plate,7953,18,7,6,1,,2200,16,7,6,1,,,5400,0,1204,4196
2652,8905,40,159,04/18/2024,1,Alison Betts,7941,27,12,12,1,-1800,5000,22,9,7,2,,,11000,0,8500,2500
2652,8905,40,159,04/18/2024,2,Rob Blumenstein,7955,17,5,5,0,,3600,14,5,5,1,3600,,9600,0,9559,41
2652,8905,40,159,04/18/2024,3,Marko Saric,7956,21,13,11,2,,4400,22,14,11,4,,2900,12900,0,9101,3799
2653,8907,40,160,04/19/2024,1,Marko Saric,7956,21,13,11,2,,4800,18,12,12,1,-4500,,15900,1,6901,22801
2653,8907,40,160,04/19/2024,2,Scott Nations,7958,19,4,4,0,,2400,10,7,7,1,,4200,11400,0,6901,4499
2653,8907,40,160,04/19/2024,3,Molly Fitzpatrick,7959,26,15,12,4,-1000,4000,12,6,4,2,,,4800,1,4798,9598
2654,8911,40,161,04/22/2024,1,Marko Saric,7956,24,14,15,0,3600,12800,19,6,5,2,,-3300,14700,0,13501,1199
2654,8911,40,161,04/22/2024,2,Nam Nguyen,7961,19,11,11,0,,5200,19,16,16,1,5000,,28200,0,1201,26999
2654,8911,40,161,04/22/2024,3,Elly Trickett,7962,17,4,2,2,,-400,15,5,3,2,,,-800,,,-800
2655,8912,40,162,04/23/2024,1,Nam Nguyen,7961,20,14,13,1,,8600,17,11,12,1,-3000,2000,17600,0,401,17199
2655,8912,40,162,04/23/2024,2,Lianne Schaffer,7964,16,5,5,1,1000,2600,14,3,3,0,,,7000,1,7000,14000
2655,8912,40,162,04/23/2024,3,Mark Lashley,7965,12,8,7,1,,1800,21,13,10,3,,,9000,1,8601,17601
2656,8913,40,163,04/24/2024,1,Mark Lashley,7965,22,10,10,1,-1000,4600,14,4,4,1,-2000,,8600,1,801,9401
2656,8913,40,163,04/24/2024,2,Paul Drake,7967,26,9,9,0,,5800,22,10,7,3,,,9400,1,7801,17201
2656,8913,40,163,04/24/2024,3,Amy Hummel,7968,25,10,10,0,,6000,15,11,10,2,,-4000,13200,1,5700,18900
2657,8914,40,164,04/25/2024,1,Amy Hummel,7968,21,14,12,2,,5800,13,12,13,1,-3000,2000,18800,0,5,18795
2657,8914,40,164,04/25/2024,2,Tyler Jarvis,7970,15,10,10,1,1800,6200,7,2,2,0,,,8600,0,4599,4001
2657,8914,40,164,04/25/2024,3,Justin Brandt,7971,6,4,3,1,,800,4,1,1,0,,,2000,0,0,2000
2658,8915,40,165,04/26/2024,1,Amy Hummel,7968,21,11,11,1,1000,5400,17,11,11,1,,1500,17700,1,2800,20500
2658,8915,40,165,04/26/2024,2,Dan Byrne,7973,19,12,11,1,,6600,11,5,4,1,,,10200,1,10199,20399
2658,8915,40,165,04/26/2024,3,Matt Mawhinney,7974,21,7,5,2,,800,18,11,8,4,2000,,4000,0,3998,2
2659,8916,40,166,04/29/2024,1,Amy Hummel,7968,25,12,10,2,,3400,19,13,10,3,,,13800,1,13799,27599
2659,8916,40,166,04/29/2024,2,Ferdinand Percentie,7976,19,13,9,5,1000,3400,19,13,13,2,5000,4000,21600,0,7801,13799
2659,8916,40,166,04/29/2024,3,Kirsten Lundquist,7977,17,6,3,3,,0,7,2,2,0,,,800,1,800,1600
2660,8917,40,167,04/30/2024,1,Amy Hummel,7968,19,8,8,0,,4800,16,11,7,4,,,7600,1,7600,15200
2660,8917,40,167,04/30/2024,2,Bryan Carrasco,7979,17,10,9,2,1000,4200,14,6,7,1,-10200,1200,3200,1,3198,6398
2660,8917,40,167,04/30/2024,3,Laura Bligh,7980,19,11,9,2,,4800,17,10,7,3,,,7600,0,0,7600
2661,8918,40,168,05/01/2024,1,Amy Hummel,7968,15,7,5,2,,3000,15,9,9,2,-4000,-4200,3600,0,3599,1
2661,8918,40,168,05/01/2024,2,Weckiai Rannila,7982,24,15,13,2,,5400,20,11,8,3,,,11400,0,1401,9999
2661,8918,40,168,05/01/2024,3,Nils Cousin,7983,15,8,9,0,2400,6000,9,4,2,2,,,6400,0,4000,2400
2662,8921,40,169,05/02/2024,1,Weckiai Rannila,7982,22,11,11,0,,6600,15,11,9,2,,,15000,1,3001,18001
2662,8921,40,169,05/02/2024,2,Angelus Kocoshis,7985,21,12,12,1,-2400,4200,19,10,7,5,3400,-5000,4600,1,0,4600
2662,8921,40,169,05/02/2024,3,Sarah Hardy,7986,19,6,6,0,,3800,11,6,5,1,,,9000,1,8999,17999
2663,8922,40,170,05/03/2024,1,Weckiai Rannila,7982,21,9,8,2,-1000,1800,22,12,8,5,,-1000,3600,1,3600,7200
2663,8922,40,170,05/03/2024,2,Deana Krumhansl,7988,17,10,8,2,,2600,14,8,8,0,,,9400,0,8201,1199
2663,8922,40,170,05/03/2024,3,Henry Lindstrom,7989,20,9,8,1,,4600,10,6,4,3,3000,,8800,0,7800,1000
2666,8923,40,171,05/06/2024,1,Weckiai Rannila,7982,25,18,18,1,1000,10000,16,10,10,1,-2000,,19600,0,6801,12799
2666,8923,40,171,05/06/2024,2,Matthew Smith,7991,15,6,5,1,,2800,11,6,7,0,,4000,13200,1,13200,26400
2666,8923,40,171,05/06/2024,3,Carrie Klaus,7992,16,6,6,0,,3000,11,6,6,0,,,10600,0,9000,1600
2669,8926,40,172,05/07/2024,1,Matthew Smith,7991,14,8,6,2,,2600,11,4,4,0,,,7000,0,4900,2100
2669,8926,40,172,05/07/2024,2,Daniel King,7994,5,4,3,1,,1200,7,3,3,1,-2000,,2000,1,1998,3998
2669,8926,40,172,05/07/2024,3,Allison Gross,7995,15,13,12,2,2000,5800,12,9,8,2,,2000,11800,0,2201,9599
2670,8927,40,173,05/08/2024,1,Allison Gross,7995,18,11,10,1,,4400,18,14,13,2,,-4000,12400,0,2401,9999
2670,8927,40,173,05/08/2024,2,Kelcy LópezFreeman,7997,21,8,7,1,,3800,12,7,4,3,,,7400,0,2600,4800
2670,8927,40,173,05/08/2024,3,Ben Mills,7998,16,7,7,1,-1000,2000,12,4,3,2,-2000,,3200,0,0,3200
2673,8930,40,174,05/09/2024,1,Allison Gross,7995,14,9,9,0,,4400,17,12,13,1,4000,2000,19600,1,5400,25000
2673,8930,40,174,05/09/2024,2,Jennifer Trofa,8000,19,4,1,3,,-1000,12,5,3,2,,,200,0,199,1
2673,8930,40,174,05/09/2024,3,Isabella Dawis,8001,19,15,15,1,-8000,600,11,3,3,0,,,4200,0,3700,500
2674,8931,40,175,05/10/2024,1,Allison Gross,7995,13,6,5,1,,1200,7,6,6,2,4800,-6000,6000,0,6000,0
2674,8931,40,175,05/10/2024,2,Jonah Lipton,8003,18,13,13,1,3000,10400,15,10,7,3,,,12800,1,12800,25600
2674,8931,40,175,05/10/2024,3,Will Stewart,8004,17,9,9,0,,4000,20,10,10,0,,,16000,1,9601,25601
2677,8934,40,176,05/13/2024,1,Will Stewart,8004,14,7,6,2,-1000,2400,22,15,15,2,1000,4000,18600,1,100,18700
2677,8934,40,176,05/13/2024,2,Michael Richter,8006,15,8,5,3,,-400,19,9,5,4,,,-400,,,-400
2677,8934,40,176,05/13/2024,3,Joyce Yang,8007,16,10,10,0,,5200,13,4,4,0,,,9200,1,800,10000
2680,8937,40,177,05/14/2024,1,Will Stewart,8004,22,16,15,1,,7800,18,9,10,0,0,10000,28600,0,2400,26200
2680,8937,40,177,05/14/2024,2,Omar Ahmed,8009,16,5,3,2,,1200,16,8,8,1,2600,,12200,0,2201,9999
2680,8937,40,177,05/14/2024,3,Ashley Atkin,8010,20,11,9,3,-2000,2000,19,12,9,3,,,7200,0,5001,2199
2681,8938,40,178,05/15/2024,1,Will Stewart,8004,21,11,12,0,1400,7600,14,7,6,1,,,12800,1,401,13201
2681,8938,40,178,05/15/2024,2,Kathy Olson,8012,25,10,7,3,,1800,21,8,6,2,,,6600,1,6599,13199
2681,8938,40,178,05/15/2024,3,Grant DeYoung,8013,24,14,10,4,,3400,20,13,12,3,5000,-4000,13200,1,12401,25601
2684,8941,40,179,05/16/2024,1,Grant DeYoung,8013,22,14,13,2,-4000,3000,19,12,11,3,5000,6000,20800,1,0,20800
2684,8941,40,179,05/16/2024,2,Chen Yan,8015,15,7,7,0,,2800,17,9,8,1,,,9600,0,0,9600
2684,8941,40,179,05/16/2024,3,Elizabeth Brzozowski,8016,14,5,5,0,,3600,11,3,2,1,,,2400,0,2400,0
2685,8942,40,180,05/17/2024,1,Grant DeYoung,8013,19,12,12,1,3200,8000,19,13,11,3,,5000,19800,1,1001,20801
2685,8942,40,180,05/17/2024,2,Nick Coombs,8018,24,9,8,1,,3600,10,7,5,2,,,10400,0,9401,999
2685,8942,40,180,05/17/2024,3,Rachel Shelton,8019,16,6,6,0,,3800,14,4,3,2,-7000,,0,,,0
2688,8945,40,181,05/20/2024,1,Grant DeYoung,8013,19,14,9,5,,2600,24,15,9,6,,,8200,1,5801,14001
2688,8945,40,181,05/20/2024,2,Gregg Meller,8021,24,10,9,2,1000,5400,19,7,7,2,1000,-6000,6800,0,6800,0
2688,8945,40,181,05/20/2024,3,Ivvone Zhou,8022,15,5,5,0,,3000,17,8,6,2,,,7000,1,7000,14000
2691,8948,40,182,05/21/2024,1,Grant DeYoung,8013,23,16,12,5,1000,3800,19,12,10,4,-4000,3000,12400,1,399,12799
2691,8948,40,182,05/21/2024,2,Sam Spar,8024,6,2,2,0,,600,11,3,3,0,,,3400,1,1999,5399
2691,8948,40,182,05/21/2024,3,Chris D'Amico,8025,21,12,8,4,,3400,15,9,9,0,,,12600,1,12500,25100
2692,8949,40,183,05/22/2024,1,Chris D'Amico,8025,23,14,14,1,-200,6800,17,13,10,4,,-6000,6800,0,2000,4800
2692,8949,40,183,05/22/2024,2,Ellen Klages,8027,16,4,2,2,,-400,11,5,3,2,,,2000,0,70,1930
2692,8949,40,183,05/22/2024,3,Amar Kakirde,8028,18,10,9,1,,4800,17,9,9,1,4000,,15600,1,1000,16600
2695,8950,40,184,05/23/2024,1,Amar Kakirde,8028,18,7,6,2,-2800,400,13,11,10,2,,-1200,9200,0,1201,7999
2695,8950,40,184,05/23/2024,2,Brendan Gilfillan,8030,20,12,10,2,,3800,12,7,4,3,,,3000,0,2900,100
2695,8950,40,184,05/23/2024,3,Liz Capouch,8031,14,5,5,0,,1800,9,6,6,1,-3000,,5200,1,0,5200
2696,8953,40,185,05/24/2024,1,Amar Kakirde,8028,19,9,8,2,-500,4500,16,12,11,1,,,15300,1,1500,16800
2696,8953,40,185,05/24/2024,2,Has Karbalai,8033,24,16,11,5,,4000,14,8,8,2,-4400,2000,6800,1,3999,10799
2696,8953,40,185,05/24/2024,3,Anna Marie Cunningham,8034,12,7,5,2,,1400,6,0,0,0,,,1400,0,1400,0
2697,8954,40,186,05/27/2024,1,Amar Kakirde,8028,19,9,8,2,-1000,3600,14,11,11,2,4000,2000,16000,0,1500,14500
2697,8954,40,186,05/27/2024,2,Tim Keily,8036,22,14,11,3,,5000,11,5,3,2,,,5000,0,2251,2749
2697,8954,40,186,05/27/2024,3,Ryan Alcorn,8037,17,8,6,2,,1200,8,5,5,0,,,7200,0,0,7200
2698,8955,40,187,05/28/2024,1,Amar Kakirde,8028,21,13,12,2,3000,8600,12,8,6,2,,,14200,0,14199,1
2698,8955,40,187,05/28/2024,2,Abby Mann,8039,23,9,7,2,,3000,14,5,5,0,,,8200,0,3000,5200
2698,8955,40,187,05/28/2024,3,Steve Miller,8040,17,9,7,2,,1400,17,10,11,1,2000,4000,15400,0,13001,2399
2699,8956,40,188,05/29/2024,1,Abby Mann,8039,21,11,9,2,,4800,17,9,8,1,,,12400,1,3000,15400
2699,8956,40,188,05/29/2024,2,Adriana Harmeyer,8042,20,7,7,1,1000,3800,17,11,11,1,4000,,16200,1,10000,26200
2699,8956,40,188,05/29/2024,3,Brian O'Shea,8043,17,12,10,2,,4600,12,7,4,4,,-6000,-1000,,,-1000
2700,8957,40,189,05/30/2024,1,Adriana Harmeyer,8042,25,18,18,1,-2000,9000,16,10,10,1,4000,,22200,0,2200,20000
2700,8957,40,189,05/30/2024,2,Brad Miller,8045,17,7,5,2,,1600,14,10,8,3,,500,3700,1,2301,6001
2700,8957,40,189,05/30/2024,3,Sandee Baker,8046,13,4,4,0,,1800,7,6,4,2,,,3000,0,1200,1800
2701,8958,40,190,05/31/2024,1,Adriana Harmeyer,8042,21,9,8,1,,4000,19,11,11,1,-2000,,14400,1,11000,25400
2701,8958,40,190,05/31/2024,2,Amy Yao,8048,16,10,9,1,,5400,16,3,2,1,,,6200,0,2500,3700
2701,8958,40,190,05/31/2024,3,Josh Moss,8049,20,8,8,1,-3200,1000,21,12,11,2,,2000,12200,0,2201,9999
2702,8959,40,191,06/03/2024,1,Adriana Harmeyer,8042,26,10,10,0,,6600,21,13,13,1,4000,,22600,0,2400,20200
2702,8959,40,191,06/03/2024,2,Matthew Kahn,8051,17,11,11,0,,5200,16,8,5,3,,,6000,0,2000,4000
2702,8959,40,191,06/03/2024,3,Carol Ritchey,8052,25,8,9,0,2500,7900,22,7,6,2,,-7600,5900,0,5800,100
2703,8960,40,192,06/04/2024,1,Adriana Harmeyer,8042,20,15,14,1,,6200,14,14,13,1,,,17400,1,7000,24400
2703,8960,40,192,06/04/2024,2,Christina Paul,8054,12,5,4,2,-1000,600,8,2,2,1,,1000,2400,0,2400,0
2703,8960,40,192,06/04/2024,3,Travis Kissire,8055,13,6,5,1,,3000,13,5,5,1,-3800,,4800,1,4799,9599
2704,8961,40,193,06/05/2024,1,Adriana Harmeyer,8042,22,10,10,0,,5800,18,12,12,2,2000,-2000,19400,1,500,19900
2704,8961,40,193,06/05/2024,2,Kyle Sorlie Titlow,8057,17,9,7,2,,1600,11,7,4,3,,,2400,1,2399,4799
2704,8961,40,193,06/05/2024,3,Allee Mead,8058,19,9,9,1,1200,5400,11,5,5,0,,,9400,1,0,9400
2705,8962,40,194,06/06/2024,1,Adriana Harmeyer,8042,21,14,12,2,,4800,18,15,14,1,,,18800,1,800,19600
2705,8962,40,194,06/06/2024,2,Benjamin Nelson,8060,16,8,7,1,,2400,11,3,4,0,2400,,8000,0,901,7099
2705,8962,40,194,06/06/2024,3,Shira Gluck,8061,13,7,6,2,-600,3000,20,7,7,1,,-2500,8900,0,2900,6000
2706,8963,40,195,06/07/2024,1,Adriana Harmeyer,8042,22,16,15,2,-2000,5800,17,11,12,0,3000,,19600,1,7800,27400
2706,8963,40,195,06/07/2024,2,Kevin Stuhlmann,8063,19,6,6,0,,4400,23,10,9,1,,,13600,0,6300,7300
2706,8963,40,195,06/07/2024,3,Amogha Tadimety,8064,8,3,3,0,,1000,11,7,5,3,,-1000,3600,1,1600,5200
2707,8964,40,196,06/10/2024,1,Adriana Harmeyer,8042,23,13,9,4,,3000,17,9,8,2,1500,,12100,1,9500,21600
2707,8964,40,196,06/10/2024,2,Aaron Lemos,8066,26,12,8,4,,1600,17,7,4,3,,,1600,0,1600,0
2707,8964,40,196,06/10/2024,3,Josh Fry,8067,21,10,9,2,-2800,1600,18,11,11,1,,1500,10700,0,1401,9299
2708,8965,40,197,06/11/2024,1,Adriana Harmeyer,8042,18,13,10,3,,3400,15,13,13,1,,-3000,14400,1,6600,21000
2708,8965,40,197,06/11/2024,2,Sarah Hartzell,8069,7,5,4,2,-1000,-600,8,4,4,1,2000,,5400,1,3000,8400
2708,8965,40,197,06/11/2024,3,Scott McCann,8070,16,10,9,1,,5000,13,6,6,0,,,10200,1,8001,18201
2709,8966,40,198,06/12/2024,1,Adriana Harmeyer,8042,25,14,14,0,,7600,16,10,11,0,,1000,20600,1,12400,33000
2709,8966,40,198,06/12/2024,2,Connor Townsend,8072,15,7,6,1,,2000,7,6,6,0,,,9600,0,2600,7000
2709,8966,40,198,06/12/2024,3,Enzo Cunanan,8073,20,7,7,1,-1200,4000,18,11,10,2,4000,,16400,1,15000,31400
2710,8967,40,199,06/13/2024,1,Adriana Harmeyer,8042,19,14,10,4,,2800,14,9,10,0,,3000,15800,1,4000,19800
2710,8967,40,199,06/13/2024,2,Hakme Lee,8075,11,8,6,3,-1000,2000,12,6,6,0,,,9200,0,3000,6200
2710,8967,40,199,06/13/2024,3,Mike Flanagan,8076,14,6,4,2,,400,19,8,7,2,-2000,,4400,1,726,5126
2711,8968,40,200,06/14/2024,1,Adriana Harmeyer,8042,21,12,12,1,1000,7200,15,7,7,0,,,12400,1,8100,20500
2711,8968,40,200,06/14/2024,2,Susan Ayoob,8078,14,4,4,0,,3000,15,5,5,0,,,10200,0,10200,0
2711,8968,40,200,06/14/2024,3,Kaitlin Tarr,8079,20,11,10,1,,3800,15,11,11,2,-3000,2000,12800,0,410,12390
2712,8969,40,201,06/17/2024,1,Adriana Harmeyer,8042,21,14,13,1,,7000,11,5,6,0,4000,,16200,1,10800,27000
2712,8969,40,201,06/17/2024,2,Ty Patton,8081,20,10,8,3,1000,2800,10,8,8,1,,5000,13400,1,13399,26799
2712,8969,40,201,06/17/2024,3,Kelsey Kaunisviita Vockrodt,8082,16,6,4,2,,-600,10,5,4,1,,,2200,0,0,2200
2713,8970,40,202,06/18/2024,1,Adriana Harmeyer,8042,20,11,11,0,,6800,17,9,7,2,,,13600,1,10000,23600
2713,8970,40,202,06/18/2024,2,Mark Gagliardi,8084,23,10,10,1,-2200,2800,17,7,7,0,,,7200,0,7195,5
2713,8970,40,202,06/18/2024,3,Colleen Matthews,8085,17,6,6,0,,3400,20,11,10,3,-2000,-2000,10600,1,4000,14600
2714,8971,40,203,06/19/2024,1,Adriana Harmeyer,8042,21,11,12,0,1500,8100,13,7,4,3,,,9300,0,1400,7900
2714,8971,40,203,06/19/2024,2,Drew Basile,8087,21,11,10,1,,5600,16,13,11,3,10000,,23600,0,118,23482
2714,8971,40,203,06/19/2024,3,Tekla Sauter,8088,21,5,5,0,,3200,16,7,8,0,,3000,10600,1,8001,18601
2715,8972,40,204,06/20/2024,1,Drew Basile,8087,21,16,12,4,,3600,16,10,11,1,3000,1200,15800,0,6000,9800
2715,8972,40,204,06/20/2024,2,Bob Longstreth,8090,22,8,5,3,,600,14,7,7,0,,,8600,0,2202,6398
2715,8972,40,204,06/20/2024,3,Jonquil Garrick-Reynolds,8091,20,9,7,3,-1000,1200,22,11,9,2,,,10400,0,9200,1200
2716,8973,40,205,06/21/2024,1,Drew Basile,8087,20,11,8,3,,4400,23,11,12,0,,4000,20000,1,0,20000
2716,8973,40,205,06/21/2024,2,Richelle Brown,8093,18,8,7,1,,2800,16,7,5,3,-3000,,1000,0,5,995
2716,8973,40,205,06/21/2024,3,Josh Heit,8094,21,11,11,1,-3400,2000,16,7,7,0,,,10000,1,10000,20000
2717,8974,40,206,06/24/2024,1,Drew Basile,8087,22,17,16,1,,9800,23,18,17,3,2000,-200,26400,0,4000,22400
2717,8974,40,206,06/24/2024,2,Erin Buker,8096,14,4,2,2,,-400,10,5,0,5,,,-7200,,,-7200
2717,8974,40,206,06/24/2024,3,Graham Hicks,8097,19,10,9,2,1600,4600,12,6,6,0,,,11000,0,10999,1
2718,8975,40,207,06/25/2024,1,Drew Basile,8087,27,12,10,2,,3600,16,13,11,3,,3000,11800,1,3801,15601
2718,8975,40,207,06/25/2024,2,Staci Garner,8099,19,10,9,1,,5800,12,5,3,2,,,7400,0,4401,2999
2718,8975,40,207,06/25/2024,3,Alan Elverum,8100,20,7,7,1,-3000,1000,20,11,8,4,2000,,7800,1,7001,14801
2719,8976,40,208,06/26/2024,1,Drew Basile,8087,22,15,12,3,,5000,18,11,12,1,3000,3000,20200,1,118,20318
2719,8976,40,208,06/26/2024,2,Natalie Miliano,8102,20,9,6,3,,2200,15,3,3,0,,,6200,0,1500,4700
2719,8976,40,208,06/26/2024,3,Maryl Harris,8103,18,10,10,1,1000,4800,20,11,8,3,,,10000,0,3799,6201
2720,8977,40,209,06/27/2024,1,Drew Basile,8087,23,10,10,1,-1000,4600,16,8,9,0,,4000,19000,0,1000,18000
2720,8977,40,209,06/27/2024,2,Luke Hemphill,8105,13,6,6,0,,2600,12,8,7,1,,,7800,0,7000,800
2720,8977,40,209,06/27/2024,3,Jayaker Kolli,8106,22,11,10,1,,5800,14,9,7,3,-2000,,7800,1,0,7800
2721,8978,40,210,06/28/2024,1,Drew Basile,8087,17,11,5,7,-1000,-1400,21,14,14,2,-3000,-2000,9600,0,8399,1201
2721,8978,40,210,06/28/2024,2,Andrew Fox,8108,15,8,5,3,,200,16,6,4,2,,,600,1,600,1200
2721,8978,40,210,06/28/2024,3,Cat Pisacano,8109,15,10,9,1,,3400,11,6,4,2,,,5800,1,5700,11500
2722,8979,40,211,07/01/2024,1,Cat Pisacano,8109,19,15,13,2,,5200,11,9,9,1,,-2500,12300,0,8901,3399
2722,8979,40,211,07/01/2024,2,Matt Brooks,8111,18,9,10,0,1000,6600,14,9,7,2,,,10600,1,0,10600
2722,8979,40,211,07/01/2024,3,Zoe Strassfield,8112,21,6,3,3,,-1000,18,9,6,4,-1400,,1600,1,1500,3100
2723,8980,40,212,07/02/2024,1,Matt Brooks,8111,17,8,6,3,-1000,800,14,8,5,3,,,-400,,,-400
2723,8980,40,212,07/02/2024,2,Chris Nichols,8114,26,17,13,4,,5000,19,10,9,3,-2000,-3000,8400,0,8400,0
2723,8980,40,212,07/02/2024,3,Kelly Proulx,8115,18,6,6,0,,4400,16,8,8,0,,,13200,1,3601,16801
2724,8981,40,213,07/03/2024,1,Kelly Proulx,8115,17,8,8,0,,3600,13,6,5,1,,,8000,0,1000,7000
2724,8981,40,213,07/03/2024,2,Isaac Hirsch,8117,19,9,8,1,,4000,22,16,16,2,3000,-4000,19800,0,615,19185
2724,8981,40,213,07/03/2024,3,Dana Keane,8118,22,8,8,1,-1500,3900,10,6,5,1,,,8300,0,8000,300
2725,8982,40,214,07/04/2024,1,Isaac Hirsch,8117,23,15,14,2,-3400,3400,22,17,16,2,3000,,21200,1,7601,28801
2725,8982,40,214,07/04/2024,2,Christine Roberts,8120,17,2,2,0,,2000,14,5,5,0,,,6400,0,2000,4400
2725,8982,40,214,07/04/2024,3,Josh Martin,8121,17,8,8,0,,4200,11,5,6,0,,5000,14400,1,799,15199
2726,8983,40,215,07/05/2024,1,Isaac Hirsch,8117,24,19,16,3,,7000,21,15,17,0,2000,2000,26200,0,4000,22200
2726,8983,40,215,07/05/2024,2,Alex Wang,8123,19,3,2,2,-600,400,11,3,2,1,,,1600,1,410,2010
2726,8983,40,215,07/05/2024,3,Sarah Crocker,8124,18,7,6,1,,3000,15,6,4,2,,,5000,0,4500,500
2727,8984,40,216,07/08/2024,1,Isaac Hirsch,8117,26,18,18,1,2200,11800,17,11,12,1,5000,600,27400,1,3000,30400
2727,8984,40,216,07/08/2024,2,Karan Menon,8126,18,7,6,1,,2400,14,5,4,1,,,7200,1,2801,10001
2727,8984,40,216,07/08/2024,3,Stephanie Lewis,8127,16,6,3,3,,200,15,7,6,1,,,5000,1,0,5000
2728,8985,40,217,07/09/2024,1,Isaac Hirsch,8117,25,12,10,3,1000,4200,17,15,14,2,,4000,19400,1,201,19601
2728,8985,40,217,07/09/2024,2,Anna Paone,8129,21,10,8,2,,2600,8,6,6,1,2000,,9800,0,1201,8599
2728,8985,40,217,07/09/2024,3,Kathy Davis,8130,16,10,9,1,,3800,12,6,3,3,,,3800,0,0,3800
2729,8986,40,218,07/10/2024,1,Isaac Hirsch,8117,27,15,15,1,1400,8000,19,12,9,3,,,16800,1,4401,21201
2729,8986,40,218,07/10/2024,2,Alex Pribil,8132,18,7,6,1,,3200,14,7,7,2,-4400,2000,5600,1,4000,9600
2729,8986,40,218,07/10/2024,3,Larry P. Wellington,8133,18,7,5,2,,1800,14,8,8,0,,,10600,1,6201,16801
2730,8987,40,219,07/11/2024,1,Isaac Hirsch,8117,22,20,16,5,1200,6400,18,13,11,2,,,18400,1,1600,20000
2730,8987,40,219,07/11/2024,2,Robert Voyles,8135,7,3,2,1,,1000,9,4,4,0,,,5800,0,3399,2401
2730,8987,40,219,07/11/2024,3,Liz McKenna,8136,9,5,3,2,,0,7,4,4,2,2000,-2000,1200,0,102,1098
2731,8988,40,220,07/12/2024,1,Isaac Hirsch,8117,21,16,16,1,-2600,6600,20,15,12,4,2500,,21500,1,12501,34001
2731,8988,40,220,07/12/2024,2,Mike Ferguson,8138,17,10,10,0,,5800,10,5,6,0,,6000,17000,1,4501,21501
2731,8988,40,220,07/12/2024,3,Ashley Weaver,8139,8,1,0,1,,-1000,7,4,2,2,,,-2600,,,-2600
2732,8989,40,221,07/15/2024,1,Isaac Hirsch,8117,22,13,12,2,1400,6600,19,10,8,3,-3000,,11200,1,8801,20001
2732,8989,40,221,07/15/2024,2,James Hayakawa,8141,23,10,8,2,,2800,14,7,4,3,,,4000,1,1200,5200
2732,8989,40,221,07/15/2024,3,Brenna Sniatecki,8142,18,8,7,1,,3000,14,10,8,3,,3000,10000,0,2000,8000
2733,8990,40,222,07/16/2024,1,Isaac Hirsch,8117,20,14,10,5,-3000,400,24,14,15,1,-5000,1500,15300,0,14000,1300
2733,8990,40,222,07/16/2024,2,Jay Fisher,8144,25,11,11,0,,7800,17,8,8,0,,,16200,0,14401,1799
2733,8990,40,222,07/16/2024,3,Erika Stromerson,8145,22,12,6,6,,600,14,5,3,2,,,600,0,0,600
2734,8991,40,223,07/17/2024,1,Jay Fisher,8144,21,9,9,0,,6400,10,7,9,0,3000,3500,19700,0,5300,14400
2734,8991,40,223,07/17/2024,2,Nella Ballauer,8147,13,6,5,2,-1000,0,9,3,3,0,,,3600,0,3599,1
2734,8991,40,223,07/17/2024,3,Zach Eckstein,8148,20,12,10,2,,3800,6,4,2,2,,,1800,0,1800,0
2735,8992,40,224,07/18/2024,1,Jay Fisher,8144,20,11,9,2,,3400,16,7,6,1,,,6600,1,5401,12001
2735,8992,40,224,07/18/2024,2,Micah Rahn-Tiemeyer,8150,18,12,10,3,-1600,2400,17,15,12,5,1000,-3400,8000,0,5201,2799
2735,8992,40,224,07/18/2024,3,Meredith Miller,8151,18,9,6,3,,1200,15,5,4,1,,,6000,0,4500,1500
2736,8993,40,225,07/19/2024,1,Jay Fisher,8144,16,8,7,1,,2600,15,4,4,1,,-2000,5000,1,401,5401
2736,8993,40,225,07/19/2024,2,Dave Gutierrez,8153,17,7,6,1,,3400,11,7,5,2,,,5400,0,5000,400
2736,8993,40,225,07/19/2024,3,Neilesh Vinjamuri,8154,18,11,7,5,-1000,-800,11,11,12,0,1000,,13000,0,1000,12000
2737,8994,40,226,07/22/2024,1,Neilesh Vinjamuri,8154,18,14,15,0,1000,9000,13,12,13,1,3000,2500,26100,1,3000,29100
2737,8994,40,226,07/22/2024,2,Sean Duffie,8156,11,6,6,0,,3600,8,5,4,1,,,5200,0,2401,2799
2737,8994,40,226,07/22/2024,3,Monica Anderson,8157,16,4,4,0,,2000,16,11,8,3,,,7600,0,5000,2600
2738,8995,40,227,07/23/2024,1,Neilesh Vinjamuri,8154,16,12,11,1,,6600,16,12,12,1,,2000,19000,0,7001,11999
2738,8995,40,227,07/23/2024,2,Lindsay Denninger,8159,18,12,12,1,4600,9600,12,10,8,3,-3000,,13000,0,8000,5000
2738,8995,40,227,07/23/2024,3,Tim Herd,8160,11,4,0,4,,-3600,3,2,1,1,,,-2400,,,-2400
2739,8996,40,228,07/24/2024,1,Neilesh Vinjamuri,8154,15,10,11,0,1000,6200,13,9,8,1,,,15400,0,10201,5199
2739,8996,40,228,07/24/2024,2,Wendy Zaballos,8162,14,9,8,1,,4200,11,3,3,1,,-2000,5800,0,5800,0
2739,8996,40,228,07/24/2024,3,Davey Morrison,8163,17,7,6,1,,3000,16,15,12,4,5800,,12800,1,2700,15500
2740,8997,40,229,07/25/2024,1,Davey Morrison,8163,16,12,9,4,-1000,2200,12,10,10,0,,,13000,1,512,13512
2740,8997,40,229,07/25/2024,2,Krista Boyd,8165,13,5,4,1,,1600,10,7,4,4,,2000,1200,1,1200,2400
2740,8997,40,229,07/25/2024,3,Phil Gatton,8166,17,8,4,4,,-800,10,5,4,2,2000,,2000,0,500,1500
2741,8998,40,230,07/26/2024,1,Davey Morrison,8163,17,8,7,2,1000,4000,13,8,5,3,,,6400,0,5401,999
2741,8998,40,230,07/26/2024,2,Steve Babish,8168,14,7,6,1,,2400,17,12,13,1,1500,-2000,11500,0,1400,10100
2741,8998,40,230,07/26/2024,3,Rachel Bradley,8169,17,10,9,1,,3800,14,9,7,2,,,11800,1,11797,23597
2742,8999,41,1,09/09/2024,1,Rachel Bradley,8169,22,11,8,3,,2800,13,8,7,1,,,8000,0,2602,5398
2742,8999,41,1,09/09/2024,2,Adam Reiffen,8171,27,13,11,2,,4800,17,11,9,3,3000,,10600,1,5401,16001
2742,8999,41,1,09/09/2024,3,Amanda White,8172,20,9,6,4,-1000,800,14,6,4,3,,-400,4000,0,4000,0
2743,9000,41,2,09/10/2024,1,Adam Reiffen,8171,21,13,10,4,-2000,3000,17,13,12,3,-3000,-3000,6600,0,2601,3999
2743,9000,41,2,09/10/2024,2,Mary Catherine French,8174,20,8,7,1,,5400,13,3,1,2,,,4600,0,3000,1600
2743,9000,41,2,09/10/2024,3,Will Weiss,8175,19,10,10,0,,5000,17,10,10,0,,,17000,0,3000,14000
2744,9001,41,3,09/11/2024,1,Will Weiss,8175,16,10,10,0,,4800,15,10,9,2,,-800,13600,0,0,13600
2744,9001,41,3,09/11/2024,2,Ben Gagne-Maynard,8177,15,7,6,2,-800,2000,16,7,6,2,-3000,,5000,0,3801,1199
2744,9001,41,3,09/11/2024,3,Kristen Robinson,8178,18,8,6,2,,2000,14,5,4,1,,,4400,0,4400,0
2745,9002,41,4,09/12/2024,1,Will Weiss,8175,15,7,8,0,600,5200,14,8,8,1,,-1200,14400,0,2001,12399
2745,9002,41,4,09/12/2024,2,Mark Palmere,8180,20,9,8,1,,3000,14,10,9,2,-2000,,8200,1,7999,16199
2745,9002,41,4,09/12/2024,3,Bethany Korp,8181,13,8,7,1,,2400,7,6,5,1,,,7600,1,6801,14401
2746,9003,41,5,09/13/2024,1,Mark Palmere,8180,15,9,8,1,,4000,15,9,9,2,2100,2100,13800,1,4567,18367
2746,9003,41,5,09/13/2024,2,Evan Suttell,8183,24,13,13,1,1200,8000,22,11,9,2,,,17200,1,3000,20200
2746,9003,41,5,09/13/2024,3,Hilary Glazer,8184,13,6,5,1,,2400,12,8,5,3,,,800,0,304,496
2747,9004,41,6,09/16/2024,1,Evan Suttell,8183,19,14,9,5,,1200,14,8,7,1,,,9600,1,9600,19200
2747,9004,41,6,09/16/2024,2,Sam Watson,8186,17,8,7,2,1000,2400,15,4,5,1,2000,-2000,5600,0,0,5600
2747,9004,41,6,09/16/2024,3,Aiden Orzech,8187,24,9,7,2,,2800,17,11,11,0,,,15600,1,11999,27599
2748,9006,41,7,09/17/2024,1,Aiden Orzech,8187,18,10,8,2,,2600,17,11,10,1,,,11000,1,11000,22000
2748,9006,41,7,09/17/2024,2,Alisa Kindsfater,8189,18,5,3,2,,400,13,9,8,2,,-3000,5400,1,5400,10800
2748,9006,41,7,09/17/2024,3,Will Yancey,8190,27,17,16,2,3200,12000,16,6,5,2,-3600,,13200,0,8801,4399
2749,9007,41,8,09/18/2024,1,Aiden Orzech,8187,23,18,14,5,1000,3000,15,11,9,3,-3000,,5200,0,5200,0
2749,9007,41,8,09/18/2024,2,Chris Lindsay,8192,12,6,3,3,,200,10,6,6,0,,,5800,1,5800,11600
2749,9007,41,8,09/18/2024,3,Sam Neuman,8193,17,7,6,1,,3600,15,5,5,1,,3000,10200,0,1420,8780
2750,9008,41,9,09/19/2024,1,Chris Lindsay,8192,19,7,6,1,,3800,13,8,8,1,-1000,,9200,1,1601,10801
2750,9008,41,9,09/19/2024,2,Jen Feldman,8195,14,8,6,3,-600,1000,11,7,7,0,,,9800,1,4000,13800
2750,9008,41,9,09/19/2024,3,Fr. Steve Jakubowski,8196,20,13,13,0,,7400,12,6,4,3,,-4000,5400,0,5301,99
2751,9009,41,10,09/20/2024,1,Jen Feldman,8195,21,9,8,1,,3400,16,9,10,1,2000,-1500,15100,0,1050,14050
2751,9009,41,10,09/20/2024,2,Santhosh Sastry,8198,25,12,12,1,2000,7800,13,8,5,3,,,9400,0,9400,0
2751,9009,41,10,09/20/2024,3,Sarah Preisinger,8199,19,10,8,2,,3400,8,5,5,0,,,7000,0,1000,6000
2752,9010,41,11,09/23/2024,1,Jen Feldman,8195,14,9,9,0,,4400,9,3,3,0,,,8800,0,4001,4799
2752,9010,41,11,09/23/2024,2,David Erb,8201,20,8,8,1,2000,5000,17,13,14,1,5000,8000,30000,0,12345,17655
2752,9010,41,11,09/23/2024,3,Dana Schwartz,8202,14,7,6,1,,4400,11,8,5,3,,,6400,0,5000,1400
2753,9011,41,12,09/24/2024,1,David Erb,8201,19,11,11,0,,5800,18,11,12,0,10000,,30600,1,8888,39488
2753,9011,41,12,09/24/2024,2,Rachael Crawley,8204,19,8,6,2,,2800,18,8,8,0,,,10800,1,2500,13300
2753,9011,41,12,09/24/2024,3,Carter Scott,8205,16,9,9,1,1000,5400,16,9,7,3,,-6000,3800,0,800,3000
2754,9012,41,13,09/25/2024,1,David Erb,8201,18,8,6,2,,2600,16,11,12,1,-1000,10000,22000,1,11611,33611
2754,9012,41,13,09/25/2024,2,Drew Goins,8207,25,14,14,1,2400,9600,18,10,8,2,,,16800,0,5199,11601
2754,9012,41,13,09/25/2024,3,Diane Lochner,8208,18,7,7,0,,3000,14,3,2,1,,,3400,1,1000,4400
2755,9013,41,14,09/26/2024,1,David Erb,8201,11,8,7,1,,2000,15,5,4,2,2000,,4400,0,123,4277
2755,9013,41,14,09/26/2024,2,Alex Michev,8210,16,11,10,1,,6400,17,9,8,1,,,16000,0,12000,4000
2755,9013,41,14,09/26/2024,3,Maddie Carwile,8211,16,7,8,0,1200,5200,20,12,11,2,,-2500,13900,0,2200,11700
2756,9014,41,15,09/27/2024,1,Maddie Carwile,8211,16,10,10,0,,5200,16,9,10,0,3000,,20600,0,20000,600
2756,9014,41,15,09/27/2024,2,Marianne McGowan,8213,10,4,3,1,,600,13,6,6,0,,,5400,1,5000,10400
2756,9014,41,15,09/27/2024,3,Kate Roesch,8214,19,13,10,4,2200,5600,17,11,9,3,,7000,20200,1,8000,28200
2757,9015,41,16,09/30/2024,1,Kate Roesch,8214,22,8,6,2,,2600,16,8,5,3,,,4200,1,4000,8200
2757,9015,41,16,09/30/2024,2,Alison Prelusky,8216,16,7,7,0,,3200,4,1,1,0,,,4000,1,4000,8000
2757,9015,41,16,09/30/2024,3,Ryan Manton,8217,20,14,14,1,-5000,3400,18,14,15,1,7000,-5000,22200,0,22,22178
2758,9016,41,17,10/01/2024,1,Ryan Manton,8217,23,16,14,2,,6800,12,8,9,0,,5600,21600,0,0,21600
2758,9016,41,17,10/01/2024,2,Brooke Levine,8219,13,2,1,1,,200,6,3,2,1,,,600,1,600,1200
2758,9016,41,17,10/01/2024,3,Mike McComb,8220,20,10,9,2,-1000,3200,14,10,9,2,-2400,,10000,1,0,10000
2759,9017,41,18,10/02/2024,1,Ryan Manton,8217,14,8,9,0,1000,5800,9,8,8,2,-5600,5000,12400,1,11201,23601
2759,9017,41,18,10/02/2024,2,Scott Tcheng,8222,22,13,12,1,,5800,12,7,6,1,,,11800,1,11800,23600
2759,9017,41,18,10/02/2024,3,Erin Ward,8223,17,6,5,1,,3600,11,3,2,1,,,4800,0,4000,800
2760,9018,41,19,10/03/2024,1,Ryan Manton,8217,15,11,12,0,1000,5400,12,10,9,1,,,15800,1,0,15800
2760,9018,41,19,10/03/2024,2,Adam Stewart,8225,20,10,8,2,,5600,12,7,6,3,-2000,-6400,2000,1,100,2100
2760,9018,41,19,10/03/2024,3,Emily Stowell-Bui,8226,14,7,4,3,,-800,4,1,1,0,,,-400,,,-400
2761,9019,41,20,10/04/2024,1,Ryan Manton,8217,15,10,10,0,,4000,16,10,10,0,,,15200,0,5201,9999
2761,9019,41,20,10/04/2024,2,Anne Singleton,8228,21,11,10,1,,7000,14,3,3,0,,,10200,0,5200,5000
2761,9019,41,20,10/04/2024,3,Mark Fitzpatrick,8229,18,10,8,3,-2400,1800,20,13,14,1,3000,5000,23400,1,7001,30401
2762,9020,41,21,10/07/2024,1,Mark Fitzpatrick,8229,22,16,14,2,,6800,15,12,12,1,5000,,23400,0,3400,20000
2762,9020,41,21,10/07/2024,2,Daniel Gately,8231,16,8,6,2,,1000,11,3,3,1,,-800,4200,0,0,4200
2762,9020,41,21,10/07/2024,3,Amanda Prusila,8232,17,6,6,1,1000,3000,12,5,2,3,,,600,0,0,600
2763,9021,41,22,10/08/2024,1,Mark Fitzpatrick,8229,20,12,10,2,,4800,14,9,10,1,3000,3000,21200,0,13601,7599
2763,9021,41,22,10/08/2024,2,Andrew Miller,8234,18,10,10,1,1000,3800,6,2,1,1,,,4600,0,417,4183
2763,9021,41,22,10/08/2024,3,Gino Montoya,8235,18,6,5,1,,1800,22,15,15,0,,,17400,0,17400,0
2764,9022,41,23,10/09/2024,1,Mark Fitzpatrick,8229,19,15,15,1,-2400,5400,16,10,11,1,3000,4000,23600,0,0,23600
2764,9022,41,23,10/09/2024,2,Rob Franke,8237,8,5,5,0,,2600,11,5,4,1,,,6200,0,130,6070
2764,9022,41,23,10/09/2024,3,Colleen Kelly,8238,15,6,3,3,,0,18,9,7,2,,,5600,0,5600,0
2765,9023,41,24,10/10/2024,1,Mark Fitzpatrick,8229,16,11,11,1,1000,5000,12,6,7,1,6600,3000,18600,1,7001,25601
2765,9023,41,24,10/10/2024,2,Mike Obstgarten,8240,24,11,9,2,,3600,20,13,11,2,,,12800,1,0,12800
2765,9023,41,24,10/10/2024,3,Cynthia Bullock,8241,9,5,3,2,,800,9,4,4,0,,,4400,0,3000,1400
2766,9024,41,25,10/11/2024,1,Mark Fitzpatrick,8229,17,10,6,5,-1000,200,19,10,9,3,-5800,2800,4800,0,0,4800
2766,9024,41,25,10/11/2024,2,Eamonn Campbell,8243,20,12,10,2,,3000,17,10,9,1,,,12200,1,1500,13700
2766,9024,41,25,10/11/2024,3,Dot White,8244,20,8,7,1,,3200,14,7,7,0,,,10400,0,599,9801
2767,9025,41,26,10/14/2024,1,Eamonn Campbell,8243,15,10,10,1,1000,3800,14,12,10,3,,-1400,14800,1,14700,29500
2767,9025,41,26,10/14/2024,2,Jack Swansey,8246,21,10,9,1,,4000,15,7,8,0,3000,,14600,0,14599,1
2767,9025,41,26,10/14/2024,3,Caryn Radick,8247,14,7,6,1,,2600,8,2,2,0,,,4600,1,3000,7600
2768,9026,41,27,10/15/2024,1,Eamonn Campbell,8243,20,11,10,1,,6600,10,4,3,1,,,9800,0,9800,0
2768,9026,41,27,10/15/2024,2,Rishabh Wuppalapati,8249,29,10,8,2,,3400,13,11,10,2,5000,,15600,1,6601,22201
2768,9026,41,27,10/15/2024,3,Zoe Grobman,8250,22,10,8,3,-2400,600,19,10,9,2,,3300,11100,1,8501,19601
2769,9027,41,28,10/16/2024,1,Rishabh Wuppalapati,8249,16,10,8,3,-1000,3200,20,11,9,2,,,10400,1,9801,20201
2769,9027,41,28,10/16/2024,2,Jay Eversman,8252,17,9,8,1,,3800,13,4,4,1,,-2600,4800,0,4799,1
2769,9027,41,28,10/16/2024,3,Rachel Cassidy,8253,15,8,7,1,,2400,16,8,8,1,2500,,10100,1,9601,19701
2770,9028,41,29,10/17/2024,1,Rishabh Wuppalapati,8249,24,13,10,3,,1800,17,10,10,0,,,15400,0,5000,10400
2770,9028,41,29,10/17/2024,2,Angel Poe,8255,11,5,3,3,-1000,-1200,6,5,4,1,,,-400,,,-400
2770,9028,41,29,10/17/2024,3,Aaron Brown,8256,24,12,11,1,,6800,15,8,7,3,-2000,-10400,1600,0,912,688
2771,9029,41,30,10/18/2024,1,Rishabh Wuppalapati,8249,21,7,8,0,1000,6400,14,8,7,1,,,11600,1,11600,23200
2771,9029,41,30,10/18/2024,2,Kyle Compton-Troesch,8258,23,7,7,0,,3800,19,8,6,2,,,5800,1,5600,11400
2771,9029,41,30,10/18/2024,3,Kelly Gates,8259,18,11,10,1,,4000,16,7,8,1,4000,-4000,13200,1,10001,23201
2772,9030,41,31,10/21/2024,1,Kelly Gates,8259,24,9,9,0,,5200,11,4,5,0,,2500,11300,0,500,10800
2772,9030,41,31,10/21/2024,2,Marcus Ghiringhelli,8261,17,7,6,2,1200,3000,18,10,9,2,-2500,,5700,0,2400,3300
2772,9030,41,31,10/21/2024,3,Tristan Brown,8262,19,11,9,2,,3800,14,10,9,1,,,14600,1,8100,22700
2773,9031,41,32,10/22/2024,1,Tristan Brown,8262,23,14,14,0,,6800,12,9,6,3,,,10000,0,10000,0
2773,9031,41,32,10/22/2024,2,Stephanie Cooper,8264,19,8,6,2,,3200,16,11,10,1,,,10400,0,5000,5400
2773,9031,41,32,10/22/2024,3,Will Wallace,8265,19,6,6,1,-2400,1000,11,6,7,1,2000,2000,9400,1,9399,18799
2774,9032,41,33,10/23/2024,1,Will Wallace,8265,22,7,7,0,,4400,12,8,7,1,,,10800,0,800,10000
2774,9032,41,33,10/23/2024,2,Sophia Maymudes,8267,22,15,15,1,-2000,6200,17,11,6,7,-2600,-2000,2800,0,206,2594
2774,9032,41,33,10/23/2024,3,Brett Kelly,8268,8,3,1,2,,-1200,5,4,3,1,,,0,,,0
2775,9033,41,34,10/24/2024,1,Will Wallace,8265,23,11,10,1,,5000,13,8,8,1,2000,,13400,1,13399,26799
2775,9033,41,34,10/24/2024,2,Kiki Jamieson,8270,17,7,7,0,,5400,17,9,8,2,,-3000,10800,0,5601,5199
2775,9033,41,34,10/24/2024,3,Dan Meyer,8271,16,11,11,1,1000,5800,12,7,6,1,,,8200,0,0,8200
2776,9034,41,35,10/25/2024,1,Will Wallace,8265,21,11,11,1,1000,6000,19,17,15,3,,3000,22200,1,2200,24400
2776,9034,41,35,10/25/2024,2,Carol Lowe,8273,11,4,3,1,,1000,13,4,4,1,-1000,,3600,0,2000,1600
2776,9034,41,35,10/25/2024,3,Olaf Talbert,8274,15,12,11,1,,4000,15,6,2,4,,,1200,1,1200,2400
2777,9035,41,36,10/28/2024,1,Will Wallace,8265,16,5,5,0,,2400,19,10,9,2,-2000,,8000,0,7998,2
2777,9035,41,36,10/28/2024,2,Ian Taylor,8276,24,13,12,2,2000,8800,22,15,12,4,,-1000,17400,1,2201,19601
2777,9035,41,36,10/28/2024,3,Heather Ryan,8277,19,12,10,2,,3800,15,4,4,0,,,9800,1,9800,19600
2778,9036,41,37,10/29/2024,1,Ian Taylor,8276,17,11,9,3,-1000,1000,13,7,5,2,,,3400,1,2201,5601
2778,9036,41,37,10/29/2024,2,Aimée Record,8279,11,7,7,0,,3800,7,5,2,3,,,600,0,598,2
2778,9036,41,37,10/29/2024,3,John Liu,8280,11,5,5,0,,2600,11,7,8,1,-5400,1600,5600,1,2201,7801
2779,9037,41,38,10/30/2024,1,John Liu,8280,17,8,6,2,,1800,11,9,8,2,-2000,,7000,1,6999,13999
2779,9037,41,38,10/30/2024,2,Joseph Carlstein,8282,19,10,9,2,2000,5600,8,4,4,1,,2400,10000,1,6001,16001
2779,9037,41,38,10/30/2024,3,Jacqui Kaplan,8283,16,9,8,1,,2800,11,7,6,1,,,8000,0,6000,2000
2780,9038,41,39,10/31/2024,1,Joseph Carlstein,8282,14,6,6,0,,4200,12,6,6,1,,3400,12000,0,12000,0
2780,9038,41,39,10/31/2024,2,Alicia Buffa,8285,19,4,3,1,,1400,13,7,8,0,2200,,12000,1,11999,23999
2780,9038,41,39,10/31/2024,3,Greg Jolin,8286,21,19,18,2,1600,8000,22,12,10,2,,,16400,1,7601,24001
2781,9039,41,40,11/01/2024,1,Greg Jolin,8286,20,12,12,1,2000,7800,19,11,11,1,,6000,23000,1,3001,26001
2781,9039,41,40,11/01/2024,2,Julie Phillips,8288,17,6,5,1,,3000,15,6,4,2,,,6600,0,6598,2
2781,9039,41,40,11/01/2024,3,Sam Cameron,8289,22,9,8,1,,4400,24,11,11,1,-5000,,13000,0,10001,2999
2782,9040,41,41,11/04/2024,1,Greg Jolin,8286,26,14,14,0,,7800,14,11,11,0,,,19000,1,6000,25000
2782,9040,41,41,11/04/2024,2,Lindsey Simmons,8291,7,2,1,1,,400,5,4,4,0,,,5600,0,2201,3399
2782,9040,41,41,11/04/2024,3,Brian Frey,8292,21,14,11,4,-3000,2600,16,9,8,3,3000,-5000,3800,1,3799,7599
2783,9041,41,42,11/05/2024,1,Greg Jolin,8286,20,15,15,1,3000,9800,23,13,12,2,10000,,30200,1,5200,35400
2783,9041,41,42,11/05/2024,2,Priscilla Gruenewald,8294,13,4,3,1,,800,17,9,7,2,,,6000,1,2000,8000
2783,9041,41,42,11/05/2024,3,Chuck Rea,8295,19,8,7,1,,2800,16,7,6,2,,1000,7400,1,2600,10000
2784,9042,41,43,11/06/2024,1,Greg Jolin,8286,21,15,12,3,,5800,22,16,16,0,,,24600,1,0,24600
2784,9042,41,43,11/06/2024,2,Derek Hieronymus,8297,26,12,11,2,-3400,3400,16,4,5,0,2000,,10600,1,1601,12201
2784,9042,41,43,11/06/2024,3,Adrienne Clermont,8298,8,4,4,0,,1800,14,6,7,0,,4000,12200,1,9001,21201
2785,9043,41,44,11/07/2024,1,Greg Jolin,8286,25,18,15,3,,5800,20,11,9,2,,,12200,0,7001,5199
2785,9043,41,44,11/07/2024,2,Susan Stumme,8300,15,3,2,1,,600,10,7,8,0,,3000,9600,1,3000,12600
2785,9043,41,44,11/07/2024,3,Sammy Sanchez,8301,20,11,9,3,-1000,3200,18,8,8,1,2000,,12400,0,12001,399
2786,9044,41,45,11/08/2024,1,Susan Stumme,8300,18,16,17,0,1000,10200,17,11,10,2,-4000,,14600,0,14600,0
2786,9044,41,45,11/08/2024,2,Ross Dickson,8303,15,4,3,1,,1000,12,8,8,1,,6400,14600,0,14590,10
2786,9044,41,45,11/08/2024,3,Rachel Marcus,8304,19,8,7,1,,3400,13,6,6,0,,,12200,1,8400,20600
2787,9045,41,46,11/11/2024,1,Rachel Marcus,8304,16,8,6,2,,2600,12,4,4,0,,,9400,0,9399,1
2787,9045,41,46,11/11/2024,2,Joey DeSena,8306,20,15,14,2,3000,9200,14,9,9,2,3200,1000,18200,0,703,17497
2787,9045,41,46,11/11/2024,3,Chris Spencer,8307,22,7,5,2,,2000,17,10,8,2,,,8000,0,7999,1
2788,9046,41,47,11/12/2024,1,Joey DeSena,8306,20,12,10,2,,4000,15,9,8,2,4000,,14400,1,12801,27201
2788,9046,41,47,11/12/2024,2,Kathleen Clark,8309,18,7,7,1,800,2800,11,7,6,1,,,7600,1,7600,15200
2788,9046,41,47,11/12/2024,3,Jonathan Fox,8310,14,8,7,1,,4600,11,8,7,2,,5000,13600,1,4400,18000
2789,9047,41,48,11/13/2024,1,Joey DeSena,8306,15,8,5,3,,1000,16,8,6,2,,,7400,0,7201,199
2789,9047,41,48,11/13/2024,2,Evan Dorey,8312,21,9,9,1,2000,5000,19,10,10,1,-2000,,14600,1,14600,29200
2789,9047,41,48,11/13/2024,3,Lois Dioro,8313,12,9,6,3,,3000,9,8,9,0,,2400,14600,0,2600,12000
2790,9048,41,49,11/14/2024,1,Evan Dorey,8312,23,13,12,1,,5600,16,10,9,1,,,14400,0,5600,8800
2790,9048,41,49,11/14/2024,2,Steven Czekala,8315,19,7,7,1,-800,3000,11,7,7,1,2000,,9800,0,7401,2399
2790,9048,41,49,11/14/2024,3,Stephanie Asalone,8316,14,6,6,0,,3600,5,4,5,0,,500,8100,1,6000,14100
2791,9049,41,50,11/15/2024,1,Stephanie Asalone,8316,11,8,7,1,,3600,5,3,3,0,,,7600,0,7589,11
2791,9049,41,50,11/15/2024,2,Paul Clauson,8318,21,16,14,3,3400,7800,14,11,9,3,,-1000,15600,0,399,15201
2791,9049,41,50,11/15/2024,3,Kristen Moreland,8319,12,3,3,0,,2000,12,6,5,2,2000,,6400,0,2000,4400
2792,9050,41,51,11/18/2024,1,Paul Clauson,8318,24,13,12,2,3400,8000,14,11,11,2,3000,3000,21200,0,101,21099
2792,9050,41,51,11/18/2024,2,Amy Fleenor,8321,16,6,4,2,,0,10,5,5,0,,,6800,0,1201,5599
2792,9050,41,51,11/18/2024,3,Jonelle Lonergan,8322,21,8,7,1,,3200,13,6,5,1,,,8000,1,7999,15999
2793,9051,41,52,11/19/2024,1,Paul Clauson,8318,17,11,10,2,-3000,2600,18,8,7,1,,,11000,0,11000,0
2793,9051,41,52,11/19/2024,2,Mikey McCullough,8324,21,11,10,1,,4200,20,11,12,0,2000,,20200,0,2000,18200
2793,9051,41,52,11/19/2024,3,Christopher Burge,8325,24,10,10,0,,6400,15,7,5,3,,-6000,1600,1,0,1600
2794,9052,41,53,11/20/2024,1,Mikey McCullough,8324,19,6,5,1,,2400,14,6,5,1,,,7600,0,5000,2600
2794,9052,41,53,11/20/2024,2,Elizabeth Little,8327,23,7,7,0,,4600,13,5,4,2,-4000,,3800,0,0,3800
2794,9052,41,53,11/20/2024,3,Mehal Shah,8328,25,15,15,1,1000,7600,16,9,7,3,,-800,12800,0,3001,9799
2795,9053,41,54,11/21/2024,1,Mehal Shah,8328,22,15,14,2,-2200,4000,25,11,13,0,5600,13200,37600,0,1337,36263
2795,9053,41,54,11/21/2024,2,Jack Altman,8330,14,4,4,0,,2200,19,9,8,1,,,7400,1,2401,9801
2795,9053,41,54,11/21/2024,3,Holly Luo,8331,19,8,6,2,,3000,13,8,7,1,,,9800,0,5001,4799
2796,9054,41,55,11/22/2024,1,Mehal Shah,8328,23,14,14,0,,7200,16,11,9,3,,4000,14400,0,14400,0
2796,9054,41,55,11/22/2024,2,Courtney Schooley,8333,19,6,5,1,,2400,9,6,6,0,,,8400,1,8201,16601
2796,9054,41,55,11/22/2024,3,Adam Hersh,8334,21,8,8,1,2000,5800,14,8,8,1,4000,,16600,1,12400,29000
2797,9055,41,56,11/25/2024,1,Adam Hersh,8334,19,15,13,2,,5800,13,7,6,2,-3000,,7200,1,7100,14300
2797,9055,41,56,11/25/2024,2,Kevin Laskowski,8336,20,7,6,2,1000,2800,17,11,12,0,,3000,20200,0,5000,15200
2797,9055,41,56,11/25/2024,3,Carolyn Gramling,8337,19,6,5,1,,1200,17,7,6,1,,,5600,0,5300,300
2798,9056,41,57,11/26/2024,1,Kevin Laskowski,8336,25,11,10,1,,5000,17,9,7,2,,,12200,1,12000,24200
2798,9056,41,57,11/26/2024,2,Ryan Smith,8339,19,12,10,2,,6600,18,10,8,4,-2500,-2200,5100,0,5100,0
2798,9056,41,57,11/26/2024,3,Samantha Altschuler,8340,14,8,8,1,-1500,2300,13,8,7,1,,,10300,0,0,10300
2799,9057,41,58,11/27/2024,1,Kevin Laskowski,8336,18,6,5,1,,3400,13,9,7,3,-3000,,6800,1,6799,13599
2799,9057,41,58,11/27/2024,2,Drew Wheeler,8342,15,8,8,1,500,3500,12,8,6,2,,,6300,1,2400,8700
2799,9057,41,58,11/27/2024,3,Julia Schan,8343,19,12,9,3,,1600,11,8,8,1,,-1000,8600,0,5001,3599
2800,9058,41,59,11/28/2024,1,Kevin Laskowski,8336,16,10,9,2,-1000,3400,12,6,5,1,,,9400,1,9399,18799
2800,9058,41,59,11/28/2024,2,Debbie Mercer,8345,19,11,7,4,,1400,12,9,9,1,,1200,9400,1,5202,14602
2800,9058,41,59,11/28/2024,3,Laurel Day,8346,19,11,6,5,,600,22,14,12,3,400,,14600,1,4201,18801
2801,9059,41,60,11/29/2024,1,Laurel Day,8346,24,11,7,4,,1800,20,8,6,3,-1200,,3800,0,3800,0
2801,9059,41,60,11/29/2024,2,Susan Beachy,8348,21,10,6,4,,1400,17,10,10,0,,,11800,0,2500,9300
2801,9059,41,60,11/29/2024,3,Nick Pietrowicz,8349,21,13,12,2,500,6900,17,9,7,3,,1100,10800,0,3001,7799
2802,9060,41,61,12/02/2024,1,Susan Beachy,8348,13,6,5,2,-1000,1000,8,4,4,0,,,5000,0,2000,3000
2802,9060,41,61,12/02/2024,2,Evan Jones,8351,15,13,12,1,,6000,19,13,13,1,,3000,21800,0,4601,17199
2802,9060,41,61,12/02/2024,3,Mike Ross,8352,13,8,7,1,,3400,11,6,6,1,5000,,13200,0,3100,10100
2803,9061,41,62,12/03/2024,1,Evan Jones,8351,16,8,8,1,2200,5200,19,11,11,2,5900,-4000,15100,0,3301,11799
2803,9061,41,62,12/03/2024,2,Luca Gerace,8354,17,9,7,2,,2800,12,4,2,2,,,2000,0,20,1980
2803,9061,41,62,12/03/2024,3,Stevie Ruiz,8355,15,9,7,2,,2000,18,13,13,0,,,18400,0,413,17987
2804,9062,41,63,12/04/2024,1,Stevie Ruiz,8355,15,12,13,0,1000,7600,14,11,11,1,2000,,18000,1,0,18000
2804,9062,41,63,12/04/2024,2,Kimberley Debus,8357,10,5,4,1,,3000,7,6,6,1,,-4000,8600,0,3500,5100
2804,9062,41,63,12/04/2024,3,Gloria Nastas,8358,14,8,6,2,,1200,10,4,3,1,,,1600,1,1595,3195
2805,9063,41,64,12/05/2024,1,Stevie Ruiz,8355,18,10,8,2,,2000,16,10,9,1,,,12000,0,4799,7201
2805,9063,41,64,12/05/2024,2,Dave Bond,8360,20,13,11,3,-2400,2600,23,13,14,0,,7000,25200,0,200,25000
2805,9063,41,64,12/05/2024,3,Lisa DiLeo,8361,21,8,6,2,,2000,9,5,4,2,-1200,,2400,0,400,2000
2806,9064,41,65,12/06/2024,1,Dave Bond,8360,19,9,10,0,4000,8400,13,9,9,0,,,16400,1,10000,26400
2806,9064,41,65,12/06/2024,2,Zach DeBoer,8363,23,13,12,1,,6000,13,9,8,2,,2000,12000,0,2000,10000
2806,9064,41,65,12/06/2024,3,Erin Adams,8364,19,7,7,0,,4800,15,7,7,1,2200,,13000,1,7000,20000
2807,9065,41,66,12/09/2024,1,Dave Bond,8360,22,11,8,3,,2600,20,12,10,2,,,10600,0,5000,5600
2807,9065,41,66,12/09/2024,2,Bill McKinney,8366,16,11,10,2,3000,7000,14,11,11,1,5000,,22000,0,0,22000
2807,9065,41,66,12/09/2024,3,Lisa O'Donnell,8367,15,9,8,1,,4600,9,5,5,1,,-3000,6800,0,6799,1
2808,9066,41,67,12/10/2024,1,Bill McKinney,8366,18,6,6,0,,4000,21,13,10,3,,,12000,0,6000,6000
2808,9066,41,67,12/10/2024,2,Sara Walker,8369,14,8,8,0,,4800,19,5,4,1,,,8800,0,3198,5602
2808,9066,41,67,12/10/2024,3,Dan Sand,8370,19,11,9,3,-1000,2000,16,13,11,4,-3000,2000,7800,0,7799,1
2809,9067,41,68,12/11/2024,1,Bill McKinney,8366,15,10,10,1,1000,5400,14,11,11,2,4000,-3000,14800,1,4000,18800
2809,9067,41,68,12/11/2024,2,Molly LeBlanc,8372,22,13,10,3,,3600,15,10,5,5,,,2000,1,2000,4000
2809,9067,41,68,12/11/2024,3,Sam Nguyen,8373,12,3,3,0,,1200,9,2,2,0,,,3200,1,801,4001
2810,9068,41,69,12/12/2024,1,Bill McKinney,8366,19,10,9,1,,4000,12,7,5,2,,,6400,0,4000,2400
2810,9068,41,69,12/12/2024,2,Ashley Chan,8375,16,10,10,0,,6000,15,9,9,1,,2000,15600,0,0,15600
2810,9068,41,69,12/12/2024,3,Alex Cousins,8376,11,6,5,2,-1000,600,10,7,6,2,2000,,5800,0,601,5199
2811,9069,41,70,12/13/2024,1,Ashley Chan,8375,23,14,13,2,1000,7600,16,7,8,0,,2500,16500,0,3000,13500
2811,9069,41,70,12/13/2024,2,Ram Murali,8378,18,6,4,2,,1000,19,13,13,1,1500,,13300,0,13250,50
2811,9069,41,70,12/13/2024,3,Carla Winston,8379,18,11,8,3,,2400,16,3,3,0,,,6800,1,3301,10101
2812,9070,41,71,12/16/2024,1,Ashley Chan,8375,17,12,12,1,-2000,4600,20,13,12,1,,,17400,0,0,17400
2812,9070,41,71,12/16/2024,2,Henry Barbaro,8381,14,5,4,1,,800,16,6,5,1,,,2000,0,2000,0
2812,9070,41,71,12/16/2024,3,Matt Grossman,8382,17,7,7,0,,4000,12,4,4,2,-2000,4400,7200,0,2000,5200
2813,9071,41,72,12/17/2024,1,Ashley Chan,8375,17,8,8,0,,5200,18,13,13,2,3000,3000,18800,1,2100,20900
2813,9071,41,72,12/17/2024,2,Jordan Carr Peterson,8384,13,7,7,0,,3000,16,7,6,1,,,10200,1,1800,12000
2813,9071,41,72,12/17/2024,3,Jasmine Zhou,8385,17,8,9,0,2400,7200,15,8,7,1,,,15600,1,5000,20600
2814,9072,41,73,12/18/2024,1,Ashley Chan,8375,20,12,10,3,-1000,2800,13,7,4,3,,,2400,1,0,2400
2814,9072,41,73,12/18/2024,2,Sarah Rosenthal,8387,23,7,7,0,,3800,17,7,6,2,,-3000,8400,1,3000,11400
2814,9072,41,73,12/18/2024,3,Eric Weldon-Schilling,8388,18,10,10,0,,6400,21,14,14,1,-2800,,19600,1,1400,21000
2815,9073,41,74,12/19/2024,1,Eric Weldon-Schilling,8388,20,12,9,3,,3400,17,6,5,2,,4600,10000,0,10000,0
2815,9073,41,74,12/19/2024,2,Neal Bowling,8390,14,5,4,2,-1000,400,14,11,10,2,3000,,9800,0,7000,2800
2815,9073,41,74,12/19/2024,3,Laura Faddah,8391,15,10,10,0,,6400,9,5,5,0,,,13600,0,2400,11200
2816,9074,41,75,12/20/2024,1,Laura Faddah,8391,19,9,9,0,,4800,13,7,7,1,-2000,,10400,0,4600,5800
2816,9074,41,75,12/20/2024,2,Joe Asaminew,8393,18,8,8,1,1000,3800,19,10,8,3,,-2000,9000,0,4000,5000
2816,9074,41,75,12/20/2024,3,Maria Lauro,8394,18,9,9,0,,5200,15,7,7,0,,,10800,0,10001,799
2817,9075,41,76,12/23/2024,1,Laura Faddah,8391,20,13,12,2,1400,6200,13,9,10,1,2000,1000,15600,0,2400,13200
2817,9075,41,76,12/23/2024,2,Sean Maguire,8396,16,9,8,1,,3400,6,3,2,1,,,4200,0,13,4187
2817,9075,41,76,12/23/2024,3,Jenifer Miller,8397,18,8,6,2,,2000,10,6,2,4,,,-2000,,,-2000
2818,9076,41,77,12/24/2024,1,Laura Faddah,8391,17,6,5,1,,2000,19,10,6,4,,,5200,1,5000,10200
2818,9076,41,77,12/24/2024,2,Harry Jarin,8399,14,7,7,0,,3600,12,9,9,1,,-2000,13200,0,13199,1
2818,9076,41,77,12/24/2024,3,Jenna Hayes,8400,14,10,11,0,1000,6800,15,8,9,0,3000,,18200,0,9000,9200
2819,9077,41,78,12/25/2024,1,Laura Faddah,8391,18,13,12,1,,8800,13,9,6,3,,,13200,1,4800,18000
2819,9077,41,78,12/25/2024,2,Mathieu Farhoud-Dionne,8402,14,9,6,4,-1000,-1200,12,9,10,1,4000,-3000,13400,0,13001,399
2819,9077,41,78,12/25/2024,3,Amber Gamrat,8403,10,5,4,1,,600,8,2,2,0,,,2200,0,0,2200
2820,9078,41,79,12/26/2024,1,Laura Faddah,8391,16,8,7,1,,4000,17,14,14,1,1600,,20400,1,600,21000
2820,9078,41,79,12/26/2024,2,Carole Portas Keane,8405,20,10,8,2,,3400,15,5,4,2,,3000,6400,1,3000,9400
2820,9078,41,79,12/26/2024,3,Brad Grusnick,8406,19,12,11,2,-2400,2400,13,5,5,0,,,9200,1,0,9200
2821,9079,41,80,12/27/2024,1,Laura Faddah,8391,12,9,8,1,,3400,16,13,10,4,-1800,,10000,0,2000,8000
2821,9079,41,80,12/27/2024,2,Megan Riddell,8408,12,9,8,2,-2000,1800,8,4,2,2,,,1400,1,52,1452
2821,9079,41,80,12/27/2024,3,Herb Jeong,8409,15,6,4,2,,400,12,5,5,1,,-2000,3200,0,300,2900
2822,9080,41,81,12/30/2024,1,Alex Michev,8210,20,14,12,2,,4800,19,8,8,0,,,12800,1,1500,14300
2822,9080,41,81,12/30/2024,2,Will Yancey,8190,19,9,8,2,1000,3200,20,12,12,2,2400,1200,14800,1,10801,25601
2822,9080,41,81,12/30/2024,3,Tekla Sauter,8088,16,5,4,1,,2800,15,5,4,1,,,5600,1,5598,11198
2823,9082,41,82,12/31/2024,1,Scott Tcheng,8222,24,6,6,0,,2200,23,9,9,1,-2000,,11400,0,5001,6399
2823,9082,41,82,12/31/2024,2,Kaitlin Tarr,8079,25,19,18,2,-3600,7800,15,9,9,1,,1400,14400,0,5999,8401
2823,9082,41,82,12/31/2024,3,Mike Ferguson,8138,14,6,4,2,,1000,17,7,6,1,,,8200,0,8200,0
2824,9083,41,83,01/01/2025,1,Colleen Matthews,8085,21,11,10,1,,3800,14,8,9,0,,2000,18600,1,5801,24401
2824,9083,41,83,01/01/2025,2,Gino Montoya,8235,19,10,10,1,2000,7000,15,5,5,0,,,11800,1,11000,22800
2824,9083,41,83,01/01/2025,3,Josh Moss,8049,25,10,9,1,,6200,17,11,10,2,-1600,,12200,0,6401,5799
2825,9084,41,84,01/02/2025,1,Will Yancey,8190,22,9,9,1,1000,6400,22,15,14,3,2500,-3700,20000,0,0,20000
2825,9084,41,84,01/02/2025,2,Colleen Matthews,8085,16,7,5,2,,1800,9,5,4,1,,,4200,1,4200,8400
2825,9084,41,84,01/02/2025,3,Kaitlin Tarr,8079,22,15,12,3,,2800,10,7,6,1,,,6800,0,6799,1
2826,9085,41,85,01/03/2025,1,Will Yancey,8190,18,9,8,2,1000,3400,18,12,9,4,,1000,7600,1,7600,15200
2826,9085,41,85,01/03/2025,2,Colleen Matthews,8085,16,11,11,0,,6400,13,7,6,2,3000,,12600,1,12000,24600
2826,9085,41,85,01/03/2025,3,Kaitlin Tarr,8079,20,8,8,0,,6000,18,11,10,1,,,16000,0,11605,4395
2827,9086,41,86,01/06/2025,1,Jonquil Garrick-Reynolds,8091,21,4,4,0,,2600,18,7,7,0,,,9800,1,0,9800
2827,9086,41,86,01/06/2025,2,Steve Miller,8040,17,7,7,0,,3400,15,8,8,1,8200,,18400,1,15001,33401
2827,9086,41,86,01/06/2025,3,Drew Goins,8207,22,15,16,0,3000,11600,23,13,14,0,,5000,33400,1,3401,36801
2828,9088,41,87,01/07/2025,1,Enzo Cunanan,8073,23,9,7,3,-1000,400,22,9,10,0,2000,,15600,1,3800,19400
2828,9088,41,87,01/07/2025,2,Zoe Grobman,8250,18,9,8,1,,3800,16,8,8,1,,-6000,6600,1,5401,12001
2828,9088,41,87,01/07/2025,3,Josh Heit,8094,16,9,9,0,,5200,17,9,8,1,,,9600,0,3601,5999
2829,9089,41,88,01/08/2025,1,Sam Cameron,8289,22,9,8,2,-2600,3000,17,12,12,2,5000,1000,19400,1,1001,20401
2829,9089,41,88,01/08/2025,2,Ferdinand Percentie,7976,20,15,13,2,,5000,15,8,7,1,,,10200,1,9201,19401
2829,9089,41,88,01/08/2025,3,Lindsay Denninger,8159,17,4,4,0,,2600,12,5,4,1,,,6200,0,4001,2199
2830,9090,41,89,01/09/2025,1,Drew Goins,8207,25,12,10,2,,3200,15,8,8,1,2800,,10400,0,5400,5000
2830,9090,41,89,01/09/2025,2,Sam Cameron,8289,20,7,7,1,-3800,400,16,9,8,2,,100,1700,1,1700,3400
2830,9090,41,89,01/09/2025,3,Enzo Cunanan,8073,26,11,9,2,,3600,15,9,7,2,,,13600,1,8200,21800
2831,9092,41,90,01/10/2025,1,Drew Goins,8207,25,9,9,1,-3800,2200,20,7,7,2,3800,7600,18400,1,13201,31601
2831,9092,41,90,01/10/2025,2,Sam Cameron,8289,18,6,5,1,,2200,19,16,16,0,,,16600,0,7801,8799
2831,9092,41,90,01/10/2025,3,Enzo Cunanan,8073,22,11,10,1,,4600,19,4,1,3,,,3000,1,2999,5999
2833,9093,41,91,01/13/2025,1,Will Yancey,8190,18,7,6,1,,2600,23,9,8,1,,,9800,1,4000,13800
2833,9093,41,91,01/13/2025,2,Paul Clauson,8318,26,17,16,2,-3800,4600,20,14,10,5,-3400,,4000,1,4000,8000
2833,9093,41,91,01/13/2025,3,Jen Feldman,8195,14,5,5,0,,2800,20,7,7,1,,-3000,10200,0,2000,8200
2834,9094,41,92,01/14/2025,1,Davey Morrison,8163,16,7,7,0,,3800,14,8,8,2,-4600,2800,8800,0,8800,0
2834,9094,41,92,01/14/2025,2,Stevie Ruiz,8355,19,8,7,1,,2200,13,7,6,1,,,7000,0,1801,5199
2834,9094,41,92,01/14/2025,3,Evan Dorey,8312,22,12,12,1,3000,9800,15,10,9,1,,,20600,0,0,20600
2835,9095,41,93,01/15/2025,1,Drew Goins,8207,20,14,12,3,600,5000,23,15,15,0,,,23400,1,0,23400
2835,9095,41,93,01/15/2025,2,Jay Fisher,8144,17,9,8,1,,2400,18,11,12,1,2000,1800,15400,0,0,15400
2835,9095,41,93,01/15/2025,3,Aiden Orzech,8187,15,4,3,1,,400,17,2,0,2,,,-2400,,,-2400
2836,9096,41,94,01/16/2025,1,Joey DeSena,8306,19,11,11,1,1000,6200,14,9,9,1,,11000,24000,0,0,24000
2836,9096,41,94,01/16/2025,2,Mehal Shah,8328,26,12,12,0,,6600,16,10,9,2,7800,,19600,0,0,19600
2836,9096,41,94,01/16/2025,3,Eamonn Campbell,8243,16,5,5,0,,2800,14,7,6,1,,,9600,0,9600,0
2837,9097,41,95,01/17/2025,1,Adam Hersh,8334,21,12,10,2,,5800,21,13,12,1,,,18600,0,18600,0
2837,9097,41,95,01/17/2025,2,Marko Saric,7956,20,11,11,1,1200,4800,20,13,13,2,4500,2700,24400,0,0,24400
2837,9097,41,95,01/17/2025,3,Will Weiss,8175,20,7,7,0,,4600,14,3,2,1,,,5400,0,5400,0
2838,9099,41,96,01/20/2025,1,Joey DeSena,8306,17,6,5,2,-1600,800,17,8,7,1,,,9200,1,611,9811
2838,9099,41,96,01/20/2025,2,Drew Goins,8207,19,15,14,1,,7200,24,15,15,1,,4000,26800,0,0,26800
2838,9099,41,96,01/20/2025,3,Jen Feldman,8195,15,5,5,0,,2400,20,4,5,0,5000,,12600,0,2600,10000
2839,9100,41,97,01/21/2025,1,Evan Dorey,8312,18,12,11,1,,7800,21,11,12,0,,13400,32400,0,20000,12400
2839,9100,41,97,01/21/2025,2,Jay Fisher,8144,19,3,2,1,,-400,15,3,3,0,,,2800,0,0,2800
2839,9100,41,97,01/21/2025,3,Will Yancey,8190,23,15,14,2,-1000,5200,15,10,10,1,10800,,26000,1,26000,52000
2841,9101,41,98,01/22/2025,1,Marko Saric,7956,20,10,8,2,,3000,21,5,3,2,,,5800,1,5800,11600
2841,9101,41,98,01/22/2025,2,Mehal Shah,8328,17,8,9,0,2600,7400,22,11,11,0,,,19800,0,6001,13799
2841,9101,41,98,01/22/2025,3,Paul Clauson,8318,21,10,7,3,,2000,21,15,11,6,-2000,4800,12400,0,2500,9900
2842,9102,41,99,01/23/2025,1,Will Yancey,8190,25,13,11,3,-1000,4800,18,9,8,3,3800,-3000,11600,0,6000,5600
2842,9102,41,99,01/23/2025,2,Drew Goins,8207,23,6,5,1,,2800,19,9,8,1,,,10800,1,6800,17600
2842,9102,41,99,01/23/2025,3,Mehal Shah,8328,25,12,11,1,,5200,22,10,10,0,,,15200,1,12000,27200
2843,9104,41,100,01/24/2025,1,Will Yancey,8190,21,8,6,2,,1200,18,10,8,2,,,3600,0,3600,0
2843,9104,41,100,01/24/2025,2,Drew Goins,8207,27,14,14,0,,9200,18,6,5,2,-3400,,10200,0,10200,0
2843,9104,41,100,01/24/2025,3,Mehal Shah,8328,23,8,9,0,1000,5400,19,9,10,0,,4000,19000,0,0,19000
2844,9105,41,101,01/27/2025,1,Alison Betts,7941,22,10,9,2,-1000,2200,21,9,8,1,,,9800,0,5401,4399
2844,9105,41,101,01/27/2025,2,Will Wallace,8265,20,12,8,4,,3800,14,10,10,1,2600,,15200,0,4401,10799
2844,9105,41,101,01/27/2025,3,Rishabh Wuppalapati,8249,25,7,6,1,,2200,21,6,6,1,,2000,5800,0,5800,0
2845,9106,41,102,01/28/2025,1,Amy Hummel,7968,18,8,7,2,-1000,2200,17,9,7,2,,,6600,0,199,6401
2845,9106,41,102,01/28/2025,2,Grant DeYoung,8013,21,11,8,3,,2800,18,14,8,7,,2000,3200,0,2801,399
2845,9106,41,102,01/28/2025,3,David Erb,8201,19,11,9,2,,3000,11,6,5,2,3000,,7200,0,6001,1199
2846,9107,41,103,01/29/2025,1,Greg Jolin,8286,24,6,5,1,,1400,22,10,8,4,-3800,-2000,800,1,231,1031
2846,9107,41,103,01/29/2025,2,Weckiai Rannila,7982,20,6,5,1,,3000,15,4,3,1,,,4600,1,2999,7599
2846,9107,41,103,01/29/2025,3,Neilesh Vinjamuri,8154,21,18,18,1,1000,10600,21,15,15,0,,,28200,1,0,28200
2848,9110,41,104,01/30/2025,1,Mehal Shah,8328,15,11,10,2,1000,4200,17,9,6,3,,,7400,0,7001,399
2848,9110,41,104,01/30/2025,2,Ryan Manton,8217,15,6,6,0,,4000,11,7,7,0,,,14400,0,501,13899
2848,9110,41,104,01/30/2025,3,Will Stewart,8004,14,5,5,0,,2200,15,8,8,2,7400,100,14900,0,14000,900
2849,9111,41,105,01/31/2025,1,Mark Fitzpatrick,8229,16,14,13,2,1800,7000,12,10,9,2,,5000,16400,0,4401,11999
2849,9111,41,105,01/31/2025,2,Allison Gross,7995,14,6,5,1,,2600,11,10,10,1,-3000,,10400,0,2001,8399
2849,9111,41,105,01/31/2025,3,Kevin Laskowski,8336,20,8,6,2,,2200,20,5,4,1,,,6200,0,6199,1
2851,9112,41,106,02/03/2025,1,Drew Goins,8207,19,12,11,1,,5400,17,12,14,0,5400,2800,31200,1,808,32008
2851,9112,41,106,02/03/2025,2,Amar Kakirde,8028,15,7,7,1,1400,3800,15,3,3,0,,,6600,1,6599,13199
2851,9112,41,106,02/03/2025,3,Lucas Partridge,5342,16,10,8,2,,3800,13,7,6,1,,,7400,0,1989,5411
2852,9113,41,107,02/04/2025,1,Adriana Harmeyer,8042,18,10,9,1,,4400,20,12,13,0,4000,,22000,1,3000,25000
2852,9113,41,107,02/04/2025,2,Ryan Manton,8217,15,9,9,1,1000,5200,13,7,6,1,,,12000,1,10001,22001
2852,9113,41,107,02/04/2025,3,Will Wallace,8265,14,7,5,2,,200,14,7,5,3,,-2000,200,0,200,0
2853,9114,41,108,02/05/2025,1,Isaac Hirsch,8117,20,14,14,1,-3200,5000,24,15,14,2,,-5000,13600,1,4000,17600
2853,9114,41,108,02/05/2025,2,Mark Fitzpatrick,8229,22,5,4,1,,1200,21,12,12,1,4400,,18400,0,8801,9599
2853,9114,41,108,02/05/2025,3,Amy Hummel,7968,19,8,7,1,,4000,11,3,2,1,,,5600,0,5599,1
2854,9115,41,109,02/06/2025,1,Drew Basile,8087,21,12,9,4,-1000,800,19,7,5,2,,,6800,1,2002,8802
2854,9115,41,109,02/06/2025,2,Drew Goins,8207,21,10,8,2,,4800,15,10,9,3,3600,-7200,4400,0,400,4000
2854,9115,41,109,02/06/2025,3,Neilesh Vinjamuri,8154,19,6,5,1,,2000,16,9,8,1,,,8800,1,4801,13601
2856,9117,41,110,02/07/2025,1,Adriana Harmeyer,8042,23,8,8,1,-1800,3400,20,7,7,0,,,11400,0,6000,5400
2856,9117,41,110,02/07/2025,2,Isaac Hirsch,8117,26,11,9,2,,2800,22,11,10,3,3000,2000,13800,0,9001,4799
2856,9117,41,110,02/07/2025,3,Neilesh Vinjamuri,8154,19,10,8,2,,3800,14,10,9,1,,,11400,0,11400,0
2858,9118,41,111,02/10/2025,1,Adriana Harmeyer,8042,23,9,9,0,,4400,23,5,5,1,-5000,,5400,0,0,5400
2858,9118,41,111,02/10/2025,2,Isaac Hirsch,8117,24,10,9,1,,4800,23,12,12,0,,,18800,1,18600,37400
2858,9118,41,111,02/10/2025,3,Neilesh Vinjamuri,8154,20,9,9,1,2400,7000,15,11,11,1,,14600,31600,1,6001,37601
2859,9119,41,112,02/11/2025,1,Adriana Harmeyer,8042,24,10,11,0,1000,7200,18,10,9,1,,,14000,1,0,14000
2859,9119,41,112,02/11/2025,2,Isaac Hirsch,8117,25,9,7,2,,2800,19,9,7,3,,-6400,1600,0,300,1300
2859,9119,41,112,02/11/2025,3,Neilesh Vinjamuri,8154,19,10,10,0,,4800,19,10,10,1,14800,,30000,0,0,30000
2860,9120,41,113,02/12/2025,1,Adriana Harmeyer,8042,23,6,5,1,,2800,18,5,3,2,,,2800,0,2800,0
2860,9120,41,113,02/12/2025,2,Isaac Hirsch,8117,24,13,11,2,,7000,20,11,12,0,6000,,22200,1,5401,27601
2860,9120,41,113,02/12/2025,3,Neilesh Vinjamuri,8154,19,8,9,0,1000,4200,17,10,10,1,,-4000,13800,1,8401,22201
2861,9121,41,114,02/13/2025,1,Adriana Harmeyer,8042,23,11,9,2,,2000,18,9,7,3,4000,,10400,1,6000,16400
2861,9121,41,114,02/13/2025,2,Isaac Hirsch,8117,25,12,8,4,,3400,24,6,5,1,,,7800,1,7700,15500
2861,9121,41,114,02/13/2025,3,Neilesh Vinjamuri,8154,22,12,11,2,1200,6600,14,12,12,1,,-5000,13600,1,7201,20801
2847,9108,41,115,02/14/2025,1,Adriana Harmeyer,8042,27,7,7,1,-1000,3200,26,10,8,2,,,10800,1,10000,20800
2847,9108,41,115,02/14/2025,2,Isaac Hirsch,8117,27,18,16,2,,8200,22,12,10,2,,,15000,1,6600,21600
2847,9108,41,115,02/14/2025,3,Drew Basile,8087,20,5,5,0,,3000,19,7,8,1,3000,8400,19200,1,19200,38400
2863,9123,41,116,02/17/2025,1,Matt Amodio,639,23,18,16,2,,6800,16,9,10,0,,13600,30400,1,15000,45400
2863,9123,41,116,02/17/2025,2,Hannah Wilson,5097,17,9,9,1,4000,9600,20,12,11,1,,,22400,1,8001,30401
2863,9123,41,116,02/17/2025,3,Doug Molitor,8535,12,4,3,1,,800,13,5,3,3,-2000,,-3200,,,-3200
2864,9124,41,117,02/18/2025,1,Skyler Hornback,8536,14,10,9,2,-1500,2700,12,6,6,0,,,7100,0,3500,3600
2864,9124,41,117,02/18/2025,2,Margaret Shelton,1055,13,9,8,1,,2800,21,7,7,1,,-5000,6200,0,6200,0
2864,9124,41,117,02/18/2025,3,Jaskaran Singh,4066,22,12,9,3,,5600,24,15,14,2,-1000,,21800,1,0,21800
2865,9125,41,118,02/19/2025,1,Emily Sands,462,21,12,9,3,,2200,18,11,11,1,2200,,14000,0,0,14000
2865,9125,41,118,02/19/2025,2,Rachael Schwartz,8540,13,5,6,0,1000,3200,12,2,2,0,,,6000,0,5000,1000
2865,9125,41,118,02/19/2025,3,Jonathan Fisher,753,17,11,8,3,,2800,17,13,11,3,,2400,12400,0,399,12001
2866,9126,41,119,02/20/2025,1,Raymond Goslow,4070,22,12,12,0,,7400,19,11,11,1,,5000,25200,1,14401,39601
2866,9126,41,119,02/20/2025,2,Troy Meyer,4859,27,11,10,2,2800,7400,23,11,10,1,,,19800,1,7601,27401
2866,9126,41,119,02/20/2025,3,Jackie Kelly,4043,19,6,5,1,,1600,14,8,9,0,5600,,13200,0,13200,0
2867,9127,41,120,02/21/2025,1,Maya Wright,1782,14,7,6,1,,2200,4,2,1,1,,,1400,1,47,1447
2867,9127,41,120,02/21/2025,2,Roger Craig,8546,22,12,10,3,1000,2600,21,16,16,2,9000,12000,36000,1,0,36000
2867,9127,41,120,02/21/2025,3,John Focht,287,22,11,11,0,,7800,15,9,7,2,,,13800,1,915,14715
2868,9128,41,121,02/24/2025,1,Avi Gupta,2653,15,4,4,0,,2600,18,8,7,2,,4600,11600,0,7233,4367
2868,9128,41,121,02/24/2025,2,Amy Schneider,834,23,10,10,0,,5200,21,8,7,2,5000,,14200,0,10000,4200
2868,9128,41,121,02/24/2025,3,Luigi de Guzman,4542,26,16,15,2,1200,9600,23,14,12,2,,,23600,0,4801,18799
2869,9129,41,122,02/25/2025,1,Ray Lalonde,4782,21,9,7,2,,2800,23,11,11,2,4000,3000,17000,0,2601,14399
2869,9129,41,122,02/25/2025,2,Robin Carroll,8552,19,12,11,2,1200,5200,16,8,7,1,,,9200,0,601,8599
2869,9129,41,122,02/25/2025,3,Ryan Long,4374,12,9,8,1,,3400,14,7,6,1,,,9800,0,9700,100
2870,9130,41,123,02/26/2025,1,Ben Chan,5052,24,11,10,2,-1000,3200,21,15,13,3,-5,,18395,0,3694,14701
2870,9130,41,123,02/26/2025,2,Claire Sattler,1788,16,3,2,1,,800,7,3,2,1,,,0,,,0
2870,9130,41,123,02/26/2025,3,Shane Whitlock,8556,24,13,13,0,,9000,24,10,10,1,,-3500,14700,1,6000,20700
2871,9132,41,124,02/27/2025,1,Seth Wilson,3451,19,6,6,0,,4200,10,8,7,2,-5800,,6400,1,6399,12799
2871,9132,41,124,02/27/2025,2,Jackson Jones,2650,24,12,11,1,,5200,16,7,6,1,,,10800,1,5201,16001
2871,9132,41,124,02/27/2025,3,Juveria Zaheer,5106,26,12,10,3,-1400,2600,15,8,9,0,,6600,16000,1,5601,21601
2872,9133,41,125,02/28/2025,1,Roger Craig,8546,22,10,9,1,,4400,18,10,8,2,,,14400,1,10801,25201
2872,9133,41,125,02/28/2025,2,Jaskaran Singh,4066,17,8,8,1,1800,5000,16,10,9,2,-4000,,12600,1,12598,25198
2872,9133,41,125,02/28/2025,3,Shane Whitlock,8556,20,9,8,1,,5000,20,7,6,2,,-5800,3200,1,3200,6400
2873,9134,41,126,03/03/2025,1,Matt Amodio,639,22,8,6,2,,2200,17,11,12,1,2200,8000,22800,1,10001,32801
2873,9134,41,126,03/03/2025,2,Luigi de Guzman,4542,26,15,14,1,,8800,24,12,9,3,,,16400,0,16399,1
2873,9134,41,126,03/03/2025,3,Emily Sands,462,22,8,9,0,1000,5400,19,6,5,1,,,11400,0,400,11000
2874,9135,41,127,03/04/2025,1,Raymond Goslow,4070,23,15,15,1,-3200,5200,19,11,11,1,5000,,21000,0,7801,13199
2874,9135,41,127,03/04/2025,2,Juveria Zaheer,5106,24,11,10,1,,5200,25,15,12,4,,-4000,14400,1,0,14400
2874,9135,41,127,03/04/2025,3,Ray Lalonde,4782,20,4,3,1,,1400,21,5,4,1,,,4200,1,4200,8400
2875,9136,41,128,03/05/2025,1,Matt Amodio,639,20,13,10,3,,4600,20,16,17,0,6600,,30000,1,15601,45601
2875,9136,41,128,03/05/2025,2,Roger Craig,8546,23,9,9,0,,5200,22,9,8,2,,9600,22800,1,7597,30397
2875,9136,41,128,03/05/2025,3,Juveria Zaheer,5106,21,11,8,4,-3400,-600,26,6,4,2,,,1000,1,500,1500
2876,9137,41,129,03/06/2025,1,Matt Amodio,639,22,10,9,1,,5200,19,12,10,2,,,13600,0,2401,11199
2876,9137,41,129,03/06/2025,2,Roger Craig,8546,20,9,9,1,1000,3400,25,12,9,4,,2000,9400,0,4201,5199
2876,9137,41,129,03/06/2025,3,Juveria Zaheer,5106,25,10,9,1,,4600,20,6,6,1,7800,,16000,0,11201,4799
2877,9138,41,130,03/07/2025,1,Laura Faddah,8391,19,9,7,2,,1800,16,7,7,1,,-1800,9200,0,4001,5199
2877,9138,41,130,03/07/2025,2,Omar Abu Realh,8576,21,11,8,4,-1000,800,16,12,8,5,-2800,,800,0,0,800
2877,9138,41,130,03/07/2025,3,Roger Ghaman,8577,20,11,9,2,,3000,11,5,4,1,,,6600,0,3601,2999
2878,9139,41,131,03/10/2025,1,Laura Faddah,8391,14,3,3,0,,1800,17,7,7,1,3000,,11200,0,0,11200
2878,9139,41,131,03/10/2025,2,Harvey Silikovitz,8579,21,18,18,1,1000,11200,19,16,17,0,,6000,36800,0,13200,23600
2878,9139,41,131,03/10/2025,3,Sabrina Blanks,8580,11,4,4,0,,1600,10,4,3,1,,,4400,1,4398,8798
2879,9140,41,132,03/11/2025,1,Harvey Silikovitz,8579,19,7,7,0,,3600,21,8,6,2,,,6800,1,6800,13600
2879,9140,41,132,03/11/2025,2,Emily Johnson,8582,18,8,8,0,,5600,18,12,12,1,,4000,20800,1,4000,24800
2879,9140,41,132,03/11/2025,3,James Corson,8583,21,13,13,1,1400,7400,18,9,10,0,10000,,29000,1,13000,42000
2880,9141,41,133,03/12/2025,1,James Corson,8583,20,12,10,2,,4600,18,9,10,0,,5800,18800,1,10000,28800
2880,9141,41,133,03/12/2025,2,Kristen VanBlargan,8585,19,8,6,3,1000,1200,14,10,10,0,,,14000,1,4801,18801
2880,9141,41,133,03/12/2025,3,Brian Nieves,8586,22,10,10,0,,5000,23,10,8,3,-6000,,6600,1,4600,11200
2881,9142,41,134,03/13/2025,1,James Corson,8583,20,7,6,2,1000,2000,21,10,10,0,,,13200,0,0,13200
2881,9142,41,134,03/13/2025,2,Jack Goldfisher,8588,20,15,14,1,,7600,22,9,9,1,,5200,20400,1,12001,32401
2881,9142,41,134,03/13/2025,3,Liz Engelhardt,8589,22,7,7,0,,4400,24,9,9,1,5000,,16200,0,10400,5800
2882,9143,41,135,03/14/2025,1,Jack Goldfisher,8588,22,11,10,1,,4200,12,7,5,2,,,6200,1,2200,8400
2882,9143,41,135,03/14/2025,2,Alex DeFrank,8591,24,12,13,0,6800,14400,19,13,11,2,,,26400,1,16001,42401
2882,9143,41,135,03/14/2025,3,Jamie Hare,8592,20,7,5,2,,1200,15,8,10,0,3200,7200,21200,1,5201,26401
2883,9144,41,136,03/17/2025,1,Alex DeFrank,8591,21,17,15,2,,6600,17,15,11,5,-5000,,8800,1,5200,14000
2883,9144,41,136,03/17/2025,2,Clare Murray,8594,10,3,2,1,,600,12,8,7,2,,-3400,2800,0,2800,0
2883,9144,41,136,03/17/2025,3,Brett Aresco,8595,20,9,9,1,1400,7000,13,4,3,1,,,9800,0,8000,1800
2884,9145,41,137,03/18/2025,1,Alex DeFrank,8591,19,13,10,3,,4000,20,13,14,0,,6000,25200,0,6001,19199
2884,9145,41,137,03/18/2025,2,David DeBacker,8597,24,14,13,1,,6200,16,7,7,1,5000,,15600,0,11111,4489
2884,9145,41,137,03/18/2025,3,Lily St. Laurent,8598,21,4,3,2,1000,600,18,7,4,3,,,2200,0,2198,2
2885,9146,41,138,03/19/2025,1,Alex DeFrank,8591,24,17,16,2,1000,8000,19,14,16,0,7000,6000,37400,0,10600,26800
2885,9146,41,138,03/19/2025,2,Ann Velenchik,8600,22,8,7,1,,4400,13,3,2,1,,,6000,0,0,6000
2885,9146,41,138,03/19/2025,3,Adam Silverman,8601,26,6,6,0,,3000,23,10,9,1,,,13000,1,0,13000
2886,9147,41,139,03/20/2025,1,Alex DeFrank,8591,18,11,8,3,,2400,18,13,8,5,,,4000,1,4000,8000
2886,9147,41,139,03/20/2025,2,Hillary Hess,8603,17,5,5,0,,2600,16,4,4,1,2500,,7500,0,7500,0
2886,9147,41,139,03/20/2025,3,Cameron Berry,8604,22,13,13,1,2400,9400,20,14,14,1,,4000,28600,0,4000,24600
2887,9148,41,140,03/21/2025,1,Cameron Berry,8604,25,13,8,5,,400,19,8,6,2,,,6400,1,6400,12800
2887,9148,41,140,03/21/2025,2,Steve Luck,8606,18,8,8,1,1600,6000,18,11,10,2,-3000,,11800,1,6000,17800
2887,9148,41,140,03/21/2025,3,Josh Weikert,8607,21,12,11,1,,7400,16,9,9,1,,3000,16400,1,7201,23601
2888,9149,41,141,03/24/2025,1,Josh Weikert,8607,20,12,11,2,1000,6800,18,11,12,0,,3000,21800,0,12601,9199
2888,9149,41,141,03/24/2025,2,Mustafa Hameed,8609,17,11,11,0,,5200,16,11,11,0,,,17200,0,10000,7200
2888,9149,41,141,03/24/2025,3,Geraldine Rodriguez,8610,17,4,4,0,,2200,15,4,3,2,-4200,,3200,1,3200,6400
2889,9150,41,142,03/25/2025,1,Josh Weikert,8607,22,14,13,1,,7200,22,14,13,2,2400,,20000,1,1201,21201
2889,9150,41,142,03/25/2025,2,Sara Balmuth,8612,16,7,6,1,,3600,10,3,1,2,,,1600,1,1600,3200
2889,9150,41,142,03/25/2025,3,Eugene Huang,8613,20,10,9,2,-2000,1600,17,10,10,1,,-3000,10600,1,9401,20001
2890,9151,41,143,03/26/2025,1,Josh Weikert,8607,15,10,9,2,-1800,2400,18,11,10,1,,,11600,0,6399,5201
2890,9151,41,143,03/26/2025,2,John Rindone,8615,9,4,3,1,,200,16,3,2,1,,,2600,0,1600,1000
2890,9151,41,143,03/26/2025,3,Melanie Hirsch,8616,18,12,12,0,,6800,17,12,11,3,-3500,-2500,12000,0,11201,799
2891,9152,41,144,03/27/2025,1,Josh Weikert,8607,22,15,14,1,,7200,18,13,13,2,-3400,4000,21000,0,0,21000
2891,9152,41,144,03/27/2025,2,Neha Narayan,8618,15,9,8,2,-2200,2000,21,7,6,1,,,6400,0,801,5599
2891,9152,41,144,03/27/2025,3,David Weir,8619,15,6,4,2,,0,10,6,5,1,,,3600,0,2801,799
2892,9153,41,145,03/28/2025,1,Josh Weikert,8607,16,11,8,3,,3600,14,13,15,0,2000,2000,21600,0,1600,20000
2892,9153,41,145,03/28/2025,2,Mike Budzinski,8621,14,10,9,1,,4400,11,6,5,1,,,7600,0,1000,6600
2892,9153,41,145,03/28/2025,3,Revell Carr,8622,10,6,6,1,-1200,2000,10,4,2,2,,,1200,0,1100,100
2893,9154,41,146,03/31/2025,1,Josh Weikert,8607,21,15,14,1,,7400,13,8,7,1,,,15000,0,9801,5199
2893,9154,41,146,03/31/2025,2,Bryce Wargin,8624,19,9,8,2,1600,3800,13,7,6,2,,4200,12400,1,3000,15400
2893,9154,41,146,03/31/2025,3,Allison Willard,8625,26,7,7,0,,4600,22,16,12,5,2000,,11800,0,8700,3100
2894,9155,41,147,04/01/2025,1,Bryce Wargin,8624,22,16,16,0,,9200,16,11,10,3,3400,-3000,18800,1,5000,23800
2894,9155,41,147,04/01/2025,2,Conner Huey,8627,7,3,2,2,-600,-600,9,2,1,1,,,-600,,,-600
2894,9155,41,147,04/01/2025,3,Kristen Ramsey,8628,18,8,7,1,,3000,20,13,9,4,,,6600,1,2190,8790
2895,9156,41,148,04/02/2025,1,Bryce Wargin,8624,15,13,10,3,,3600,14,6,7,0,4400,,15600,1,4600,20200
2895,9156,41,148,04/02/2025,2,Lee Henry,8630,16,8,6,2,,2800,21,17,12,5,,,10000,1,9999,19999
2895,9156,41,148,04/02/2025,3,Brina Ratangee,8631,12,5,6,0,1000,3800,13,7,5,3,,916,2316,1,1600,3916
2896,9157,41,149,04/03/2025,1,Bryce Wargin,8624,19,13,14,0,4400,11600,14,7,6,1,,,16000,0,5201,10799
2896,9157,41,149,04/03/2025,2,Mary Walheim,8633,14,7,7,0,,4800,12,7,5,2,,,6000,0,5999,1
2896,9157,41,149,04/03/2025,3,Alfred Wallace,8634,14,7,6,1,,2800,21,14,12,4,2800,-3000,10600,0,10000,600
2897,9158,41,150,04/04/2025,1,Bryce Wargin,8624,20,10,8,2,,3400,17,10,7,5,-3400,2000,5600,0,5599,1
2897,9158,41,150,04/04/2025,2,Guy Branum,8636,22,10,11,0,2400,6800,18,8,6,2,,,10800,1,4201,15001
2897,9158,41,150,04/04/2025,3,Mike Dawson,8637,20,8,8,0,,5800,16,12,10,2,,,15000,1,6601,21601
2898,9162,41,151,04/07/2025,1,Mike Dawson,8637,20,12,13,0,1000,8000,22,15,13,2,,,22000,0,8001,13999
2898,9162,41,151,04/07/2025,2,Erin Li,8639,19,10,9,1,,3600,18,9,10,0,3000,,15000,0,15000,0
2898,9162,41,151,04/07/2025,3,Taylor Mattox,8640,22,6,5,1,,1800,18,6,5,2,,-3000,3600,0,3000,600
2899,9163,41,152,04/08/2025,1,Mike Dawson,8637,18,9,8,1,,4800,16,12,11,1,,,16400,1,5000,21400
2899,9163,41,152,04/08/2025,2,Joe Lancour,8642,22,16,12,5,-1000,3000,15,7,6,2,,-6000,1800,1,1800,3600
2899,9163,41,152,04/08/2025,3,Anise K. Strong-Morse,8643,17,8,4,4,,-1000,16,8,6,3,-2500,,2900,1,707,3607
2900,9164,41,153,04/09/2025,1,Mike Dawson,8637,18,11,11,1,-4400,2000,13,6,4,2,,,2400,0,2398,2
2900,9164,41,153,04/09/2025,2,Courtney Martin,8645,17,4,4,0,,2600,14,4,3,1,,,4200,1,601,4801
2900,9164,41,153,04/09/2025,3,Andrew Hayes,8646,24,13,12,1,,5800,17,14,15,1,-1000,2000,25200,0,0,25200
2901,9166,41,154,04/10/2025,1,Andrew Hayes,8646,22,10,8,2,,2400,20,10,9,2,3000,,13000,1,7201,20201
2901,9166,41,154,04/10/2025,2,Dave Widmayer,8648,20,13,11,3,1000,4800,21,13,12,2,,4200,20200,0,5801,14399
2901,9166,41,154,04/10/2025,3,Kat Donahoe,8649,18,9,6,3,,2200,18,7,5,2,,,5400,0,5398,2
2902,9167,41,155,04/11/2025,1,Andrew Hayes,8646,21,8,9,0,1200,6000,19,13,13,1,,7600,21600,1,5201,26801
2902,9167,41,155,04/11/2025,2,Michael DiSciullo,8651,19,11,10,1,,5000,22,8,7,1,,,13400,1,13397,26797
2902,9167,41,155,04/11/2025,3,Stephanie Rozman,8652,15,8,8,0,,4600,15,7,6,2,1500,,12900,1,12300,25200
2904,9168,41,156,04/14/2025,1,Andrew Hayes,8646,26,11,12,0,4200,11600,17,10,10,2,2000,-4000,17600,1,8801,26401
2904,9168,41,156,04/14/2025,2,Kyle Harvey,8657,19,13,13,0,,6000,13,8,7,1,,,13200,0,1999,11201
2904,9168,41,156,04/14/2025,3,Jade Snelling,8658,19,5,4,1,,2000,13,6,5,1,,,5600,1,3200,8800
2905,9169,41,157,04/15/2025,1,Andrew Hayes,8646,20,12,10,3,-1000,3600,13,7,7,0,,,11600,1,7601,19201
2905,9169,41,157,04/15/2025,2,Dondi DeMarco,8660,14,9,7,2,,4400,13,9,10,0,,2000,18400,0,5001,13399
2905,9169,41,157,04/15/2025,3,Thomas Wilson,8661,18,8,7,1,,2400,17,8,8,1,2400,,9600,0,9000,600
2906,9170,41,158,04/16/2025,1,Andrew Hayes,8646,23,15,14,2,-1800,5600,24,19,19,2,-2000,4000,28800,0,8800,20000
2906,9170,41,158,04/16/2025,2,Denise LeBlanc-Bock,8663,18,6,5,1,,2000,14,3,3,0,,,5200,0,1401,3799
2906,9170,41,158,04/16/2025,3,Brenden Monroe,8664,15,9,7,2,,2200,11,6,5,1,,,6600,0,3801,2799
2907,9171,41,159,04/17/2025,1,Andrew Hayes,8646,22,12,11,1,,6000,20,7,4,3,,,8800,1,4610,13410
2907,9171,41,159,04/17/2025,2,Steven Hoying,8666,19,10,11,0,3000,8200,19,12,12,2,6000,5000,29200,1,203,29403
2907,9171,41,159,04/17/2025,3,Michelle Dolinski,8667,14,5,5,0,,2600,14,9,9,0,,,13400,0,5000,8400
2908,9173,41,160,04/18/2025,1,Steven Hoying,8666,14,8,8,1,1800,4200,11,8,8,0,,,13800,1,6000,19800
2908,9173,41,160,04/18/2025,2,Rachael Gray,8669,17,10,10,0,,6200,14,6,7,0,,4000,16200,0,12000,4200
2908,9173,41,160,04/18/2025,3,Liam Starnes,8670,16,7,7,0,,4400,15,10,10,1,6000,,19600,1,12801,32401
2909,9174,41,161,04/21/2025,1,Liam Starnes,8670,15,9,8,2,-5,3395,16,9,8,2,3395,,12790,1,7611,20401
2909,9174,41,161,04/21/2025,2,Bob Callen,8672,15,8,8,0,,4800,16,11,12,0,,1200,15200,0,10381,4819
2909,9174,41,161,04/21/2025,3,Maja Vlajnic,8673,19,10,10,0,,5800,12,5,4,1,,,10200,1,10100,20300
2910,9175,41,162,04/22/2025,1,Liam Starnes,8670,23,18,18,1,3000,11600,18,14,13,2,,-2000,24400,0,5000,19400
2910,9175,41,162,04/22/2025,2,Sara Grady,8675,21,8,6,2,,3000,12,7,4,3,,,3000,1,1500,4500
2910,9175,41,162,04/22/2025,3,Kyle Dunn,8676,14,7,3,4,,-1200,15,9,9,1,2000,,9200,0,9200,0
2911,9176,41,163,04/23/2025,1,Liam Starnes,8670,14,8,7,1,,4200,13,5,7,0,4600,4000,18800,0,9201,9599
2911,9176,41,163,04/23/2025,2,Abigail Arnold,8678,16,13,13,1,-7800,400,21,13,12,1,,,14000,0,4801,9199
2911,9176,41,163,04/23/2025,3,Eric Cordova,8679,21,8,6,2,,1200,16,8,5,3,,,0,,,0
2912,9177,41,164,04/24/2025,1,Liam Starnes,8670,18,12,10,3,2600,5600,12,11,10,2,,4000,16000,1,5201,21201
2912,9177,41,164,04/24/2025,2,Raguell Couch,8681,16,14,11,3,,2600,10,7,7,1,2000,,10600,0,10502,98
2912,9177,41,164,04/24/2025,3,Harold Goldston III,8682,9,4,1,3,,-1400,5,2,1,1,,,-2200,,,-2200
2913,9178,41,165,04/25/2025,1,Liam Starnes,8670,18,13,14,0,3000,11000,14,7,7,1,6000,,20600,0,18,20582
2913,9178,41,165,04/25/2025,2,Simon Liebling,8684,14,6,6,0,,3200,13,5,5,1,,1000,7800,0,1001,6799
2913,9178,41,165,04/25/2025,3,Jenn Gardner,8685,18,11,7,4,,800,18,13,10,3,,,8800,0,6900,1900
2914,9179,41,166,04/28/2025,1,Liam Starnes,8670,19,14,12,2,,6400,20,9,10,1,9600,-3000,25400,0,4201,21199
2914,9179,41,166,04/28/2025,2,Erin Morin,8687,23,10,9,2,2000,5600,21,13,11,2,,,14800,1,14800,29600
2914,9179,41,166,04/28/2025,3,Steve Icsman,8688,14,7,4,3,,600,17,7,5,2,,,5400,0,0,5400
2915,9180,41,167,04/29/2025,1,Erin Morin,8687,18,1,0,1,,-1000,20,10,6,4,,,2600,0,2000,600
2915,9180,41,167,04/29/2025,2,Ben Ganger,8690,26,22,23,0,2600,15600,16,11,11,2,3500,2000,25900,0,901,24999
2915,9180,41,167,04/29/2025,3,Rahel Zubairi,8691,19,7,5,2,,1400,19,10,10,0,,,13400,0,11601,1799
2916,9182,41,168,04/30/2025,1,Ben Ganger,8690,25,19,18,2,1400,10000,15,11,9,3,,2500,16100,1,716,16816
2916,9182,41,168,04/30/2025,2,Jordan Stefanski,8693,12,5,3,2,,1400,11,6,3,3,,,1000,1,0,1000
2916,9182,41,168,04/30/2025,3,Roni Ackner,8694,15,8,5,3,,1600,13,7,5,3,-2800,,1600,0,0,1600
2917,9183,41,169,05/01/2025,1,Ben Ganger,8690,25,12,10,2,,6200,23,16,14,4,6000,-2000,24600,1,10000,34600
2917,9183,41,169,05/01/2025,2,Julie Holt,8696,19,12,10,2,,2800,11,4,3,1,,,3200,1,3200,6400
2917,9183,41,169,05/01/2025,3,Scott Summers,8697,17,9,6,4,-1000,0,12,7,6,1,,,4000,0,2401,1599
2918,9186,41,170,05/02/2025,1,Ben Ganger,8690,17,13,12,2,1200,5600,19,14,13,3,3500,5000,22500,0,2500,20000
2918,9186,41,170,05/02/2025,2,Shweta Balasubramanian,8699,6,3,2,1,,-200,7,1,1,0,,,1000,0,680,320
2918,9186,41,170,05/02/2025,3,Sam Sabulis,8700,14,8,6,2,,1800,13,10,7,3,,,7800,0,2611,5189
2919,9187,41,171,05/05/2025,1,Ben Ganger,8690,19,13,12,1,,6000,14,11,10,2,,-2500,11500,0,2000,9500
2919,9187,41,171,05/05/2025,2,Ellen Goldlust,8702,22,13,11,3,-3600,3000,17,11,7,5,-3400,,4000,0,1201,2799
2919,9187,41,171,05/05/2025,3,Rhyne Modlin,8703,13,4,4,0,,2200,8,4,2,2,,,2600,0,1000,1600
2920,9188,41,172,05/06/2025,1,Ben Ganger,8690,16,11,9,2,,2800,14,10,7,3,,,3600,1,2001,5601
2920,9188,41,172,05/06/2025,2,Sarah Gillis,8705,19,9,8,2,1400,3400,15,7,5,2,,,7400,0,100,7300
2920,9188,41,172,05/06/2025,3,Keegan Olson,8706,17,10,9,1,,4600,19,12,11,3,-4000,-10200,2800,1,2800,5600
2921,9189,41,173,05/07/2025,1,Sarah Gillis,8705,16,7,5,2,,1200,14,8,5,4,-2400,,1200,0,1200,0
2921,9189,41,173,05/07/2025,2,Michelle Tsai,8708,25,14,14,1,-4600,3200,22,8,8,0,,,13600,0,5000,8600
2921,9189,41,173,05/07/2025,3,Dan Moren,8709,23,10,8,2,,3800,18,9,10,0,,3000,17200,0,0,17200
2922,9190,41,174,05/08/2025,1,Dan Moren,8709,20,13,14,0,3000,10800,23,19,15,6,-2000,-2000,18800,0,2500,16300
2922,9190,41,174,05/08/2025,2,Christen Aragoni,8711,12,5,4,1,,1600,9,5,3,2,,,800,0,0,800
2922,9190,41,174,05/08/2025,3,Michael Mungin,8712,14,7,7,0,,3800,13,3,3,0,,,7400,0,2600,4800
2923,9191,41,175,05/09/2025,1,Dan Moren,8709,18,13,13,1,1000,6800,19,13,9,6,-2000,-1500,5700,0,5600,100
2923,9191,41,175,05/09/2025,2,Kara Peruccio,8714,16,8,6,2,,2200,19,13,11,2,,,12200,1,200,12400
2923,9191,41,175,05/09/2025,3,Zach Dickstein,8715,7,3,3,0,,2000,5,3,0,3,,,-1200,,,-1200
2924,9192,41,176,05/12/2025,1,Kara Peruccio,8714,18,10,9,2,-1000,3200,16,6,3,3,,,400,0,0,400
2924,9192,41,176,05/12/2025,2,Andrew Jones,8717,22,13,9,4,,2400,14,9,8,3,-2400,-2000,5600,0,0,5600
2924,9192,41,176,05/12/2025,3,Rachel Hall,8718,20,9,6,3,,400,16,7,6,1,,,5600,0,5100,500
2925,9195,41,177,05/13/2025,1,Andrew Jones,8717,23,9,7,2,,2600,19,9,8,2,3000,,10400,1,10400,20800
2925,9195,41,177,05/13/2025,2,Aaron Dmiszewicki,8720,19,7,6,1,,2600,17,8,7,1,,,9000,0,5401,3599
2925,9195,41,177,05/13/2025,3,Katie Tarara,8721,23,15,15,1,-5200,3800,19,11,8,4,,-2600,7200,0,7199,1
2926,9196,41,178,05/14/2025,1,Andrew Jones,8717,20,13,11,2,,4400,15,14,12,3,,-5600,8000,0,1999,6001
2926,9196,41,178,05/14/2025,2,Jen Johnson,8723,14,6,6,0,,2800,18,8,5,4,2400,,6000,1,2401,8401
2926,9196,41,178,05/14/2025,3,Brandon Monsman,8724,15,8,7,2,1000,3600,15,7,5,2,,,8400,1,8000,16400
2930,9199,41,179,05/15/2025,1,Brandon Monsman,8724,15,7,5,2,,2400,11,8,7,1,,,7200,0,0,7200
2930,9199,41,179,05/15/2025,2,Neeraj Borle,8735,19,9,8,1,,3600,14,9,9,1,2000,,12400,0,8000,4400
2930,9199,41,179,05/15/2025,3,Nick Marino,8736,18,11,11,1,1000,5600,6,4,5,0,,2600,14200,0,10601,3599
2932,9200,41,180,05/16/2025,1,Brandon Monsman,8724,16,9,7,3,-1000,2000,11,5,6,0,1500,,8300,0,6000,2300
2932,9200,41,180,05/16/2025,2,Mitch Loflin,8741,16,10,9,1,,4200,16,9,9,0,,,13800,0,5400,8400
2932,9200,41,180,05/16/2025,3,Erin Hoard,8742,17,9,7,2,,3000,17,10,10,1,,3000,16000,0,11601,4399
2933,9201,41,181,05/19/2025,1,Mitch Loflin,8741,14,10,7,3,,2800,18,13,14,1,3500,5000,25300,1,2000,27300
2933,9201,41,181,05/19/2025,2,Micah Green,8744,18,9,8,2,1200,4800,18,6,5,1,,,6800,0,4601,2199
2933,9201,41,181,05/19/2025,3,Catherine Carnovale,8745,20,9,8,1,,4600,13,6,6,0,,,11400,0,2201,9199
2934,9202,41,182,05/20/2025,1,Mitch Loflin,8741,18,8,6,2,,2400,17,9,10,0,3600,,12400,0,6180,6220
2934,9202,41,182,05/20/2025,2,Brendan Liaw,8747,20,16,11,5,,1600,21,13,12,1,,,19200,0,5601,13599
2934,9202,41,182,05/20/2025,3,Wendy Poush,8748,16,8,8,1,2600,6200,15,5,6,0,,100,11900,0,8100,3800
2938,9205,41,183,05/21/2025,1,Brendan Liaw,8747,20,16,15,1,,8400,18,12,12,1,4400,,25200,0,1,25199
2938,9205,41,183,05/21/2025,2,Romy Negrin,8759,18,8,6,2,,1800,14,9,9,0,,,12600,0,12600,0
2938,9205,41,183,05/21/2025,3,Sam Macken,8760,10,6,4,3,-1000,-600,14,8,9,0,,2000,10600,0,10599,1
2939,9208,41,184,05/22/2025,1,Brendan Liaw,8747,22,12,10,2,,5000,20,13,14,0,,2400,19800,1,800,20600
2939,9208,41,184,05/22/2025,2,Angela Mustapha,8762,22,11,8,3,,1800,13,5,5,0,,,9400,0,600,8800
2939,9208,41,184,05/22/2025,3,Matt Askins,8763,15,6,5,2,1000,1200,14,6,5,2,-4000,,2800,0,0,2800
2945,9209,41,185,05/23/2025,1,Brendan Liaw,8747,21,11,10,1,,5200,21,14,10,6,-5000,-8200,-1600,,,-1600
2945,9209,41,185,05/23/2025,2,Jim Carpenter,8771,16,7,7,1,1000,3800,14,9,9,0,,,13400,1,12201,25601
2945,9209,41,185,05/23/2025,3,David Crockett,8772,24,11,9,2,,4000,16,7,7,0,,,12800,0,3999,8801
2946,9210,41,186,05/26/2025,1,Jim Carpenter,8771,22,10,10,0,,6600,14,5,5,0,,,13000,1,12000,25000
2946,9210,41,186,05/26/2025,2,Judith Friedman,8774,21,14,13,2,-1600,5000,11,7,9,0,5000,5000,23000,1,9001,32001
2946,9210,41,186,05/26/2025,3,Miles Tepper,8775,19,7,6,1,,2800,18,11,11,0,,,16000,0,10001,5999
2947,9211,41,187,05/27/2025,1,Judith Friedman,8774,19,10,8,2,,3200,14,6,5,1,,,6400,0,6400,0
2947,9211,41,187,05/27/2025,2,Tyler Griffith,8777,20,13,10,4,1600,3600,12,8,7,2,,4800,11200,0,10401,799
2947,9211,41,187,05/27/2025,3,Jackie Yang,8778,14,8,8,0,,3400,13,7,7,1,3000,,10800,0,10500,300
2950,9214,41,188,05/28/2025,1,Tyler Griffith,8777,14,8,7,2,1000,2600,12,4,3,1,,,5400,1,3401,8801
2950,9214,41,188,05/28/2025,2,Alice Welch,8780,21,13,12,1,,5400,10,6,5,2,,-2000,8200,1,3401,11601
2950,9214,41,188,05/28/2025,3,Thomas Sweeney,8781,16,8,7,1,,3200,13,12,9,4,-2000,,8800,1,7601,16401
2953,9215,41,189,05/29/2025,1,Thomas Sweeney,8781,11,6,5,1,,3000,11,6,4,3,3000,,4800,0,4800,0
2953,9215,41,189,05/29/2025,2,Anne LaGatta,8789,14,10,9,1,,4000,17,9,8,1,,,9600,0,9599,1
2953,9215,41,189,05/29/2025,3,Geoff Barnes,8790,11,7,8,0,3600,8400,19,12,12,1,,3000,23000,1,1000,24000
2954,9218,41,190,05/30/2025,1,Geoff Barnes,8790,12,10,9,1,,3400,15,10,9,1,,,12600,1,1801,14401
2954,9218,41,190,05/30/2025,2,Heather Ide,8792,15,10,8,3,1000,2400,12,6,4,4,-3200,-2000,-3200,,,-3200
2954,9218,41,190,05/30/2025,3,Chad Heltzel,8793,10,9,5,4,,0,9,6,6,0,,,7200,1,5500,12700
2955,9219,41,191,06/02/2025,1,Geoff Barnes,8790,12,8,7,2,-2000,1800,7,5,4,1,,,4200,1,2200,6400
2955,9219,41,191,06/02/2025,2,Kyle Rahe,8795,18,12,11,1,,5600,12,10,7,5,2000,-4000,5200,0,3201,1999
2955,9219,41,191,06/02/2025,3,Abbi Klein,8796,12,5,5,0,,1600,8,6,2,4,,,-400,,,-400
2956,9220,41,192,06/03/2025,1,Geoff Barnes,8790,22,12,11,2,2000,7400,9,4,4,0,,,10600,1,10599,21199
2956,9220,41,192,06/03/2025,2,Peter Vorissis,8798,19,8,6,2,,2400,14,5,3,2,,,3600,0,3599,1
2956,9220,41,192,06/03/2025,3,Stella Trout,8799,19,10,8,2,,2800,17,12,14,0,4000,3000,25800,1,3000,28800
2957,9221,41,193,06/04/2025,1,Stella Trout,8799,19,9,10,0,1000,7200,10,5,7,0,2000,4000,17200,0,2000,15200
2957,9221,41,193,06/04/2025,2,Jay Borsom,8801,23,10,7,3,,1400,16,12,7,5,,,4200,0,3000,1200
2957,9221,41,193,06/04/2025,3,Joey Quismorio,8802,14,9,8,1,,2200,11,8,7,1,,,9400,1,7801,17201
2958,9222,41,194,06/05/2025,1,Joey Quismorio,8802,15,6,5,1,,1600,14,11,10,3,-2000,-1000,7400,0,3401,3999
2958,9222,41,194,06/05/2025,2,Sarah Fuller,8804,18,9,7,3,-2800,1000,14,4,2,2,,,1400,0,0,1400
2958,9222,41,194,06/05/2025,3,Nikhil Joshi,8805,20,11,10,1,,4200,11,5,4,1,,,5400,0,0,5400
2959,9227,41,195,06/06/2025,1,Nikhil Joshi,8805,15,9,8,1,,4200,15,12,12,0,,,16200,0,1401,14799
2959,9227,41,195,06/06/2025,2,Elizabeth Hawkins,8807,21,12,9,4,-1000,1200,18,6,4,2,,,1200,1,0,1200
2959,9227,41,195,06/06/2025,3,Brian O'Heron,8808,15,6,5,1,,800,17,5,6,1,-4000,3200,8800,0,7401,1399
2960,9228,41,196,06/09/2025,1,Nikhil Joshi,8805,17,12,11,1,,4800,10,6,6,0,,,10400,0,601,9799
2960,9228,41,196,06/09/2025,2,Ted Nyman,8810,17,7,5,2,,2200,16,8,7,1,,,11000,1,10500,21500
2960,9228,41,196,06/09/2025,3,Jackie Rogoff,8811,18,9,10,0,1000,7000,17,12,13,1,-2000,5000,23600,0,1599,22001
2961,9229,41,197,06/10/2025,1,Jackie Rogoff,8811,14,7,6,2,-1000,1600,15,6,6,1,2000,,7200,1,6001,13201
2961,9229,41,197,06/10/2025,2,John Reiss,8813,20,12,10,2,,5000,15,10,7,3,,,6600,0,6599,1
2961,9229,41,197,06/10/2025,3,Matt Massie,8814,22,8,7,1,,3600,20,11,11,1,,7200,24000,1,6000,30000
2964,9230,41,198,06/11/2025,1,Matt Massie,8814,18,14,12,3,-2000,4400,22,16,16,2,6000,5000,29000,0,1000,28000
2964,9230,41,198,06/11/2025,2,Jan Zimmerman,8822,21,7,5,2,,800,9,2,2,0,,,3200,0,3199,1
2964,9230,41,198,06/11/2025,3,Rob Forrester,8823,18,10,7,3,,1000,15,10,7,3,,,6600,0,5999,601
2965,9231,41,199,06/12/2025,1,Matt Massie,8814,21,15,14,2,1000,5600,20,14,11,3,,,18800,1,3000,21800
2965,9231,41,199,06/12/2025,2,Josh Prohofsky,8825,17,5,3,2,,1800,16,9,9,1,-2000,,8200,1,3000,11200
2965,9231,41,199,06/12/2025,3,Sean Addie,8826,22,11,10,1,,6400,16,6,6,1,,-2929,9871,0,9871,0
2966,9232,41,200,06/13/2025,1,Matt Massie,8814,22,16,14,3,1000,6400,17,12,9,4,-1000,,9400,1,9400,18800
2966,9232,41,200,06/13/2025,2,Katie Kornacki,8828,19,9,8,1,,4200,14,7,7,0,,,10600,1,9400,20000
2966,9232,41,200,06/13/2025,3,Kelly Cui,8829,13,6,6,0,,4600,11,4,3,2,,-1400,5200,0,5199,1
2967,9233,41,201,06/16/2025,1,Katie Kornacki,8828,18,8,8,0,,3600,13,3,3,1,-2000,,5600,0,3000,2600
2967,9233,41,201,06/16/2025,2,Tom Thriveni,8831,16,7,5,3,-1000,-800,11,7,5,2,,,4000,0,800,3200
2967,9233,41,201,06/16/2025,3,Sarah Cox,8832,14,11,10,1,,5200,19,12,10,3,,3000,15000,1,50,15050
2969,9234,41,202,06/17/2025,1,Sarah Cox,8832,22,11,11,1,1000,7600,11,5,3,2,,,8000,0,7000,1000
2969,9234,41,202,06/17/2025,2,Dan Hopkins,8837,16,13,11,2,,3400,12,8,10,0,2000,3000,16000,0,5201,10799
2969,9234,41,202,06/17/2025,3,Stefany Meyer,8838,22,6,4,2,,1400,14,8,7,1,,,10600,0,2000,8600
2970,9235,41,203,06/18/2025,1,Dan Hopkins,8837,19,11,10,2,-1500,4700,16,11,10,3,-3000,-3000,9900,0,8101,1799
2970,9235,41,203,06/18/2025,2,Jacob Hale,8840,21,10,10,0,,5400,15,7,6,1,,,9000,0,4200,4800
2970,9235,41,203,06/18/2025,3,Sunny Hwang,8841,15,5,5,0,,2600,13,5,4,1,,,6200,0,4000,2200
2971,9236,41,204,06/19/2025,1,Jacob Hale,8840,13,5,6,0,1200,3200,13,6,8,0,2000,2000,13600,0,13600,0
2971,9236,41,204,06/19/2025,2,Bevin Blaber,8843,17,10,8,2,,4000,18,11,10,1,,,13600,0,13000,600
2971,9236,41,204,06/19/2025,3,Vivek Upadhyay,8844,12,8,8,0,,4400,13,8,7,1,,,12000,0,11998,2
2972,9237,41,205,06/20/2025,1,Bevin Blaber,8843,14,7,5,2,,1800,15,11,8,3,,,5400,1,1401,6801
2972,9237,41,205,06/20/2025,2,Andrew Brigger,8846,15,10,9,2,2800,5600,9,8,7,2,,6400,14000,1,2000,16000
2972,9237,41,205,06/20/2025,3,Liv Markham,8847,13,9,7,2,,1000,10,1,2,0,1200,,3400,1,0,3400
2973,9238,41,206,06/23/2025,1,Andrew Brigger,8846,16,11,8,4,1000,2000,10,4,4,1,,-6000,2000,0,0,2000
2973,9238,41,206,06/23/2025,2,Emily Croke,8849,12,5,4,1,,1400,14,7,7,0,,,12200,1,1001,13201
2973,9238,41,206,06/23/2025,3,David Spelman,8850,13,9,8,1,,5800,12,9,8,2,-4400,,6600,0,5601,999
2974,9239,41,207,06/24/2025,1,Emily Croke,8849,14,7,5,2,,1800,15,10,10,1,-5000,,6800,0,0,6800
2974,9239,41,207,06/24/2025,2,Nicholas Moline,8852,8,5,4,1,,1600,5,0,0,0,,,1600,0,0,1600
2974,9239,41,207,06/24/2025,3,Micah Fritz,8853,16,12,9,4,-1000,2200,14,9,10,0,,3000,15200,0,1000,14200
2975,9240,41,208,06/25/2025,1,Micah Fritz,8853,16,10,9,1,,5800,11,6,7,0,,2000,15800,0,5000,10800
2975,9240,41,208,06/25/2025,2,Kiley Campbell,8855,25,16,13,4,2400,7800,19,14,10,4,,,14200,1,10001,24201
2975,9240,41,208,06/25/2025,3,Greg Harris,8856,14,6,4,2,,-200,13,6,6,1,2000,,6200,0,6200,0
2976,9241,41,209,06/26/2025,1,Kiley Campbell,8855,19,14,11,4,-1800,2200,21,12,9,3,,,5800,0,5800,0
2976,9241,41,209,06/26/2025,2,Rocco Graziano,8858,23,8,8,0,,4800,17,10,10,2,2000,4000,17200,0,0,17200
2976,9241,41,209,06/26/2025,3,Janis Raye,8859,12,4,3,1,,1000,17,7,6,1,,,7800,0,3801,3999
2977,9242,41,210,06/27/2025,1,Rocco Graziano,8858,20,10,6,4,,2200,14,7,6,2,,3000,8000,1,6000,14000
2977,9242,41,210,06/27/2025,2,Klay Frappier,8861,19,10,8,2,,3000,10,10,10,1,-1000,,12000,1,8001,20001
2977,9242,41,210,06/27/2025,3,Michelle Arguelles,8862,20,13,13,1,1000,6400,6,3,3,0,,,10000,0,8000,2000
2978,9243,41,211,06/30/2025,1,Klay Frappier,8861,20,12,13,0,2000,9200,12,7,5,2,,,11200,0,1001,10199
2978,9243,41,211,06/30/2025,2,Dave McBride,8864,17,8,6,2,,1400,16,15,14,2,-3600,,12200,1,10201,22401
2978,9243,41,211,06/30/2025,3,Eileen Darragh,8865,20,9,7,2,,2200,14,3,2,2,,-1800,800,0,799,1
2979,9244,41,212,07/01/2025,1,Dave McBride,8864,16,10,9,1,,3200,14,6,5,1,,,6000,0,1300,4700
2979,9244,41,212,07/01/2025,2,Heather Kompanek,8867,16,6,6,0,,3600,15,7,7,0,,,11200,1,4000,15200
2979,9244,41,212,07/01/2025,3,Jason Singer,8868,22,15,12,4,-3400,2400,22,12,13,1,2400,3000,17800,1,4601,22401
2980,9245,41,213,07/02/2025,1,Jason Singer,8868,20,10,8,2,,4800,20,16,12,4,,,13200,1,13200,26400
2980,9245,41,213,07/02/2025,2,Stephanie Yang,8870,12,8,8,1,1000,4800,12,5,3,2,,,4800,0,0,4800
2980,9245,41,213,07/02/2025,3,Jeff Foels,8871,22,11,10,1,,6000,10,6,7,1,4000,-4000,13200,1,3599,16799
2981,9246,41,214,07/03/2025,1,Jason Singer,8868,19,9,8,1,,4200,17,10,11,1,5000,-5000,17000,0,16201,799
2981,9246,41,214,07/03/2025,2,Katy Doll,8873,8,2,2,0,,1200,10,5,5,0,,,5600,1,1600,7200
2981,9246,41,214,07/03/2025,3,Scott Riccardi,8874,23,15,15,1,-3000,6200,21,9,9,0,,,16600,1,1000,17600
2982,9247,41,215,07/04/2025,1,Scott Riccardi,8874,19,11,12,0,1000,7600,20,13,14,0,4000,,26400,1,24000,50400
2982,9247,41,215,07/04/2025,2,Ricky Chandak,8876,21,13,10,3,,3600,15,10,10,1,,12000,24400,1,2600,27000
2982,9247,41,215,07/04/2025,3,Andi Levenson,8877,15,3,3,0,,1800,17,6,5,1,,,7400,0,1600,5800
2983,9248,41,216,07/07/2025,1,Scott Riccardi,8874,23,13,13,1,2200,8800,18,12,12,1,5000,,25000,1,3001,28001
2983,9248,41,216,07/07/2025,2,Ashley Caval Curto,8879,20,6,6,0,,3200,17,5,5,1,,4000,11600,0,7400,4200
2983,9248,41,216,07/07/2025,3,Vince Carter,8880,23,9,8,1,,4800,15,8,8,0,,,14000,1,11001,25001
2984,9249,41,217,07/08/2025,1,Scott Riccardi,8874,26,13,12,1,,7600,22,13,12,1,,,23200,1,13201,36401
2984,9249,41,217,07/08/2025,2,Dan Puma,8882,26,11,9,2,,3400,26,18,14,6,3400,3000,18200,1,5001,23201
2984,9249,41,217,07/08/2025,3,Elise Canup,8883,15,5,5,1,1800,4200,9,3,1,2,,,2200,1,2000,4200
2985,9250,41,218,07/09/2025,1,Scott Riccardi,8874,16,12,10,3,-1000,3800,18,14,13,3,4000,-5000,12000,1,500,12500
2985,9250,41,218,07/09/2025,2,Sarah Mulligan,8885,16,8,7,1,,2600,6,2,2,0,,,5400,0,2201,3199
2985,9250,41,218,07/09/2025,3,Rahul Kak,8886,9,5,3,2,,-200,9,4,3,1,,,3800,0,1601,2199
2986,9251,41,219,07/10/2025,1,Scott Riccardi,8874,22,16,16,1,-3000,6200,12,6,6,2,-4000,-3000,6400,0,1401,4999
2986,9251,41,219,07/10/2025,2,Austin Hobbs,8888,15,5,4,1,,1400,12,10,6,4,,,2200,0,1200,1000
2986,9251,41,219,07/10/2025,3,Jolynda Chenicek,8889,18,6,5,1,,2600,11,7,6,1,,,7800,0,5001,2799
2987,9252,41,220,07/11/2025,1,Scott Riccardi,8874,23,9,9,0,,5400,20,15,14,1,,,18200,1,14800,33000
2987,9252,41,220,07/11/2025,2,Andrew Wang,8891,25,10,11,0,1500,8100,20,5,5,1,,5000,16300,1,16300,32600
2987,9252,41,220,07/11/2025,3,Edaureen Muhamad Nor,8892,17,9,9,0,,4800,13,3,4,0,3200,,12000,1,11995,23995
2988,9253,41,221,07/14/2025,1,Scott Riccardi,8874,18,12,13,0,2400,9000,20,17,17,1,,4000,34200,0,15800,18400
2988,9253,41,221,07/14/2025,2,Amanda Hopkins,8894,18,6,6,0,,3000,12,3,1,2,,,-200,,,-200
2988,9253,41,221,07/14/2025,3,Paul Swain,8895,18,10,7,3,,2200,13,8,7,2,-3800,,3600,0,3600,0
2989,9254,41,222,07/15/2025,1,Scott Riccardi,8874,23,14,15,0,4000,12600,19,10,10,1,,6000,28200,1,4000,32200
2989,9254,41,222,07/15/2025,2,Pete Johnston,8897,20,12,11,1,,6000,15,10,9,1,,,15600,1,12601,28201
2989,9254,41,222,07/15/2025,3,Carl Adams,8898,19,2,1,1,,400,13,5,6,0,2700,,9100,1,0,9100
2991,9255,41,223,07/16/2025,1,Scott Riccardi,8874,21,11,12,0,2000,7800,19,10,11,0,8000,,28600,1,0,28600
2991,9255,41,223,07/16/2025,2,Ivanna Lopez,8903,20,10,10,0,,6600,14,11,9,2,,,13800,0,3800,10000
2991,9255,41,223,07/16/2025,3,Dave Richelsoph,8904,18,8,7,1,,3400,13,7,6,2,,3600,8600,1,5201,13801
2993,9256,41,224,07/17/2025,1,Scott Riccardi,8874,24,19,19,1,2400,12800,22,20,20,1,,4000,40000,0,20000,20000
2993,9256,41,224,07/17/2025,2,Chad Biele,8909,12,3,3,0,,1800,13,3,1,3,-1800,,-2000,,,-2000
2993,9256,41,224,07/17/2025,3,Marisa Cohen,8910,18,7,6,1,,2400,10,5,4,1,,,5200,0,712,4488
2994,9257,41,225,07/18/2025,1,Scott Riccardi,8874,17,8,8,1,1000,4000,20,15,15,1,4000,,22400,1,8000,30400
2994,9257,41,225,07/18/2025,2,Julia Broussard,8912,12,7,5,2,,1800,13,4,4,0,,,6200,1,0,6200
2994,9257,41,225,07/18/2025,3,Ameen Ismail,8913,16,9,8,1,,3600,15,9,6,4,,-5000,2600,1,105,2705
2995,9258,41,226,07/21/2025,1,Scott Riccardi,8874,21,11,10,1,,5400,25,19,20,1,4000,4000,35400,1,15000,50400
2995,9258,41,226,07/21/2025,2,Anna Ciamporcero,8915,20,9,5,4,,400,9,6,6,0,,,4800,0,1800,3000
2995,9258,41,226,07/21/2025,3,Jeff Hague,8916,17,10,9,2,-2000,2200,12,4,3,1,,,4600,0,4400,200
2996,9259,41,227,07/22/2025,1,Scott Riccardi,8874,22,15,16,0,2000,11600,19,13,14,0,,4000,30000,0,1999,28001
2996,9259,41,227,07/22/2025,2,Adriene Holland,8918,16,6,6,0,,3800,12,4,5,0,3000,,12400,0,7800,4600
2996,9259,41,227,07/22/2025,3,Paul Ryan,8919,14,7,7,0,,3000,13,7,6,1,,,9800,1,3200,13000
2997,9260,41,228,07/23/2025,1,Scott Riccardi,8874,19,14,12,2,,7600,17,15,17,0,5000,4000,32200,1,7808,40008
2997,9260,41,228,07/23/2025,2,Gerri Budd,8921,17,7,4,4,1000,-800,16,5,4,1,,,3200,1,3100,6300
2997,9260,41,228,07/23/2025,3,Andrew Crowley,8922,21,14,11,3,,5800,19,4,4,0,,,9400,0,400,9000
2998,9261,41,229,07/24/2025,1,Scott Riccardi,8874,26,17,17,1,3000,13000,16,10,10,1,,-5000,20400,1,3690,24090
2998,9261,41,229,07/24/2025,2,Sarah Rubenfeld,8924,24,7,6,1,,1400,13,7,7,1,-3800,,7600,1,0,7600
2998,9261,41,229,07/24/2025,3,Senay Goitom,8925,16,7,5,2,,600,12,6,5,1,,,1800,0,1800,0
2999,9262,41,230,07/25/2025,1,Scott Riccardi,8874,21,15,16,0,2000,10800,16,13,13,0,,,23600,0,5000,18600
2999,9262,41,230,07/25/2025,2,Charlotte Cooper,8927,20,7,6,1,,3000,14,6,6,0,,,7800,1,7800,15600
2999,9262,41,230,07/25/2025,3,Jonathan Hugendubler,8928,14,9,6,3,,800,17,5,7,0,2000,4400,14000,1,9601,23601
3000,9263,42,1,09/08/2025,1,Jonathan Hugendubler,8928,21,8,7,1,,3800,17,13,14,1,10600,3000,29800,1,10200,40000
3000,9263,42,1,09/08/2025,2,Caroline Paul,8930,16,12,10,2,,5600,12,8,5,3,,,7200,0,1000,6200
3000,9263,42,1,09/08/2025,3,Josh Jackson,8931,15,11,9,3,2000,4400,9,5,3,2,,,5200,1,426,5626
3003,9264,42,2,09/09/2025,1,Jonathan Hugendubler,8928,20,12,10,3,-1600,4000,19,9,9,1,5200,,21200,0,8001,13199
3003,9264,42,2,09/09/2025,2,Stacy Shelly,8939,15,7,6,1,,2800,13,9,8,1,,,10800,0,2401,8399
3003,9264,42,2,09/09/2025,3,Ian Morrison,8940,22,9,8,1,,3200,24,13,12,2,,3000,14600,1,7409,22009
3004,9265,42,3,09/10/2025,1,Ian Morrison,8940,27,14,12,2,,4000,22,14,11,3,,,10000,0,7991,2009
3004,9265,42,3,09/10/2025,2,Paolo Pasco,8942,19,10,8,3,-1200,2400,18,12,12,2,-3300,2100,14800,1,5201,20001
3004,9265,42,3,09/10/2025,3,Leslie Oakerson,8943,19,8,7,1,,3600,15,3,1,2,,,1200,1,1000,2200
3005,9266,42,4,09/11/2025,1,Paolo Pasco,8942,23,13,13,0,,6600,17,17,19,0,4200,3200,34400,0,204,34196
3005,9266,42,4,09/11/2025,2,Jill Frechette,8945,12,2,2,0,,1200,8,3,1,2,,,-400,,,-400
3005,9266,42,4,09/11/2025,3,Andy Miller,8946,14,9,10,0,3000,8600,10,4,4,0,,,12200,0,7800,4400
3006,9267,42,5,09/12/2025,1,Paolo Pasco,8942,18,11,11,1,2200,7600,17,14,16,0,3400,500,25500,1,44,25544
3006,9267,42,5,09/12/2025,2,Saralyn McKinnon-Crowley,8948,18,9,8,1,,4400,13,4,3,1,,,6400,0,6000,400
3006,9267,42,5,09/12/2025,3,Jeff Freymann,8949,17,4,2,2,,-600,21,7,7,0,,,8600,0,1400,7200
3007,9268,42,6,09/15/2025,1,Paolo Pasco,8942,16,8,8,0,,4800,16,12,12,0,,,16800,1,10801,27601
3007,9268,42,6,09/15/2025,2,Kelsi Tyler,8951,16,6,6,0,,3400,12,4,4,1,-3400,,4800,0,3800,1000
3007,9268,42,6,09/15/2025,3,Ryan Sharpe,8952,15,9,10,0,2000,7200,20,11,11,1,,8400,27600,0,6001,21599
3008,9269,42,7,09/16/2025,1,Paolo Pasco,8942,22,15,16,0,2400,10800,17,9,11,0,5000,2000,28200,0,1026,27174
3008,9269,42,7,09/16/2025,2,Alex Rossell Hayes,8954,23,9,8,1,,4000,22,14,10,4,,,9600,0,1,9599
3008,9269,42,7,09/16/2025,3,Susan Harris,8955,19,6,6,0,,4200,12,3,1,2,,,3400,0,3399,1
3009,9270,42,8,09/17/2025,1,Paolo Pasco,8942,17,12,12,0,,6600,19,14,12,2,,,16600,1,11001,27601
3009,9270,42,8,09/17/2025,2,Max Miller,8957,14,6,6,1,-3800,400,14,4,5,0,2000,,6400,1,795,7195
3009,9270,42,8,09/17/2025,3,Laura Mixter,8958,16,6,5,1,,2200,13,7,8,0,,2000,13800,1,600,14400
3010,9271,42,9,09/18/2025,1,Paolo Pasco,8942,23,14,14,0,,7800,20,13,14,0,,5100,29300,1,4300,33600
3010,9271,42,9,09/18/2025,2,Greg Shipman,8960,21,8,9,0,4600,9600,17,5,4,1,,,12400,1,4801,17201
3010,9271,42,9,09/18/2025,3,Kelly Anneken,8961,21,7,5,2,,1400,16,10,9,2,2000,,8600,0,4801,3799
3011,9272,42,10,09/19/2025,1,Paolo Pasco,8942,22,10,9,1,,5000,19,8,7,1,,,9800,1,7601,17401
3011,9272,42,10,09/19/2025,2,Steven Olson,8963,27,17,15,3,1000,4600,19,12,11,3,4000,2000,17400,1,2202,19602
3011,9272,42,10,09/19/2025,3,Hebah Uddin,8964,18,5,4,1,,2200,13,5,4,1,,,4600,0,2000,2600
3012,9273,42,11,09/22/2025,1,Steven Olson,8963,25,18,17,2,2600,10200,22,13,14,1,-7000,4000,20400,1,6404,26804
3012,9273,42,11,09/22/2025,2,David Shutoff,8966,13,7,6,1,,3000,15,10,9,1,,,13400,0,7001,6399
3012,9273,42,11,09/22/2025,3,Jonathan Goldman,8967,14,4,3,1,,2200,14,4,4,0,,,7400,0,0,7400
3013,9274,42,12,09/23/2025,1,Steven Olson,8963,25,15,16,0,3600,11200,16,12,11,3,8000,1000,27800,0,17117,10683
3013,9274,42,12,09/23/2025,2,Hester Bass,8969,21,7,6,1,,3600,8,5,3,2,,,3200,0,2500,700
3013,9274,42,12,09/23/2025,3,Justin Ames,8970,24,8,6,2,,2400,12,6,4,2,,,4000,0,2401,1599
3014,9275,42,13,09/24/2025,1,Steven Olson,8963,22,13,13,1,1000,6800,20,16,15,2,,-4000,17200,1,93,17293
3014,9275,42,13,09/24/2025,2,Natalie Shapero,8972,17,8,8,0,,5600,12,3,3,0,,,8000,1,6000,14000
3014,9275,42,13,09/24/2025,3,Jaedon Jerue,8973,18,5,5,0,,2200,21,7,6,2,2200,,6400,0,1601,4799
3015,9276,42,14,09/25/2025,1,Steven Olson,8963,21,12,9,4,1000,2800,14,7,4,3,,,6400,0,6399,1
3015,9276,42,14,09/25/2025,2,Erik Nielsen,8975,25,11,9,2,,2800,23,9,9,1,2300,,12700,0,200,12500
3015,9276,42,14,09/25/2025,3,Vickie Talvola,8976,21,9,9,0,,4200,20,12,13,0,,9400,26400,1,7,26407
3016,9277,42,15,09/26/2025,1,Vickie Talvola,8976,20,13,13,1,3600,9800,23,12,12,1,6000,,25800,1,150,25950
3016,9277,42,15,09/26/2025,2,Yasmine Mitchell,8978,14,8,7,1,,3200,9,4,4,0,,,7600,1,5000,12600
3016,9277,42,15,09/26/2025,3,Prasad Patil,8979,20,9,7,2,,4000,16,10,10,1,,10000,25600,1,10000,35600
3017,9278,42,16,09/29/2025,1,Prasad Patil,8979,24,17,16,2,3000,11400,16,8,6,2,,,13400,0,3401,9999
3017,9278,42,16,09/29/2025,2,Zach Knecht,8981,19,8,6,2,,2000,18,11,10,3,-2400,2000,8400,1,5001,13401
3017,9278,42,16,09/29/2025,3,Rebecca Thompson,8982,17,7,6,1,,2200,17,5,4,1,,,3800,0,500,3300
3018,9279,42,17,09/30/2025,1,Zach Knecht,8981,18,13,13,1,1000,6200,17,10,8,2,,,15000,1,15000,30000
3018,9279,42,17,09/30/2025,2,Hannah Gómez,8984,16,5,4,1,,1600,12,6,6,0,,,6800,0,6800,0
3018,9279,42,17,09/30/2025,3,Curtis Bogetti,8985,18,10,9,1,,5400,18,9,11,0,8600,3000,26600,1,3401,30001
3019,9280,42,18,10/01/2025,1,Curtis Bogetti,8985,19,8,7,1,,3400,14,9,9,1,,-5400,6800,0,799,6001
3019,9280,42,18,10/01/2025,2,James Thajudeen,8987,17,8,6,2,,3000,17,8,7,2,-3000,,7600,0,4400,3200
3019,9280,42,18,10/01/2025,3,Lisa Mueller,8988,18,12,13,0,1000,6800,15,10,10,0,,,17600,0,0,17600
3020,9281,42,19,10/02/2025,1,Lisa Mueller,8988,14,3,4,0,1000,2800,15,3,3,0,,,6400,0,5700,700
3020,9281,42,19,10/02/2025,2,Alan Rosenberg,8990,16,7,6,1,,2400,16,5,4,1,,,6000,0,1200,4800
3020,9281,42,19,10/02/2025,3,TJ Fisher,8991,22,17,15,2,,7200,21,16,17,1,2400,2000,24400,0,9311,15089
3021,9282,42,20,10/03/2025,1,TJ Fisher,8991,26,21,18,4,-500,8100,17,14,13,2,,4500,23800,0,0,23800
3021,9282,42,20,10/03/2025,2,Roberto Carabeo,8993,15,3,2,1,,1200,11,6,4,2,,,800,1,0,800
3021,9282,42,20,10/03/2025,3,Ellie Baker,8994,20,6,5,1,,800,14,8,8,1,2000,,10000,0,0,10000
3022,9283,42,21,10/06/2025,1,TJ Fisher,8991,22,15,11,5,1000,2400,19,13,14,0,3200,,21200,0,165,21035
3022,9283,42,21,10/06/2025,2,Brian Dixon,8996,12,4,2,2,,-600,9,4,4,0,,,3000,0,3000,0
3022,9283,42,21,10/06/2025,3,Kate Kostelnik,8997,17,11,10,1,,4800,12,4,3,2,,-3000,3000,0,0,3000
3023,9284,42,22,10/07/2025,1,TJ Fisher,8991,24,12,13,0,1000,8200,18,11,11,2,-3500,100,16800,0,200,16600
3023,9284,42,22,10/07/2025,2,Slade Gilmer,8999,20,6,6,0,,2800,17,8,6,2,,,5200,0,3200,2000
3023,9284,42,22,10/07/2025,3,Claudine Lewis,9000,17,8,8,0,,4600,11,7,6,1,,,5800,0,4300,1500
3024,9285,42,23,10/08/2025,1,TJ Fisher,8991,22,15,10,6,1000,1600,11,9,9,1,3600,,12400,1,11799,24199
3024,9285,42,23,10/08/2025,2,Josh Ng,9002,16,5,4,1,,1000,3,2,1,1,,,-200,,,-200
3024,9285,42,23,10/08/2025,3,Chris Turner-Neal,9003,20,13,13,0,,7800,15,12,9,4,,-1500,12700,1,1500,14200
3025,9286,42,24,10/09/2025,1,TJ Fisher,8991,13,7,6,2,-1000,800,17,11,12,0,2000,,14400,0,9199,5201
3025,9286,42,24,10/09/2025,2,Spencer Janes,9005,14,7,7,0,,4200,19,10,10,0,,,17000,1,12000,29000
3025,9286,42,24,10/09/2025,3,Grace Batiste,9006,9,5,5,0,,2600,8,2,3,0,,1000,5200,1,5000,10200
3026,9287,42,25,10/10/2025,1,Spencer Janes,9005,18,11,12,0,2000,7600,20,9,9,0,,,17600,0,16000,1600
3026,9287,42,25,10/10/2025,2,Dave Francois,9008,22,11,10,1,,6200,18,9,8,2,,4000,15000,0,12000,3000
3026,9287,42,25,10/10/2025,3,Aimée Fluitt,9009,18,8,6,2,,3200,12,7,8,0,3000,,16600,0,12001,4599
3027,9288,42,26,10/13/2025,1,Aimée Fluitt,9009,16,10,9,2,2000,5000,11,6,6,0,,,11800,0,500,11300
3027,9288,42,26,10/13/2025,2,Daniel Richman,9011,19,9,8,1,,3600,14,10,8,3,-4000,,5600,0,0,5600
3027,9288,42,26,10/13/2025,3,Allegra Hill,9012,18,10,9,1,,5000,17,9,8,2,,3800,12800,1,10801,23601
3028,9289,42,27,10/14/2025,1,Allegra Hill,9012,19,10,7,3,,800,13,5,6,0,,3000,8600,1,4100,12700
3028,9289,42,27,10/14/2025,2,Evan Argyle,9014,21,16,14,2,,6000,19,12,11,2,3000,,17400,0,4601,12799
3028,9289,42,27,10/14/2025,3,Chris McGinn,9015,18,8,7,2,2200,6200,21,10,8,2,,,11000,1,11000,22000
3029,9290,42,28,10/15/2025,1,Chris McGinn,9015,15,9,10,0,1000,5600,14,8,6,2,,,8000,0,0,8000
3029,9290,42,28,10/15/2025,2,Delaney O'Dea,9017,18,12,11,1,,5600,14,8,8,2,2400,-4000,11600,1,7000,18600
3029,9290,42,28,10/15/2025,3,Tafari Mbadiwe,9018,18,8,7,1,,4600,17,10,7,3,,,9000,0,7001,1999
3030,9291,42,29,10/16/2025,1,Delaney O'Dea,9017,22,8,8,0,,4400,13,5,5,0,,,11600,0,10000,1600
3030,9291,42,29,10/16/2025,2,Cindy delRosario,9020,17,10,10,0,,5400,17,9,9,1,,4000,16600,1,6601,23201
3030,9291,42,29,10/16/2025,3,Dave Keder,9021,14,9,9,1,2000,6000,11,9,7,3,-2500,,6700,0,6000,700
3031,9292,42,30,10/17/2025,1,Cindy delRosario,9020,18,9,9,1,-2600,3000,18,8,8,0,,,11400,1,3401,14801
3031,9292,42,30,10/17/2025,2,Sondra Venable,9023,15,7,7,0,,4200,13,3,3,0,,,7400,0,4001,3399
3031,9292,42,30,10/17/2025,3,Dargan Ware,9024,23,11,10,1,,5200,24,16,18,0,6400,4000,35600,0,9400,26200
3032,9293,42,31,10/20/2025,1,Dargan Ware,9024,26,12,10,2,,6400,21,14,12,3,,4800,21200,1,401,21601
3032,9293,42,31,10/20/2025,2,Nick Petrilli,9026,17,8,7,2,-2800,1000,11,7,5,2,,,4200,1,0,4200
3032,9293,42,31,10/20/2025,3,Amanda Tholke,9027,18,8,8,0,,3600,15,9,9,1,-2000,,10800,0,10800,0
3033,9294,42,32,10/21/2025,1,Dargan Ware,9024,28,12,10,2,,3800,20,10,11,1,8600,9000,31800,0,23200,8600
3033,9294,42,32,10/21/2025,2,Elyse Erdman,9029,10,3,2,1,,600,4,3,2,1,,,1000,0,0,1000
3033,9294,42,32,10/21/2025,3,Tom Devlin,9030,24,18,18,1,4400,15600,23,14,12,2,,,27200,0,4601,22599
3034,9295,42,33,10/22/2025,1,Tom Devlin,9030,23,15,14,1,,9000,18,13,12,1,,,20600,1,0,20600
3034,9295,42,33,10/22/2025,2,Katy Lentz,9032,15,6,5,1,,2200,10,6,5,1,,,5800,0,0,5800
3034,9295,42,33,10/22/2025,3,Emmanuel Calivo,9033,10,6,7,0,1000,3000,14,7,7,2,-2600,3000,9400,0,6400,3000
3035,9296,42,34,10/23/2025,1,Tom Devlin,9030,22,17,17,1,2600,9400,21,16,16,2,-4000,6000,27800,1,2200,30000
3035,9296,42,34,10/23/2025,2,Elijah Perseus Blumov,9035,10,5,2,3,,-600,14,3,3,0,,,3400,0,3399,1
3035,9296,42,34,10/23/2025,3,Jake Tomlin,9036,19,9,6,3,,1400,16,9,8,1,,,7800,0,0,7800
3036,9297,42,35,10/24/2025,1,Tom Devlin,9030,22,12,13,0,1600,9000,20,9,9,1,5000,,22800,0,8401,14399
3036,9297,42,35,10/24/2025,2,Kristina Pohribnij,9038,22,7,7,0,,4400,20,10,9,1,,,10800,0,5000,5800
3036,9297,42,35,10/24/2025,3,Shaan Mishra,9039,21,8,7,1,,2600,16,8,8,1,,5000,15600,1,0,15600
3041,9298,42,36,10/27/2025,1,Shaan Mishra,9039,21,11,10,1,,4000,15,10,8,3,,-4000,4800,1,4000,8800
3041,9298,42,36,10/27/2025,2,Aaron Levine,9053,19,11,11,1,1000,7200,12,6,5,2,5000,,14600,1,6000,20600
3041,9298,42,36,10/27/2025,3,Morgan Walker,9054,17,8,6,2,,2200,22,13,11,2,,,10200,0,10198,2
3042,9299,42,37,10/28/2025,1,Aaron Levine,9053,16,11,12,0,1800,8400,16,9,9,2,-6000,4000,15200,0,6801,8399
3042,9299,42,37,10/28/2025,2,Cynthia Appiah,9056,10,3,2,1,,1200,13,6,4,2,,,2400,0,2300,100
3042,9299,42,37,10/28/2025,3,Alan Turner,9057,24,13,13,0,,7800,20,12,8,4,,,11000,0,4000,7000
3043,9300,42,38,10/29/2025,1,Aaron Levine,9053,18,11,11,0,,6000,12,9,9,1,5000,,18600,1,1400,20000
3043,9300,42,38,10/29/2025,2,Eli Bondar,9059,19,7,5,2,,1400,21,15,11,5,,-9000,400,0,7,393
3043,9300,42,38,10/29/2025,3,Katie Mantoan,9060,15,11,11,1,-2000,4800,7,3,3,0,,,7200,1,6000,13200
3044,9301,42,39,10/30/2025,1,Aaron Levine,9053,12,7,7,1,-1800,3000,18,13,11,4,3800,-100,13100,0,3000,10100
3044,9301,42,39,10/30/2025,2,Elana Beame,9062,10,7,5,2,,1000,5,3,2,1,,,2200,0,200,2000
3044,9301,42,39,10/30/2025,3,Christopher Tillman,9063,17,11,9,2,,4000,13,9,7,2,,,8000,1,8000,16000
3047,9302,42,40,10/31/2025,1,Christopher Tillman,9063,14,8,8,0,,4400,12,7,7,0,,,10800,0,1200,9600
3047,9302,42,40,10/31/2025,2,Siobhan Hickey,9065,20,9,7,3,1000,1800,18,8,7,3,-3000,-3500,3300,0,3298,2
3047,9302,42,40,10/31/2025,3,Robbie Ellis,9066,19,10,9,1,,4800,15,7,5,2,,,4400,0,2201,2199
3050,9303,42,41,11/03/2025,1,Christopher Tillman,9063,15,9,8,2,-2400,400,13,8,8,1,,-5200,2800,0,2001,799
3050,9303,42,41,11/03/2025,2,W.A. Robison,9068,17,7,6,1,,3600,12,5,5,1,-2000,,4800,0,801,3999
3050,9303,42,41,11/03/2025,3,Joyelle McSweeney,9069,20,15,12,3,,4800,21,13,11,2,,,17600,1,100,17700
3051,9304,42,42,11/04/2025,1,Joyelle McSweeney,9069,24,5,3,2,,800,18,14,10,5,-2000,,3600,1,3600,7200
3051,9304,42,42,11/04/2025,2,Joseph Evans,9071,17,11,11,1,1000,5400,16,5,4,1,,,9000,1,6529,15529
3051,9304,42,42,11/04/2025,3,Aaron Himmel,9072,21,13,12,1,,5600,21,12,11,2,,-3000,15000,0,3001,11999
3052,9305,42,43,11/05/2025,1,Joseph Evans,9071,15,9,9,0,,5200,7,6,5,1,,,9600,1,806,10406
3052,9305,42,43,11/05/2025,2,Sofia Meisburger,9074,14,6,5,1,,2000,7,4,3,1,,,3600,1,3599,7199
3052,9305,42,43,11/05/2025,3,Allegra Kuney,9075,19,12,11,2,2500,6700,20,15,15,2,2000,-2100,25800,1,800,26600
3053,9306,42,44,11/06/2025,1,Allegra Kuney,9075,15,10,10,1,-2000,3400,21,16,16,0,,,21400,1,17001,38401
3053,9306,42,44,11/06/2025,2,Molly Murray,9077,15,8,8,0,,5400,14,5,7,0,1200,5000,19200,1,8000,27200
3053,9306,42,44,11/06/2025,3,Alan Pyke,9078,17,8,7,1,,3600,11,2,2,0,,,4400,0,3581,819
3054,9307,42,45,11/07/2025,1,Allegra Kuney,9075,23,18,15,4,1200,4200,22,13,12,2,,2500,15500,1,4500,20000
3054,9307,42,45,11/07/2025,2,Mason Hendrix,9080,20,7,4,3,,-400,15,9,7,3,-2000,,-400,,,-400
3054,9307,42,45,11/07/2025,3,Larisa Mount,9081,14,4,4,0,,1600,8,4,3,1,,,4000,0,4000,0
3055,9308,42,46,11/10/2025,1,Allegra Kuney,9075,18,10,8,3,1000,2000,14,10,11,0,,6000,19200,0,11601,7599
3055,9308,42,46,11/10/2025,2,Matt Eisenberg,9083,22,11,10,1,,6000,13,8,8,1,3000,,15400,0,10000,5400
3055,9308,42,46,11/10/2025,3,Morgan Connolly,9084,19,10,9,1,,4800,16,7,6,1,,,10800,0,8500,2300
3056,9310,42,47,11/11/2025,1,Allegra Kuney,9075,18,8,8,0,,4600,16,10,11,0,4000,,17400,1,5000,22400
3056,9310,42,47,11/11/2025,2,Harrison Whitaker,9086,20,10,9,2,-3800,600,23,12,12,1,,4400,19000,1,15801,34801
3056,9310,42,47,11/11/2025,3,Jessica Marshall,9087,20,9,8,1,,3200,16,7,6,1,,,10000,0,7500,2500
3057,9311,42,48,11/12/2025,1,Harrison Whitaker,9086,25,22,22,1,-1400,11000,20,13,13,2,4600,-5400,23800,1,1200,25000
3057,9311,42,48,11/12/2025,2,Greg Saunders,9089,14,5,4,1,,2200,9,6,6,0,,,5800,1,2201,8001
3057,9311,42,48,11/12/2025,3,Lynette Perloff,9090,15,1,1,0,,400,19,7,5,2,,,4000,1,3995,7995
3058,9312,42,49,11/13/2025,1,Harrison Whitaker,9086,21,17,18,0,2200,12200,19,16,16,2,-2000,2000,30600,1,1400,32000
3058,9312,42,49,11/13/2025,2,David Lewis,9092,16,5,3,2,,-200,17,3,2,1,,,1400,1,5,1405
3058,9312,42,49,11/13/2025,3,Sheila Collins,9093,15,7,5,2,,1800,17,10,8,2,,,6600,1,3500,10100
3059,9313,42,50,11/14/2025,1,Harrison Whitaker,9086,20,8,8,1,-1000,4600,22,15,15,2,4800,-3200,21800,1,2999,24799
3059,9313,42,50,11/14/2025,2,Sarah Khan,9095,20,9,9,0,,5800,15,5,4,1,,,9400,1,4601,14001
3059,9313,42,50,11/14/2025,3,Brent Steele,9096,14,10,9,1,,2200,15,7,6,1,,,7000,0,2401,4599
3060,9314,42,51,11/17/2025,1,Harrison Whitaker,9086,25,18,18,0,,11200,21,14,16,0,4800,1200,35200,1,9199,44399
3060,9314,42,51,11/17/2025,2,Lawrence Suba,9098,17,3,3,0,,1800,14,1,0,1,,,600,1,500,1100
3060,9314,42,51,11/17/2025,3,Rachel Bernstein,9099,22,8,7,2,1000,2200,18,11,11,0,,,13000,1,11799,24799
3061,9315,42,52,11/18/2025,1,Harrison Whitaker,9086,23,15,14,2,-4800,2600,21,12,10,3,2000,,11400,1,10201,21601
3061,9315,42,52,11/18/2025,2,Lydia Boshart,9101,23,9,7,2,,4000,20,9,6,4,,-5550,1250,1,1250,2500
3061,9315,42,52,11/18/2025,3,Tony Antoniades,9102,23,8,6,2,,2400,21,10,9,1,,,10800,0,8299,2501
3062,9316,42,53,11/19/2025,1,Harrison Whitaker,9086,21,11,10,2,-1000,5200,19,14,15,0,,5400,26600,0,999,25601
3062,9316,42,53,11/19/2025,2,Josh Chen,9104,23,10,10,0,,4800,10,5,5,1,4400,,12800,0,5,12795
3062,9316,42,53,11/19/2025,3,Matylda Urbaniak,9105,18,7,7,0,,3600,5,3,3,0,,,5200,0,0,5200
3063,9317,42,54,11/20/2025,1,Harrison Whitaker,9086,24,20,18,3,2600,9200,15,9,8,1,,,16400,0,6001,10399
3063,9317,42,54,11/20/2025,2,Blythe Roberson,9107,18,4,3,1,,200,19,11,7,4,,,3000,0,3000,0
3063,9317,42,54,11/20/2025,3,Kara Brown,9108,15,8,4,4,,1400,20,10,10,2,-3000,2800,11200,0,5201,5999
3064,9318,42,55,11/21/2025,1,Harrison Whitaker,9086,21,10,10,0,,7200,22,18,19,1,4400,2400,31200,1,18800,50000
3064,9318,42,55,11/21/2025,2,Jamie Kohlmeier,9110,16,7,5,2,,800,12,1,1,0,,,2400,0,2398,2
3064,9318,42,55,11/21/2025,3,Sarah Wylie,9111,19,10,8,3,-2000,1600,13,6,5,1,,,5200,0,5200,0
3065,9319,42,56,11/24/2025,1,Harrison Whitaker,9086,25,18,17,2,1800,11200,26,18,17,3,-4400,-2800,22000,0,1000,21000
3065,9319,42,56,11/24/2025,2,Shannon Lawinger,9113,17,5,4,1,,1400,17,5,5,0,,,6200,0,3000,3200
3065,9319,42,56,11/24/2025,3,Michael Kavanagh,9114,18,7,7,0,,3800,17,4,4,0,,,8600,1,4000,12600
3066,9320,42,57,11/25/2025,1,Harrison Whitaker,9086,20,13,14,0,2500,8300,18,16,15,3,3000,-6000,19700,0,300,19400
3066,9320,42,57,11/25/2025,2,Emma Passariello,9116,14,8,6,2,,3600,11,4,2,2,,,2400,0,0,2400
3066,9320,42,57,11/25/2025,3,Lyman Howard,9117,14,7,5,2,,1800,11,6,3,3,,,600,1,500,1100
3067,9321,42,58,11/26/2025,1,Harrison Whitaker,9086,24,17,15,2,,7000,19,13,14,1,3000,-6000,17200,1,3800,21000
3067,9321,42,58,11/26/2025,2,Krish Patel,9119,18,8,7,2,1000,3600,17,9,6,3,,,5600,0,5201,399
3067,9321,42,58,11/26/2025,3,Shannon Mastick,9120,13,2,2,0,,1800,13,6,5,1,,,5400,0,5400,0
3068,9322,42,59,11/27/2025,1,Harrison Whitaker,9086,21,15,15,1,1000,8800,20,16,15,2,,-3200,18800,1,3200,22000
3068,9322,42,59,11/27/2025,2,Nicole Haase,9122,17,6,6,0,,4000,11,3,3,0,,,7200,0,1799,5401
3068,9322,42,59,11/27/2025,3,Paul Wenzel,9123,13,4,4,0,,1600,11,3,3,1,-2500,,2700,1,903,3603
3069,9323,42,60,11/28/2025,1,Harrison Whitaker,9086,24,15,15,0,,9200,19,11,11,0,,,18400,1,3599,21999
3069,9323,42,60,11/28/2025,2,Wilder Seitz,9125,17,7,7,1,1000,3200,14,10,8,4,-8000,-3500,500,1,499,999
3069,9323,42,60,11/28/2025,3,Samantha Meier,9126,16,7,6,1,,3000,10,5,4,1,,,7400,0,0,7400
3070,9324,42,61,12/01/2025,1,Harrison Whitaker,9086,21,12,12,1,-1000,6600,25,13,13,0,,,21000,0,13401,7599
3070,9324,42,61,12/01/2025,2,Brendan Thomas,9128,17,7,6,1,,2800,16,4,4,1,-2800,,3600,1,3599,7199
3070,9324,42,61,12/01/2025,3,Libby Jones,9129,22,9,8,1,,3000,20,9,10,0,,3000,17200,1,7601,24801
3071,9325,42,62,12/02/2025,1,Libby Jones,9129,21,10,9,1,,3000,22,14,16,0,5400,2000,25200,1,20801,46001
3071,9325,42,62,12/02/2025,2,Anne Martyn,9131,12,4,3,1,,600,6,1,1,0,,,2200,1,0,2200
3071,9325,42,62,12/02/2025,3,Eli Selzer,9132,23,14,15,0,6000,14600,21,12,10,2,,,23000,1,2201,25201
3072,9326,42,63,12/03/2025,1,Libby Jones,9129,25,20,19,1,,10800,20,10,9,2,-4000,,15200,0,7201,7999
3072,9326,42,63,12/03/2025,2,Sarah Murphy,9134,18,4,3,1,,1000,9,6,4,3,,-2600,-400,,,-400
3072,9326,42,63,12/03/2025,3,Ron Lalonde,9135,21,6,7,0,1800,5200,18,11,8,3,,,11200,1,4001,15201
3073,9327,42,64,12/04/2025,1,Ron Lalonde,9135,23,18,15,3,,5600,20,13,14,0,,4000,24400,0,4000,20400
3073,9327,42,64,12/04/2025,2,Andy Luo,9137,17,7,6,2,2000,5000,16,7,6,2,-4000,,5400,0,5001,399
3073,9327,42,64,12/04/2025,3,Marie D'Avignon,9138,19,10,8,2,,4400,17,5,4,1,,,5200,0,4999,201
3074,9328,42,65,12/05/2025,1,Ron Lalonde,9135,19,13,11,3,-1000,4000,20,13,12,3,3600,-2000,17200,0,300,16900
3074,9328,42,65,12/05/2025,2,Youssef Shareef,9140,12,8,8,0,,4800,11,7,5,2,,,8400,0,8400,0
3074,9328,42,65,12/05/2025,3,Margaret Dunlap,9141,20,5,5,0,,3000,17,7,5,2,,,7800,1,601,8401
3075,9329,42,66,12/08/2025,1,Ron Lalonde,9135,22,14,12,2,,5600,15,11,9,3,,-4000,8400,1,1199,9599
3075,9329,42,66,12/08/2025,2,Will Riley,9143,18,9,7,3,1000,800,19,12,10,3,2000,,10800,1,6001,16801
3075,9329,42,66,12/08/2025,3,Morgan Lloyd,9144,16,7,6,1,,2800,11,6,4,2,,,3600,0,3600,0
3076,9330,42,67,12/09/2025,1,Will Riley,9143,19,11,10,1,,5400,16,8,9,0,6200,,19600,1,9201,28801
3076,9330,42,67,12/09/2025,2,Steve Riddell,9146,19,10,9,1,,4400,18,10,8,2,,,9200,0,9200,0
3076,9330,42,67,12/09/2025,3,Jenna LaFleur,9147,22,9,10,0,2400,7600,18,9,8,2,,-2000,14400,0,5201,9199
3077,9331,42,68,12/10/2025,1,Will Riley,9143,14,8,8,0,,6000,17,10,8,3,,-3000,12200,0,3399,8801
3077,9331,42,68,12/10/2025,2,Chelsea Carter,9149,12,8,8,0,,4400,10,3,2,1,,,4400,1,4399,8799
3077,9331,42,68,12/10/2025,3,Eddie Kass,9150,21,10,10,1,-2600,2800,19,11,11,1,-1800,,13800,0,11000,2800
3078,9332,42,69,12/11/2025,1,Will Riley,9143,20,16,17,0,1800,11200,18,10,9,2,,-3000,17000,1,6000,23000
3078,9332,42,69,12/11/2025,2,Jennifer Foote,9152,10,3,3,0,,2600,8,2,2,0,,,3800,1,2000,5800
3078,9332,42,69,12/11/2025,3,Francis Boyle,9153,17,8,6,2,,1400,21,15,12,4,-7400,,5200,1,1200,6400
3079,9333,42,70,12/12/2025,1,Will Riley,9143,21,14,11,4,-5,4795,18,13,9,4,,,10395,0,0,10395
3079,9333,42,70,12/12/2025,2,Trey Hart,9155,20,15,13,2,,6400,14,10,10,1,,4000,19600,1,4500,24100
3079,9333,42,70,12/12/2025,3,Madelyn Dawson,9156,19,4,3,1,,1800,16,2,2,1,-1700,,900,0,750,150
3080,9334,42,71,12/15/2025,1,Erik Nielsen,8975,26,13,12,2,1000,7600,23,12,11,1,,,18800,0,13201,5599
3080,9334,42,71,12/15/2025,2,Erin Li,8639,21,11,10,1,,4400,18,8,6,2,,,8000,0,4201,3799
3080,9334,42,71,12/15/2025,3,Eugene Huang,8613,21,6,6,0,,3400,17,10,11,1,3000,-2000,16000,0,7999,8001
3081,9335,42,72,12/16/2025,1,Dave Widmayer,8648,25,10,9,2,-2200,2600,19,11,11,1,4200,,14000,0,1401,12599
3081,9335,42,72,12/16/2025,2,Evan Argyle,9014,23,10,9,1,,4400,20,6,5,1,,,7600,0,5001,2599
3081,9335,42,72,12/16/2025,3,Ivanna Lopez,8903,18,8,8,0,,4000,20,12,10,3,,4200,15400,0,14600,800
3082,9336,42,73,12/17/2025,1,Pete Johnston,8897,19,9,9,1,2800,6000,19,14,12,3,3000,,17800,0,5000,12800
3082,9336,42,73,12/17/2025,2,Allison Willard,8625,20,11,8,3,,2600,19,6,4,2,,,6200,0,5000,1200
3082,9336,42,73,12/17/2025,3,Chris Turner-Neal,9003,22,11,9,2,,4400,16,8,8,1,,6000,19200,0,6500,12700
3083,9337,42,74,12/18/2025,1,Pete Johnston,8897,22,12,10,3,-2800,600,16,11,10,2,-2000,,7400,0,7400,0
3083,9337,42,74,12/18/2025,2,Dave Widmayer,8648,22,9,9,0,,4600,13,6,5,2,,-4200,4000,0,4000,0
3083,9337,42,74,12/18/2025,3,Eugene Huang,8613,20,9,9,0,,6000,14,9,7,2,,,12000,0,6000,6000
3084,9338,42,75,12/19/2025,1,Pete Johnston,8897,23,11,6,5,,1400,20,7,8,0,,2000,13400,1,13400,26800
3084,9338,42,75,12/19/2025,2,Dave Widmayer,8648,25,15,14,2,-1000,6600,19,11,11,1,5000,,20000,0,8401,11599
3084,9338,42,75,12/19/2025,3,Eugene Huang,8613,20,7,7,0,,3200,19,7,7,0,,,11200,1,8600,19800
3085,9339,42,76,12/22/2025,1,Rachael Gray,8669,19,10,9,1,,4600,25,9,7,2,,,8600,0,7000,1600
3085,9339,42,76,12/22/2025,2,Guy Branum,8636,24,8,9,0,1400,6200,25,6,4,2,,,9400,1,7801,17201
3085,9339,42,76,12/22/2025,3,Jasmine Zhou,8385,19,11,10,1,,6000,20,14,14,2,-7600,-6800,4800,1,4799,9599
3086,9340,42,77,12/23/2025,1,Bob Callen,8672,20,6,5,1,,2200,9,2,0,2,,,-1800,,,-1800
3086,9340,42,77,12/23/2025,2,Molly Murray,9077,18,5,5,0,,2800,16,10,9,1,,,13200,1,13200,26400
3086,9340,42,77,12/23/2025,3,Michelle Tsai,8708,24,17,17,1,1800,10400,23,16,16,2,4000,-6000,22800,1,3601,26401
3087,9341,42,78,12/24/2025,1,Aaron Himmel,9072,26,14,14,1,1000,6600,24,8,8,0,,,17000,1,0,17000
3087,9341,42,78,12/24/2025,2,Andrew Wang,8891,21,7,7,0,,5000,22,8,9,0,,6600,20400,0,20400,0
3087,9341,42,78,12/24/2025,3,Melanie Hirsch,8616,20,8,7,1,,3800,22,13,13,1,3800,,20400,1,20400,40800
3088,9342,42,79,12/25/2025,1,Melanie Hirsch,8616,22,8,8,1,1000,5600,19,8,5,3,,,6000,1,6000,12000
3088,9342,42,79,12/25/2025,2,Michelle Tsai,8708,24,8,8,0,,4800,23,9,10,1,6400,3000,24600,0,5400,19200
3088,9342,42,79,12/25/2025,3,Guy Branum,8636,23,12,12,0,,6000,25,13,10,3,,,8000,1,8000,16000
3089,9343,42,80,12/26/2025,1,Melanie Hirsch,8616,23,11,11,1,1000,6200,16,5,5,0,,,10600,1,10500,21100
3089,9343,42,80,12/26/2025,2,Michelle Tsai,8708,22,12,10,2,,5400,21,10,9,1,,,14600,1,601,15201
3089,9343,42,80,12/26/2025,3,Guy Branum,8636,20,8,6,2,,800,20,10,10,2,-3600,2000,9200,1,3801,13001
3090,9344,42,81,12/29/2025,1,Keegan Olson,8706,18,4,4,1,200,1000,21,9,7,2,,,5800,0,5800,0
3090,9344,42,81,12/29/2025,2,Abigail Arnold,8678,16,10,9,1,,4400,18,11,13,0,4000,4000,25600,0,0,25600
3090,9344,42,81,12/29/2025,3,Mustafa Hameed,8609,20,15,13,2,,6000,16,7,6,1,,,12000,0,300,11700
3091,9345,42,82,12/30/2025,1,Emily Johnson,8582,25,8,7,2,-1000,1400,19,9,10,0,2600,,13600,1,13000,26600
3091,9345,42,82,12/30/2025,2,Dondi DeMarco,8660,23,11,11,0,,7200,16,9,9,0,,,17200,1,10001,27201
3091,9345,42,82,12/30/2025,3,Ricky Chandak,8876,20,11,10,1,,4800,16,9,8,2,,4000,12400,0,5000,7400
3092,9346,42,83,12/31/2025,1,Ryan Sharpe,8952,27,9,8,1,,4800,17,10,9,1,,,12400,1,11601,24001
3092,9346,42,83,12/31/2025,2,Jenna Hayes,8400,21,7,7,0,,4800,20,9,7,4,3000,3800,12000,1,3801,15801
3092,9346,42,83,12/31/2025,3,Dan Puma,8882,28,14,14,1,1000,6600,26,12,10,2,,,15800,0,9001,6799
3093,9347,42,84,01/01/2026,1,Dondi DeMarco,8660,14,5,4,1,,1600,13,3,1,2,,,0,,,0
3093,9347,42,84,01/01/2026,2,Abigail Arnold,8678,20,9,8,1,,5600,19,9,8,1,,,15600,1,8000,23600
3093,9347,42,84,01/01/2026,3,Ryan Sharpe,8952,21,13,14,0,1200,7200,20,16,16,2,13600,-4096,33104,1,336,33440
3094,9348,42,85,01/02/2026,1,Dondi DeMarco,8660,21,7,6,2,-1600,1400,17,6,6,1,,2500,6700,0,6699,1
3094,9348,42,85,01/02/2026,2,Abigail Arnold,8678,18,11,11,0,,7000,19,7,6,1,,,12600,0,11639,961
3094,9348,42,85,01/02/2026,3,Ryan Sharpe,8952,22,10,10,0,,4800,25,18,15,4,8000,,24800,1,42,24842
3095,9349,42,86,01/05/2026,1,Stella Trout,8799,20,12,9,4,-1400,1400,17,10,11,1,2000,3400,16000,1,10401,26401
3095,9349,42,86,01/05/2026,2,Bill McKinney,8366,20,7,6,1,,2000,19,12,10,2,,,13200,0,1000,12200
3095,9349,42,86,01/05/2026,3,Dargan Ware,9024,25,15,12,3,,5400,21,9,4,5,,,2600,0,400,2200
3096,9351,42,87,01/06/2026,1,Michelle Tsai,8708,22,11,10,2,2000,7200,21,13,13,2,-2000,-2000,16000,0,1602,14398
3096,9351,42,87,01/06/2026,2,Dave Bond,8360,20,10,10,0,,6200,15,6,5,1,,,11800,0,1800,10000
3096,9351,42,87,01/06/2026,3,Geoff Barnes,8790,18,8,6,2,,1600,22,7,6,1,,,8800,0,8000,800
3097,9352,42,88,01/07/2026,1,Cameron Berry,8604,25,13,13,0,,8200,20,11,9,3,1000,,12800,0,201,12599
3097,9352,42,88,01/07/2026,2,Harvey Silikovitz,8579,22,7,6,1,,3000,21,12,11,2,,-2000,13000,0,2,12998
3097,9352,42,88,01/07/2026,3,Jason Singer,8868,18,7,6,2,-1500,1500,16,5,4,1,,,3900,0,3900,0
3098,9353,42,89,01/08/2026,1,Pete Johnston,8897,17,11,10,2,-1000,3800,16,10,9,2,,1000,10800,0,7601,3199
3098,9353,42,89,01/08/2026,2,Vickie Talvola,8976,18,8,6,2,,800,18,10,9,2,2400,,9200,1,4400,13600
3098,9353,42,89,01/08/2026,3,Jonathan Hugendubler,8928,17,10,9,1,,4800,18,8,6,2,,,9200,1,9200,18400
3099,9354,42,90,01/09/2026,1,James Corson,8583,21,8,8,0,,4200,19,9,7,2,,,11000,0,11000,0
3099,9354,42,90,01/09/2026,2,Ryan Sharpe,8952,16,10,10,0,,6400,15,10,12,0,6174,2048,24222,1,1729,25951
3099,9354,42,90,01/09/2026,3,Ian Morrison,8940,20,8,8,1,-1000,3600,19,7,6,1,,,8800,1,8800,17600
3100,9355,42,91,01/12/2026,1,Ryan Sharpe,8952,20,9,9,0,,6000,18,6,7,0,9600,,24000,0,7601,16399
3100,9355,42,91,01/12/2026,2,Vickie Talvola,8976,22,7,8,0,1000,5400,23,11,11,0,,,15800,0,9400,6400
3100,9355,42,91,01/12/2026,3,Cameron Berry,8604,22,11,11,0,,5800,21,9,10,0,,9800,27200,1,4401,31601
3101,9356,42,92,01/13/2026,1,Jonathan Hugendubler,8928,22,9,9,0,,6800,18,11,11,2,8800,5000,30600,1,0,30600
3101,9356,42,92,01/13/2026,2,Michelle Tsai,8708,25,12,12,1,1600,6600,24,12,9,3,,,13400,0,31,13369
3101,9356,42,92,01/13/2026,3,Bill McKinney,8366,17,9,6,3,,1600,12,5,3,2,,,1200,0,0,1200
3102,9357,42,93,01/14/2026,1,Stella Trout,8799,21,8,8,0,,5000,21,12,12,1,-6600,,14000,1,5601,19601
3102,9357,42,93,01/14/2026,2,Ian Morrison,8940,25,11,10,1,,4200,21,8,7,1,,,10600,0,9001,1599
3102,9357,42,93,01/14/2026,3,Harvey Silikovitz,8579,19,8,9,0,4000,8800,17,7,6,2,,-5000,9800,1,9800,19600
3103,9358,42,94,01/15/2026,1,Cameron Berry,8604,20,12,12,1,-1400,5600,22,12,10,2,,,16400,0,6400,10000
3103,9358,42,94,01/15/2026,2,Jonathan Hugendubler,8928,22,7,5,2,,600,17,7,6,2,,-2000,600,1,600,1200
3103,9358,42,94,01/15/2026,3,Stella Trout,8799,23,9,7,2,,2400,20,8,9,0,6000,,16800,0,4000,12800
3104,9359,42,95,01/16/2026,1,Cameron Berry,8604,21,11,10,1,,4000,18,9,8,1,,,10000,0,5601,4399
3104,9359,42,95,01/16/2026,2,Jonathan Hugendubler,8928,18,6,6,0,,3800,15,4,5,0,3800,,12000,0,12000,0
3104,9359,42,95,01/16/2026,3,Stella Trout,8799,22,11,11,1,1000,7200,20,11,10,2,,-11200,6400,0,6300,100
3105,9360,42,96,01/19/2026,1,Liam Starnes,8670,13,6,6,1,-1600,1400,18,8,7,2,2000,,6200,0,6200,0
3105,9360,42,96,01/19/2026,2,Tom Devlin,9030,19,12,11,1,,5000,21,14,13,1,,,19400,0,0,19400
3105,9360,42,96,01/19/2026,3,Aaron Levine,9053,12,7,5,2,,2000,16,4,4,1,,-5600,1600,1,1,1601
3106,9361,42,97,01/20/2026,1,Andrew Hayes,8646,13,4,2,2,,-1000,14,8,8,1,2000,,6200,1,1801,8001
3106,9361,42,97,01/20/2026,2,Brendan Liaw,8747,15,11,10,2,1000,3600,13,4,4,0,,,8000,1,1337,9337
3106,9361,42,97,01/20/2026,3,Allegra Kuney,9075,18,12,9,3,,3000,17,12,12,1,,4000,18200,0,10,18190
3107,9362,42,98,01/21/2026,1,Bryce Wargin,8624,18,8,7,1,,2800,12,6,5,1,,,5200,0,4999,201
3107,9362,42,98,01/21/2026,2,Cameron Berry,8604,21,8,7,1,,2800,19,10,9,2,-4400,,8800,0,1601,7199
3107,9362,42,98,01/21/2026,3,Ben Ganger,8690,17,11,8,4,-1000,800,18,12,9,4,,-4800,2000,0,0,2000
3108,9363,42,99,01/22/2026,1,Ashley Chan,8375,17,6,3,3,,-200,7,5,5,0,,,5400,0,1002,4398
3108,9363,42,99,01/22/2026,2,W. Kamau Bell,8442,8,2,1,1,,-200,7,4,3,1,,,2600,0,0,2600
3108,9363,42,99,01/22/2026,3,Alex DeFrank,8591,22,19,18,2,-4600,5000,17,13,11,4,-3000,-2000,6400,0,4401,1999
3109,9364,42,100,01/23/2026,1,Steven Olson,8963,22,12,10,2,,3800,21,15,15,2,7000,3000,25800,1,7117,32917
3109,9364,42,100,01/23/2026,2,Josh Weikert,8607,23,14,11,4,-2000,3600,14,4,3,1,,,5600,0,0,5600
3109,9364,42,100,01/23/2026,3,Matt Massie,8814,18,5,4,1,,3000,18,9,7,2,,,5800,1,5800,11600
3110,9365,42,101,01/26/2026,1,Lisa Ann Walter,5417,6,4,2,2,,-200,5,3,1,2,,,-2600,,,-2600
3110,9365,42,101,01/26/2026,2,Mike Dawson,8637,13,10,9,2,1000,4800,11,8,6,2,,,8000,0,8000,0
3110,9365,42,101,01/26/2026,3,TJ Fisher,8991,15,14,10,4,,1400,17,13,12,3,5400,2000,15600,0,401,15199
3111,9366,42,102,01/27/2026,1,Scott Riccardi,8874,23,10,10,1,3800,8200,18,10,12,0,15400,6000,41200,0,0,41200
3111,9366,42,102,01/27/2026,2,Tom Devlin,9030,22,14,13,1,,7400,19,11,11,0,,,19000,0,0,19000
3111,9366,42,102,01/27/2026,3,Allegra Kuney,9075,15,8,5,3,,1200,18,5,5,0,,,7600,0,6700,900
3112,9367,42,103,01/28/2026,1,Laura Faddah,8391,19,7,6,2,1000,2000,10,1,1,1,-2000,,1600,0,1599,1
3112,9367,42,103,01/28/2026,2,Steven Olson,8963,18,11,11,0,,6200,20,13,12,2,,-9400,8400,0,5404,2996
3112,9367,42,103,01/28/2026,3,TJ Fisher,8991,11,6,6,0,,3400,16,10,10,0,,,13800,0,3001,10799
3113,9368,42,104,01/29/2026,1,Paolo Pasco,8942,19,14,14,1,2400,9200,14,10,10,1,6000,,24800,0,0,24800
3113,9368,42,104,01/29/2026,2,Cameron Berry,8604,16,12,10,2,,4200,16,11,12,0,,6600,22000,0,21199,801
3113,9368,42,104,01/29/2026,3,Ashley Chan,8375,14,3,2,1,,800,6,2,1,1,,,400,0,400,0
3114,9369,42,105,01/30/2026,1,Scott Riccardi,8874,21,10,9,1,,3200,18,10,6,4,,,5200,1,0,5200
3114,9369,42,105,01/30/2026,2,Laura Faddah,8391,13,4,4,0,,2400,13,6,6,1,,2000,8800,1,1601,10401
3114,9369,42,105,01/30/2026,3,Paolo Pasco,8942,19,12,13,0,7600,15600,12,8,9,0,5000,,29000,1,1118,30118
3115,9370,42,106,02/02/2026,1,Scott Riccardi,8874,17,10,10,1,1600,5400,17,8,6,2,,,8200,1,0,8200
3115,9370,42,106,02/02/2026,2,Paolo Pasco,8942,19,9,9,0,,4800,13,8,10,0,7200,4000,25600,0,121,25479
3115,9370,42,106,02/02/2026,3,TJ Fisher,8991,14,7,7,0,,4600,8,5,4,1,,,7800,0,777,7023
3116,9371,42,107,02/03/2026,1,Scott Riccardi,8874,16,9,7,2,,2600,17,6,6,0,,,9800,1,0,9800
3116,9371,42,107,02/03/2026,2,Paolo Pasco,8942,16,10,10,1,1800,6800,13,10,11,1,8000,6000,31200,1,1105,32305
3116,9371,42,107,02/03/2026,3,TJ Fisher,8991,18,12,6,6,,-1400,16,10,8,2,,,4600,1,3177,7777
3117,9372,42,108,02/04/2026,1,Scott Riccardi,8874,17,5,6,0,1000,5000,18,5,4,1,,,7400,0,4600,2800
3117,9372,42,108,02/04/2026,2,Paolo Pasco,8942,16,10,10,0,,4200,18,14,16,0,7400,6000,33200,0,143,33057
3117,9372,42,108,02/04/2026,3,TJ Fisher,8991,17,13,9,4,,2200,12,4,4,0,,,5800,0,1601,4199
3118,9373,42,109,02/05/2026,1,Matt Amodio,639,23,14,12,2,,5400,15,12,12,2,3000,-2000,18800,0,0,18800
3118,9373,42,109,02/05/2026,2,Drew Basile,8087,16,7,6,1,,2800,11,5,3,2,,,3600,1,3600,7200
3118,9373,42,109,02/05/2026,3,Karen Farrell,499,18,13,8,6,-1000,-200,16,9,9,0,,,8200,1,8200,16400
3119,9374,42,110,02/06/2026,1,Eric Ahasic,4421,17,7,6,1,,2800,12,7,5,2,,,5600,0,5600,0
3119,9374,42,110,02/06/2026,2,Roger Craig,8546,24,14,12,3,-2800,2400,23,15,16,1,4400,4000,24000,0,9000,15000
3119,9374,42,110,02/06/2026,3,Veronica Vichit-Vadakan,510,19,10,8,2,,2800,17,6,5,1,,,7200,0,7200,0
3120,9375,42,111,02/09/2026,1,Liz Feltner,4064,17,8,8,0,,4800,9,5,4,2,,-3000,6200,0,4601,1599
3120,9375,42,111,02/09/2026,2,T.L. Cubbage,9278,11,6,6,0,,3600,15,11,7,5,-3000,,5400,0,5399,1
3120,9375,42,111,02/09/2026,3,Drew Goins,8207,22,13,12,2,-3000,2800,17,7,5,2,,,5200,0,3600,1600
3121,9376,42,112,02/10/2026,1,Mehal Shah,8328,16,11,9,2,,2800,16,6,4,3,-5,,4395,1,1606,6001
3121,9376,42,112,02/10/2026,2,Jen Giles,7329,13,4,4,0,,3400,12,7,6,1,,,5400,1,3000,8400
3121,9376,42,112,02/10/2026,3,Andrew He,819,20,11,9,3,-1000,2200,21,11,10,2,,-7400,6000,1,4801,10801
3122,9377,42,113,02/11/2026,1,Josh Hill,3824,11,8,7,1,,3400,10,6,5,2,,3400,7600,0,7600,0
3122,9377,42,113,02/11/2026,2,Alison Betts,7941,22,9,9,1,2000,5400,14,5,4,2,-5000,,3200,0,414,2786
3122,9377,42,113,02/11/2026,3,Isaac Hirsch,8117,20,12,9,3,,3200,18,14,9,5,,,7600,0,7600,0
3123,9378,42,114,02/12/2026,1,Long Nguyen,4988,16,8,8,0,,5200,17,11,12,1,2000,1600,19600,1,2000,21600
3123,9378,42,114,02/12/2026,2,Will Yancey,8190,15,10,9,1,,4600,15,11,8,3,,,7400,0,7400,0
3123,9378,42,114,02/12/2026,3,Adriana Harmeyer,8042,22,6,7,0,1000,3400,14,6,4,2,,,3400,1,3400,6800
3124,9379,42,115,02/13/2026,1,Roger Craig,8546,22,11,7,4,,1200,18,12,13,0,3200,,18400,1,9601,28001
3124,9379,42,115,02/13/2026,2,Jen Giles,7329,6,2,3,0,1000,2400,13,6,5,1,,,4800,0,725,4075
3124,9379,42,115,02/13/2026,3,Drew Basile,8087,18,15,14,1,,6000,15,6,6,1,,5600,14000,1,0,14000
3125,9380,42,116,02/16/2026,1,Matt Amodio,639,16,8,7,1,,3800,17,9,10,0,6200,,19200,0,8001,11199
3125,9380,42,116,02/16/2026,2,Andrew He,819,23,15,14,1,,8400,16,9,8,2,,-6000,13600,0,38,13562
3125,9380,42,116,02/16/2026,3,Alison Betts,7941,20,5,5,1,-1000,1400,11,2,2,0,,,2600,0,0,2600
3126,9381,42,117,02/17/2026,1,Long Nguyen,4988,20,11,10,1,,5600,19,11,10,3,7200,-5000,15800,1,5001,20801
3126,9381,42,117,02/17/2026,2,Karen Farrell,499,12,5,6,0,1000,3600,12,6,6,0,,,10000,0,0,10000
3126,9381,42,117,02/17/2026,3,Drew Goins,8207,18,11,10,1,,4600,18,10,8,2,,,12200,0,12197,3
3127,9382,42,118,02/18/2026,1,Roger Craig,8546,21,14,13,1,,5800,18,10,7,3,,,10600,0,10600,0
3127,9382,42,118,02/18/2026,2,Long Nguyen,4988,18,7,5,2,,1600,16,9,8,3,2000,-6400,2000,0,1933,67
3127,9382,42,118,02/18/2026,3,Andrew He,819,20,8,9,0,4800,10400,17,10,7,3,,,16400,0,4801,11599
3128,9383,42,119,02/19/2026,1,Roger Craig,8546,22,15,10,5,,2000,13,7,5,2,,,5200,1,0,5200
3128,9383,42,119,02/19/2026,2,Long Nguyen,4988,16,7,8,0,2400,6600,16,7,8,0,8200,,21600,0,4001,17599
3128,9383,42,119,02/19/2026,3,Andrew He,819,16,7,5,2,,400,16,9,10,0,,2400,12800,0,12733,67
3129,9384,42,120,02/20/2026,1,Roger Craig,8546,20,11,11,0,,5800,23,7,4,3,,,6200,0,6200,0
3129,9384,42,120,02/20/2026,2,Long Nguyen,4988,19,11,10,2,2800,6400,20,8,9,0,9200,,24400,0,8000,16400
3129,9384,42,120,02/20/2026,3,Andrew He,819,18,7,6,1,,4400,24,16,16,1,,7600,31600,1,17201,48801
3130,9385,42,121,02/23/2026,1,Trey Hart,9155,16,11,7,4,,1400,17,12,10,2,,,10200,0,0,10200
3130,9385,42,121,02/23/2026,2,Zach Johnson-Dunlop,9308,21,12,8,4,,2000,19,7,7,1,3000,,10600,0,10000,600
3130,9385,42,121,02/23/2026,3,Katie Pach,9309,16,8,6,3,-1200,600,17,9,8,2,,1000,4000,0,4000,0
3131,9386,42,122,02/24/2026,1,Trey Hart,9155,19,13,12,1,,5400,18,9,9,1,4000,,16200,1,8000,24200
3131,9386,42,122,02/24/2026,2,James Hirsh,9311,20,8,9,0,1400,5600,18,9,9,1,,8000,20400,1,12018,32418
3131,9386,42,122,02/24/2026,3,Christa Fidel,9312,20,6,6,0,,4800,13,9,9,0,,,15600,1,0,15600
3132,9387,42,123,02/25/2026,1,James Hirsh,9311,21,11,10,1,,5600,19,12,11,2,7200,,20400,0,5400,15000
3132,9387,42,123,02/25/2026,2,Kevin Kodama,9314,16,9,9,0,,5000,16,14,13,2,,-15200,5000,0,5000,0
3132,9387,42,123,02/25/2026,3,Lauren Vincent,9315,18,8,7,2,1000,2400,15,2,2,0,,,4000,0,4000,0
3133,9388,42,124,02/26/2026,1,James Hirsh,9311,19,15,14,1,,6200,16,13,12,2,-4000,,16200,1,3800,20000
3133,9388,42,124,02/26/2026,2,Elizabeth Hurd,9317,17,8,6,3,-400,2800,11,4,3,1,,,6000,0,1000,5000
3133,9388,42,124,02/26/2026,3,Patrick Creech,9318,17,6,4,2,,800,16,8,5,4,,-2000,1200,0,20,1180
3134,9389,42,125,02/27/2026,1,James Hirsh,9311,24,13,11,2,,6200,14,9,9,1,,3000,16400,0,6818,9582
3134,9389,42,125,02/27/2026,2,Diana Miller,9320,20,8,9,0,2000,6200,17,10,9,2,-2600,,11600,1,4799,16399
3134,9389,42,125,02/27/2026,3,Tim Leung,9321,24,11,8,3,,3000,13,6,6,0,,,9800,0,0,9800
3135,9390,42,126,03/02/2026,1,Diana Miller,9320,14,7,6,1,,1800,15,11,10,1,,,12200,0,5001,7199
3135,9390,42,126,03/02/2026,2,Marissa Klein,9323,19,11,10,2,-3200,1200,16,8,7,3,-2400,-4000,2000,0,0,2000
3135,9390,42,126,03/02/2026,3,Noah Hamilton,9324,19,9,9,0,,5400,17,7,5,2,,,8600,1,1390,9990
3136,9391,42,127,03/03/2026,1,Noah Hamilton,9324,21,7,4,3,,1000,15,12,12,2,2000,3000,12800,0,11783,1017
3136,9391,42,127,03/03/2026,2,Quentin Powers,9326,22,18,17,2,-1909,7491,13,6,5,1,,,12291,1,1909,14200
3136,9391,42,127,03/03/2026,3,Monterey Salka,9327,24,9,6,3,,1400,17,11,8,3,,,5000,0,4997,3
3137,9392,42,128,03/04/2026,1,Quentin Powers,9326,17,12,10,3,-1000,3600,14,10,9,2,-3000,,8600,0,2002,6598
3137,9392,42,128,03/04/2026,2,Nannono Zirimu,9329,8,2,2,0,,1800,8,4,3,1,,,2200,0,2000,200
3137,9392,42,128,03/04/2026,3,Aahil Makhani,9330,25,14,12,2,,5600,15,10,6,5,,-3600,4800,0,4800,0
3138,9393,42,129,03/05/2026,1,Quentin Powers,9326,17,6,6,1,-1000,3000,15,8,5,3,,,5000,1,4999,9999
3138,9393,42,129,03/05/2026,2,Cory Aiello,9332,26,16,15,1,,7400,17,9,9,1,2000,,17400,1,530,17930
3138,9393,42,129,03/05/2026,3,Nishal Shah,9333,16,5,5,0,,2400,13,9,7,3,,-2000,8000,1,3001,11001
3139,9394,42,130,03/06/2026,1,Cory Aiello,9332,20,10,7,3,,-200,14,11,8,3,,,3400,0,604,2796
3139,9394,42,130,03/06/2026,2,James Denison,9335,18,11,11,1,2200,8400,16,11,9,3,,9000,24200,1,11999,36199
3139,9394,42,130,03/06/2026,3,Heidi Schmechel,9336,16,8,8,0,,4800,8,6,6,1,3000,,12200,1,12200,24400
3140,9395,42,131,03/09/2026,1,James Denison,9335,23,14,13,1,,6600,16,10,12,0,6800,6000,31000,1,14599,45599
3140,9395,42,131,03/09/2026,2,Katie Hoppenjans,9338,17,9,10,0,1000,6200,17,8,6,2,,,8200,0,6000,2200
3140,9395,42,131,03/09/2026,3,Jonathan Rosales,9339,11,3,2,1,,1400,11,8,7,1,,,7000,0,3700,3300
3141,9396,42,132,03/10/2026,1,James Denison,9335,20,10,9,2,1000,3200,19,12,12,1,,5200,20000,0,10999,9001
3141,9396,42,132,03/10/2026,2,Tim Swankey,9341,21,9,6,3,,3800,17,9,7,2,,,9000,0,4602,4398
3141,9396,42,132,03/10/2026,3,Sapana Vora,9342,19,10,9,1,,2600,16,7,8,0,3000,,13200,0,6801,6399
3142,9397,42,133,03/11/2026,1,James Denison,9335,21,17,15,3,-4600,4200,11,7,7,0,,,13800,0,5199,8601
3142,9397,42,133,03/11/2026,2,Chris Kearney,9344,16,8,6,2,,2600,15,11,9,2,,,8600,0,3799,4801
3142,9397,42,133,03/11/2026,3,Molly Hackett,9345,22,6,5,1,,1600,14,7,5,4,2000,2000,2400,0,101,2299
3143,9398,42,134,03/12/2026,1,James Denison,9335,23,16,15,2,4400,11000,15,10,9,2,-5400,,14400,0,5999,8401
3143,9398,42,134,03/12/2026,2,Luke Henson,9347,14,9,7,2,,3600,13,8,6,2,,,8400,1,8398,16798
3143,9398,42,134,03/12/2026,3,Lydia Cawley,9348,19,7,5,2,,1000,13,5,4,2,,-2200,1200,0,27,1173
3144,9399,42,135,03/13/2026,1,Luke Henson,9347,14,7,4,3,,800,16,7,7,0,,,8000,0,1689,6311
3144,9399,42,135,03/13/2026,2,Jamie Ding,9350,21,14,13,1,,7200,23,14,14,2,-3600,1800,22600,1,33,22633
3144,9399,42,135,03/13/2026,3,Robin Richardson,9351,17,10,11,0,1600,6600,16,7,6,1,,,10600,0,5600,5000
3145,9401,42,136,03/16/2026,1,Jamie Ding,9350,27,17,16,1,,8400,23,19,20,0,3600,,34000,0,30067,3933
3145,9401,42,136,03/16/2026,2,Shannon Thomas,9353,15,7,5,2,,1200,14,3,1,2,,,-800,,,-800
3145,9401,42,136,03/16/2026,3,Andrew Ford,9354,16,9,8,2,2400,5600,14,6,4,3,,-8000,1600,0,718,882
3147,9402,42,137,03/17/2026,1,Jamie Ding,9350,23,19,20,0,2400,14000,25,23,24,0,6000,,48800,1,2434,51234
3147,9402,42,137,03/17/2026,2,Carman Nareau,9359,8,3,1,2,,-600,7,2,2,0,,,600,0,599,1
3147,9402,42,137,03/17/2026,3,Aidan O'Connell,9360,20,6,5,1,,2600,17,5,4,2,,2500,4300,0,0,4300
3148,9403,42,138,03/18/2026,1,Jamie Ding,9350,27,15,14,2,-1000,7400,23,14,14,2,8200,-5200,23200,1,5601,28801
3148,9403,42,138,03/18/2026,2,Luke Minton,9362,26,13,13,0,,7200,21,11,9,2,,,14400,0,14400,0
3148,9403,42,138,03/18/2026,3,Kamilah Tisdale,9363,20,2,1,1,,200,16,4,4,0,,,5000,0,4999,1
3149,9404,42,139,03/19/2026,1,Jamie Ding,9350,23,9,8,1,,4000,16,12,12,1,,4400,20800,1,4401,25201
3149,9404,42,139,03/19/2026,2,Jason Snell,9365,18,10,9,1,,3600,8,6,6,0,,,10000,0,6400,3600
3149,9404,42,139,03/19/2026,3,Jordan Haynie Ware,9366,13,7,8,0,1000,5400,7,4,4,1,4000,,12600,0,8401,4199
3150,9405,42,140,03/20/2026,1,Jamie Ding,9350,16,9,9,0,,5400,25,13,13,1,,3600,19400,1,11001,30401
3150,9405,42,140,03/20/2026,2,Sinecio Morales,9368,20,8,4,4,,-200,18,11,9,2,,,10200,0,10200,0
3150,9405,42,140,03/20/2026,3,David Ley,9369,19,13,11,3,3400,7000,13,8,6,3,3800,,15200,1,6800,22000
3152,9407,42,141,03/23/2026,1,Jamie Ding,9350,25,11,12,0,4200,11600,20,12,13,0,4200,,28200,1,4800,33000
3152,9407,42,141,03/23/2026,2,Max Genecov,9374,25,12,12,0,,7200,19,12,10,3,,-7000,9800,1,6000,15800
3152,9407,42,141,03/23/2026,3,Erin Howard,9375,20,5,5,0,,1800,6,3,2,1,,,1400,1,1000,2400
3153,9408,42,142,03/24/2026,1,Jamie Ding,9350,22,17,17,0,,10800,21,18,19,1,-6000,3000,27000,1,0,27000
3153,9408,42,142,03/24/2026,2,Abigail Marcolini,9377,11,4,2,2,,-200,12,1,1,0,,,1000,0,999,1
3153,9408,42,142,03/24/2026,3,Pranit Nanda,9378,18,8,8,1,2000,6200,14,5,5,0,,,13000,1,3000,16000
3154,9409,42,143,03/25/2026,1,Jamie Ding,9350,24,15,15,1,-1000,8000,20,14,13,2,,5200,25200,0,1601,23599
3154,9409,42,143,03/25/2026,2,Thayer Warne,9380,18,7,5,2,,2400,13,8,9,0,3000,,13400,0,13400,0
3154,9409,42,143,03/25/2026,3,Tallulah Pollard,9381,24,9,8,1,,2400,21,6,5,1,,,7200,0,7200,0
3155,9410,42,144,03/26/2026,1,Jamie Ding,9350,25,19,19,1,4400,14400,22,15,13,2,,,26000,1,1008,27008
3155,9410,42,144,03/26/2026,2,Donna Vaughan Singer,9383,9,4,4,0,,1400,5,3,2,1,,,3800,1,3798,7598
3155,9410,42,144,03/26/2026,3,Jeff Bienstock,9384,18,6,5,1,,3400,19,12,9,5,1200,-3400,4400,0,4395,5
3156,9411,42,145,03/27/2026,1,Jamie Ding,9350,18,13,12,2,1000,4600,22,16,16,2,2800,-4400,19800,0,790,19010
3156,9411,42,145,03/27/2026,2,Brent Wilson,9386,21,12,9,3,,3800,12,5,4,1,,,9400,0,257,9143
3156,9411,42,145,03/27/2026,3,Tanya Iyer,9387,8,1,1,0,,600,9,6,5,1,,,6200,0,6200,0
3159,9413,42,146,03/30/2026,1,Jamie Ding,9350,19,15,14,1,,6200,23,16,17,1,2600,500,24900,0,2280,22620
3159,9413,42,146,03/30/2026,2,Fr. Paul Baker,9395,18,8,7,2,-1000,3000,15,6,6,0,,,11000,0,1001,9999
3159,9413,42,146,03/30/2026,3,Barbara McIntyre,9396,17,7,6,1,,2000,17,4,4,0,,,6000,0,5730,270
3161,9414,42,147,03/31/2026,1,Jamie Ding,9350,28,15,14,1,,8800,18,16,16,1,,5400,29400,1,16160,45560
3161,9414,42,147,03/31/2026,2,Seth Politano,9401,14,8,7,1,,2000,8,4,3,2,1200,,4000,1,2601,6601
3161,9414,42,147,03/31/2026,3,Kimberly Ayers,9402,16,8,8,1,1600,5000,8,2,2,0,,,6600,1,1401,8001
3163,9415,42,148,04/01/2026,1,Jamie Ding,9350,26,22,23,0,1000,14600,19,18,20,0,7600,12400,55800,0,44200,11600
3163,9415,42,148,04/01/2026,2,Jessica Frankenfield,9407,12,3,1,2,,-800,15,7,6,1,,,5200,1,800,6000
3163,9415,42,148,04/01/2026,3,George Thomas,9408,17,6,4,2,,200,10,2,0,2,,,-1800,,,-1800
3164,9416,42,149,04/02/2026,1,Jamie Ding,9350,24,19,19,1,5000,15600,24,23,24,1,11600,-21200,31200,1,25200,56400
3164,9416,42,149,04/02/2026,2,Nikki Svetov,9410,8,3,1,2,,-800,6,1,1,0,,,400,0,0,400
3164,9416,42,149,04/02/2026,3,Brian Chu,9411,12,7,5,2,,400,11,3,2,1,,,2800,0,267,2533
3165,9417,42,150,04/03/2026,1,Jamie Ding,9350,24,18,18,1,5000,13400,20,13,14,0,3200,,29400,1,5001,34401
3165,9417,42,150,04/03/2026,2,Emmett Laurie,9413,14,4,3,1,,1000,15,7,7,1,,7000,17200,0,17200,0
3165,9417,42,150,04/03/2026,3,Robyn Horn,9414,20,8,6,2,,2200,18,8,6,2,,,5400,1,4600,10000
3166,9418,42,151,04/06/2026,1,Jamie Ding,9350,23,16,16,0,,10400,27,16,18,0,4800,9000,44200,0,12589,31611
3166,9418,42,151,04/06/2026,2,Mikey Hlebasko,9416,17,6,5,1,,2200,15,3,2,1,,,3000,0,2316,684
3166,9418,42,151,04/06/2026,3,Maggie Faucher,9417,18,9,7,3,-1000,600,22,12,10,2,,,7400,0,1400,6000
3167,9419,42,152,04/07/2026,1,Jamie Ding,9350,23,19,18,2,-1600,7600,20,18,19,1,-3200,3200,28000,1,8360,36360
3167,9419,42,152,04/07/2026,2,Divya Srijay,9419,8,2,2,0,,1000,5,1,0,1,,,-1000,,,-1000
3167,9419,42,152,04/07/2026,3,Kevin Iannone,9420,16,6,5,1,,2600,15,7,5,2,,,5000,0,5000,0
3168,9420,42,153,04/08/2026,1,Jamie Ding,9350,26,19,19,1,1000,10400,18,12,11,2,,-8000,14400,0,5199,9201
3168,9420,42,153,04/08/2026,2,Erica Wagner,9422,11,2,2,0,,1400,10,5,4,1,,,4600,0,4400,200
3168,9420,42,153,04/08/2026,3,Dominex Kovacs,9423,17,7,6,1,,3800,13,5,6,0,7400,,17600,0,11201,6399
3169,9421,42,154,04/09/2026,1,Jamie Ding,9350,20,13,12,2,4000,8800,24,19,18,2,,3800,32200,1,827,33027
3169,9421,42,154,04/09/2026,2,Alexandra Leith,9425,17,11,8,3,,800,10,4,5,0,2000,,6000,0,601,5399
3169,9421,42,154,04/09/2026,3,Prithish David,9426,16,7,6,1,,3400,15,3,3,0,,,6600,0,100,6500
3170,9422,42,155,04/10/2026,1,Jamie Ding,9350,20,16,17,0,1800,13000,25,19,18,3,4400,-5000,26800,1,9600,36400
3170,9422,42,155,04/10/2026,2,Kathi Fitzgerald,9428,18,4,3,1,,1000,10,1,0,1,,,200,0,0,200
3170,9422,42,155,04/10/2026,3,Xaque Williams,9429,21,10,9,1,,3800,18,9,7,2,,,8200,1,7000,15200
3171,9423,42,156,04/13/2026,1,Jamie Ding,9350,22,16,16,1,1000,9000,27,19,19,1,4600,,34800,0,16200,18600
3171,9423,42,156,04/13/2026,2,Erik Bubolz,9431,19,9,7,2,,1200,17,10,8,3,,4000,7200,0,7199,1
3171,9423,42,156,04/13/2026,3,Catherine Hoffman,9432,15,5,4,1,,1600,12,2,2,0,,,4400,1,4000,8400
3172,9424,42,157,04/14/2026,1,Jamie Ding,9350,23,13,12,2,2600,8400,21,14,13,3,-4600,2600,18400,0,2000,16400
3172,9424,42,157,04/14/2026,2,Iain Carpenter,9434,22,9,7,2,,2600,17,9,7,2,,,5400,0,5399,1
3172,9424,42,157,04/14/2026,3,Stephanie Rice-Hoffner,9435,21,9,8,1,,2400,14,5,1,4,,,-800,,,-800
3173,9425,42,158,04/15/2026,1,Jamie Ding,9350,24,17,17,1,-2600,5800,25,20,20,2,-4800,2600,22400,1,600,23000
3173,9425,42,158,04/15/2026,2,Kim Elliott,9437,17,4,3,1,,2200,17,4,3,1,,,4600,1,4599,9199
3173,9425,42,158,04/15/2026,3,Bill Page,9438,19,7,5,2,,1400,18,4,4,0,,,6600,1,2601,9201
3174,9426,42,159,04/16/2026,1,Jamie Ding,9350,24,15,15,1,3800,10800,21,14,15,1,7200,-7600,27600,1,7400,35000
3174,9426,42,159,04/16/2026,2,Andrew Younger,9440,20,8,7,1,,4200,20,9,7,2,,,6200,1,1401,7601
3174,9426,42,159,04/16/2026,3,Erin Adams,9441,16,5,4,1,,2600,10,4,3,1,,,3800,1,3799,7599
3175,9427,42,160,04/17/2026,1,Jamie Ding,9350,17,13,12,1,,6400,23,11,12,0,,2600,23800,1,6200,30000
3175,9427,42,160,04/17/2026,2,Tini Howard,9443,13,7,6,1,,1600,18,5,4,1,,,2800,1,2699,5499
3175,9427,42,160,04/17/2026,3,Taotao Zhang,9444,19,7,6,2,3200,6000,24,12,11,2,-7600,,8400,1,2622,11022
3177,9429,42,161,04/20/2026,1,Jamie Ding,9350,27,20,21,0,2400,14200,22,15,15,2,5200,-13000,24000,0,3000,21000
3177,9429,42,161,04/20/2026,2,Caleb Phillips,9446,17,7,7,0,,3600,14,11,10,1,,,10000,0,0,10000
3177,9429,42,161,04/20/2026,3,Caroline Coughlin,9447,19,3,1,2,,-1400,16,2,2,0,,,1800,0,1800,0
3178,9430,42,162,04/21/2026,1,Jamie Ding,9350,23,13,14,0,3200,10800,19,8,8,0,,,17600,1,4001,21601
3178,9430,42,162,04/21/2026,2,Lydia Sekscenski,9449,24,13,9,4,,3000,20,12,8,6,-3400,-2000,400,1,0,400
3178,9430,42,162,04/21/2026,3,Max Ernst,9450,15,8,6,2,,3200,11,6,6,0,,,10800,1,9000,19800
3179,9431,42,163,04/22/2026,1,Jamie Ding,9350,22,15,16,0,1400,9800,20,15,12,3,,,20200,0,1199,19001
3179,9431,42,163,04/22/2026,2,Suzanne Perla Blank,9452,15,3,3,0,,1400,11,7,6,3,2000,-4900,100,0,100,0
3179,9431,42,163,04/22/2026,3,Ruey Yen,9453,21,9,8,1,,4400,12,3,3,0,,,7600,0,2400,5200
3182,9432,42,164,04/23/2026,1,Jamie Ding,9350,17,11,12,0,1000,7600,17,8,9,0,,13200,30800,1,25201,56001
3182,9432,42,164,04/23/2026,2,Leighanna Mixter,9461,12,7,5,2,,200,10,6,6,0,,,5400,1,5000,10400
3182,9432,42,164,04/23/2026,3,Patrick Nolan,9462,17,10,9,1,,6400,18,9,10,0,11600,,28000,0,10000,18000
3183,9433,42,165,04/24/2026,1,Jamie Ding,9350,20,12,13,0,1800,9000,25,14,15,0,3400,,33200,0,198,33002
3183,9433,42,165,04/24/2026,2,Zach Pollock,9464,13,5,5,0,,2600,15,8,7,1,,,6600,1,1000,7600
3183,9433,42,165,04/24/2026,3,Nicco Martinez,9465,17,8,7,1,,2400,12,7,5,3,,-3200,400,0,0,400
3184,9434,42,166,04/27/2026,1,Jamie Ding,9350,19,7,7,0,,4400,22,14,11,3,,,16000,1,3010,19010
3184,9434,42,166,04/27/2026,2,Katrina Puckett,9467,16,8,6,2,,2200,16,4,3,1,,,3000,1,1990,4990
3184,9434,42,166,04/27/2026,3,Greg Shahade,9468,19,12,10,3,2200,5600,22,13,13,2,7600,7000,32600,1,400,33000
3185,9435,42,167,04/28/2026,1,Greg Shahade,9468,22,12,12,1,2200,7800,17,8,8,2,-6000,4200,12400,1,9201,21601
3185,9435,42,167,04/28/2026,2,Alice Jiang,9470,14,6,5,1,,2800,13,6,5,1,,,6000,1,3200,9200
3185,9435,42,167,04/28/2026,3,Chris Argento,9471,20,11,9,2,,3600,15,8,8,0,,,10800,1,1601,12401
3186,9436,42,168,04/29/2026,1,Greg Shahade,9468,24,17,15,3,4400,11800,22,18,14,6,5000,-6000,16000,1,4001,20001
3186,9436,42,168,04/29/2026,2,Ian Samson,9473,16,7,6,1,,2400,13,8,7,1,,,10000,0,10000,0
3186,9436,42,168,04/29/2026,3,Beth Orlansky,9474,12,4,3,1,,1000,11,3,3,0,,,4200,1,33,4233
3187,9437,42,169,04/30/2026,1,Greg Shahade,9468,23,17,16,1,,10000,20,12,8,4,,,13200,0,10000,3200
3187,9437,42,169,04/30/2026,2,Derek Kaufman,9476,19,4,3,1,,1000,16,3,2,1,,,1400,0,1300,100
3187,9437,42,169,04/30/2026,3,Kate Brody,9477,20,11,10,2,2600,5400,19,13,13,2,5000,-1200,22000,0,4401,17599
3188,9438,42,170,05/01/2026,1,Kate Brody,9477,15,9,9,0,,4400,9,5,5,1,,-6000,2800,0,2800,0
3188,9438,42,170,05/01/2026,2,Harsha Hebbale,9479,12,6,6,0,,2800,9,7,6,1,,,6000,1,381,6381
3188,9438,42,170,05/01/2026,3,Stephanie Perkins,9480,22,12,12,1,2000,8800,15,10,10,1,-4000,,18800,0,2200,16600
3190,9440,42,171,05/04/2026,1,Stephanie Perkins,9480,21,10,10,1,1000,4600,22,10,8,2,,,12600,1,6000,18600
3190,9440,42,171,05/04/2026,2,Matt Davis,9482,22,11,10,1,,6400,18,12,12,0,,,15600,0,15600,0
3190,9440,42,171,05/04/2026,3,Madeline Kaplan,9483,17,7,6,1,,3200,14,4,5,1,4800,7000,18200,1,13500,31700
3191,9441,42,172,05/05/2026,1,Madeline Kaplan,9483,21,11,11,1,4000,10200,21,12,11,1,,,18600,0,3000,15600
3191,9441,42,172,05/05/2026,2,Jeremy Roberts,9485,19,9,8,1,,3600,16,5,4,1,,,7200,1,2800,10000
3191,9441,42,172,05/05/2026,3,Shannon Crisenbery,9486,19,8,7,1,,3400,19,11,11,2,4000,5000,19200,1,19200,38400
3192,9442,42,173,05/06/2026,1,Shannon Crisenbery,9486,7,5,5,0,,2600,14,7,7,0,,,7400,1,7400,14800
3192,9442,42,173,05/06/2026,2,Tristan Williams,9488,22,17,15,3,-4000,3400,19,14,15,1,4000,-5000,20400,0,400,20000
3192,9442,42,173,05/06/2026,3,Lauren Black,9489,13,4,2,2,,-800,15,4,2,2,,,-800,,,-800
3193,9443,42,174,05/07/2026,1,Tristan Williams,9488,14,10,10,1,3000,6200,20,10,8,3,,-5000,9200,1,9200,18400
3193,9443,42,174,05/07/2026,2,Helen Yoas,9491,17,7,5,2,,2200,16,8,8,0,,,12600,0,5861,6739
3193,9443,42,174,05/07/2026,3,Robert Yan,9492,20,11,9,2,,3400,21,11,10,2,-3000,,9200,1,3402,12602
3194,9444,42,175,05/08/2026,1,Tristan Williams,9488,22,17,16,2,1800,8000,18,12,13,1,6000,2000,26400,0,3601,22799
3194,9444,42,175,05/08/2026,2,Natalie Oyler-Lusco,9494,18,5,4,1,,2000,13,5,3,2,,,3200,0,3199,1
3194,9444,42,175,05/08/2026,3,Bill Bogan,9495,15,6,6,0,,4200,14,6,6,0,,,10200,1,3600,13800
3196,9446,42,176,05/11/2026,1,Tristan Williams,9488,20,10,11,0,2500,9100,16,11,9,2,,,19100,0,4100,15000
3196,9446,42,176,05/11/2026,2,Steve Greene,9497,15,9,9,0,,4000,12,7,6,2,-3000,,5400,0,3000,2400
3196,9446,42,176,05/11/2026,3,Jessica Doverspike,9498,10,4,4,0,,1800,7,5,4,2,,-3800,400,0,400,0
3197,9447,42,177,05/12/2026,1,Tristan Williams,9488,21,13,13,0,,8600,23,15,14,2,,1500,23700,1,3600,27300
3197,9447,42,177,05/12/2026,2,Laurel Gilmer,9500,16,9,7,3,1200,2400,10,7,6,2,-3000,,4600,0,4600,0
3197,9447,42,177,05/12/2026,3,Will Thornton,9501,20,8,7,1,,2800,16,7,6,1,,,9200,0,0,9200
3198,9449,42,178,05/13/2026,1,Tristan Williams,9488,23,17,17,1,4400,14600,15,11,10,3,-4400,-2000,20200,0,10000,10200
3198,9449,42,178,05/13/2026,2,Bridget Palmer,9503,14,5,5,0,,2000,12,9,6,3,,,4000,1,4000,8000
3198,9449,42,178,05/13/2026,3,Kyle Li,9504,16,6,5,1,,1000,12,6,3,3,,,-2200,,,-2200
3200,9451,42,179,05/14/2026,1,Tristan Williams,9488,19,8,8,1,3000,7000,17,13,11,4,-5000,3000,12200,1,7001,19201
3200,9451,42,179,05/14/2026,2,Nishi Kantamneni,9506,8,5,5,0,,2000,3,2,2,0,,,4400,0,2700,1700
3200,9451,42,179,05/14/2026,3,Anne Benjaminson,9507,21,13,11,2,,5600,16,11,7,4,,,9600,0,9600,0
3208,9453,42,180,05/15/2026,1,Tristan Williams,9488,18,11,11,1,-3000,3200,19,14,13,2,,4500,18900,1,6701,25601
3208,9453,42,180,05/15/2026,2,Chayce Griffith,9530,15,6,5,1,,3000,21,11,10,2,3000,,12800,0,8000,4800
3208,9453,42,180,05/15/2026,3,Valerie Fulton,9531,14,10,7,3,,1400,13,4,2,2,,,600,0,599,1
3209,9455,42,181,05/18/2026,1,Tristan Williams,9488,24,11,12,0,2000,8800,17,10,9,2,6000,,22400,1,7600,30000
3209,9455,42,181,05/18/2026,2,Amy Dewey,9533,10,3,3,0,,1600,11,6,5,1,,,4400,1,0,4400
3209,9455,42,181,05/18/2026,3,Thomas Trovato,9534,23,14,13,1,,6000,11,6,5,2,,-7200,1200,1,17,1217
3210,9456,42,182,05/19/2026,1,Tristan Williams,9488,22,12,11,1,,6400,20,13,12,1,,,21200,1,12201,33401
3210,9456,42,182,05/19/2026,2,Rose Sloan,9536,19,14,13,2,3500,9900,17,8,7,1,,,16700,0,4501,12199
3210,9456,42,182,05/19/2026,3,Sunil Hebbar,9537,15,8,4,4,,-1000,13,4,5,1,2000,-2600,800,0,799,1
3211,9457,42,183,05/20/2026,1,Tristan Williams,9488,25,11,10,2,-1600,4400,19,13,10,4,-3500,,9700,0,3101,6599
3211,9457,42,183,05/20/2026,2,Allegra Rosenberg,9539,17,7,6,1,,2000,19,7,6,2,,-5000,1400,0,1101,299
3211,9457,42,183,05/20/2026,3,Chris D'Angelo,9540,26,13,13,0,,8000,23,10,7,3,,,12800,1,6601,19401
3213,9458,42,184,05/21/2026,1,Chris D'Angelo,9540,25,17,17,1,-3200,8000,21,18,15,5,2200,-4000,14600,0,5401,9199
3213,9458,42,184,05/21/2026,2,Sidney Elie-Pierre,9545,7,5,1,4,,-800,3,2,1,1,,,-1200,,,-1200
3213,9458,42,184,05/21/2026,3,Liz Guinn,9546,15,8,8,0,,3400,13,8,7,1,,,11000,0,3700,7300
3214,9459,42,185,05/22/2026,1,Chris D'Angelo,9540,26,16,14,2,,7200,18,17,15,2,,,20400,1,4600,25000
3214,9459,42,185,05/22/2026,2,Mary Morris,9548,16,5,4,1,,2200,10,4,2,2,,,1800,0,1399,401
3214,9459,42,185,05/22/2026,3,Jeff Weyhmiller,9549,18,10,9,2,-3800,1800,15,6,6,2,-5000,2000,3200,0,500,2700
3215,9460,42,186,05/25/2026,1,Chris D'Angelo,9540,25,20,19,2,1000,8600,22,10,10,2,4400,3800,25200,1,4800,30000
3215,9460,42,186,05/25/2026,2,Veronica Matthews,9551,12,5,3,2,,800,13,7,6,1,,,4000,0,731,3269
3215,9460,42,186,05/25/2026,3,Jack Kelly,9552,11,5,4,1,,1400,17,8,7,1,,,7000,1,1001,8001
3216,9461,42,187,05/26/2026,1,Chris D'Angelo,9540,24,16,14,3,4600,10800,18,12,11,1,,,19200,0,5800,13400
3216,9461,42,187,05/26/2026,2,Chenfei Lu,9554,12,11,10,1,,4800,12,6,5,2,,-2500,5100,1,67,5167
3216,9461,42,187,05/26/2026,3,Rebecca Joseph,9555,11,1,1,0,,400,12,5,4,2,-1000,,2200,1,2100,4300
3217,9462,42,188,05/27/2026,1,Chris D'Angelo,9540,20,13,11,2,,5800,27,15,13,2,,,19800,1,7401,27201
3217,9462,42,188,05/27/2026,2,Rachel Hoke,9557,19,9,7,2,,1800,10,3,3,0,,,4200,0,2200,2000
3217,9462,42,188,05/27/2026,3,J.R. Scott,9558,14,8,7,2,-1000,2400,20,13,12,3,2800,2000,13600,0,13599,1
3218,9463,42,189,05/28/2026,1,Chris D'Angelo,9540,26,15,14,2,5000,11800,21,16,18,0,2200,1600,34000,1,16000,50000
3218,9463,42,189,05/28/2026,2,Ariel Epstein,9560,20,13,10,3,,3600,15,4,3,1,,,7200,1,3201,10401
3218,9463,42,189,05/28/2026,3,Ken Bloom,9561,22,6,5,1,,1600,13,5,5,0,,,5200,1,5000,10200
3219,9464,42,190,05/29/2026,1,Chris D'Angelo,9540,28,24,23,2,1000,11000,18,11,10,3,4000,-4800,16200,1,3800,20000
3219,9464,42,190,05/29/2026,2,Lili Driggs,9563,22,4,2,2,,400,12,8,7,1,,,4400,1,2000,6400
3219,9464,42,190,05/29/2026,3,Matt Patrick,9564,18,5,2,3,,-600,11,4,4,0,,,5800,0,3005,2795
3220,9465,42,191,06/01/2026,1,Chris D'Angelo,9540,27,10,7,3,,600,23,11,11,2,5400,-3600,11200,0,11200,0
3220,9465,42,191,06/01/2026,2,Peter McFerrin,9566,24,13,12,2,2100,8300,21,12,10,2,,,20700,0,1701,18999
3220,9465,42,191,06/01/2026,3,Camryn Bell,9567,16,9,9,0,,5000,7,5,5,0,,,10200,0,10200,0
3221,9466,42,192,06/02/2026,1,Peter McFerrin,9566,19,10,10,1,1000,6200,20,15,15,2,3000,6000,32400,1,16799,49199
3221,9466,42,192,06/02/2026,2,Savannah Madeira,9569,16,8,8,0,,3800,14,6,5,1,,,7800,0,3001,4799
3221,9466,42,192,06/02/2026,3,Alex Reyes,9570,23,9,8,1,,4200,15,8,5,3,,,5400,1,5400,10800
3222,9467,42,193,06/03/2026,1,Peter McFerrin,9566,26,7,5,2,,1200,18,9,10,1,1600,2000,16000,0,10001,5999
3222,9467,42,193,06/03/2026,2,Gil Hamel,9572,24,14,11,3,,3800,19,13,11,2,,,13000,0,13000,0
3222,9467,42,193,06/03/2026,3,Gabriel Berkowitz,9573,21,10,10,1,-1200,4800,14,6,5,1,,,8800,0,7201,1599
3223,9468,42,194,06/04/2026,1,Peter McFerrin,9566,21,13,11,2,,4600,22,11,10,2,-3600,,11400,1,11400,22800
3223,9468,42,194,06/04/2026,2,Webster Guan,9575,14,12,9,4,-1000,1200,19,6,7,0,,4800,13600,0,4400,9200
3223,9468,42,194,06/04/2026,3,Susan Moskop,9576,18,5,3,2,,0,19,9,8,1,,,7200,0,6401,799
3224,9469,42,195,06/05/2026,1,Peter McFerrin,9566,19,15,14,1,,7800,23,11,11,0,,,23000,0,3799,19201
3224,9469,42,195,06/05/2026,2,Jackie Goncalves,9578,11,7,6,1,,2800,12,6,6,0,,,9600,0,600,9000
3224,9469,42,195,06/05/2026,3,Seth McElroy,9579,14,9,7,3,-2400,400,14,9,9,2,-2000,-2000,4400,0,47,4353
3225,9470,42,196,06/08/2026,1,Peter McFerrin,9566,26,14,15,0,2400,11200,20,14,13,1,,,24800,1,6401,31201
3225,9470,42,196,06/08/2026,2,Alejandro Sobalvarro,9581,20,11,10,1,,4600,10,4,6,0,4000,2600,15600,0,15599,1
3225,9470,42,196,06/08/2026,3,Kaylea Bowers,9582,13,3,3,0,,1600,15,8,6,2,,,4000,0,3999,1
3226,9471,42,197,06/09/2026,1,Peter McFerrin,9566,19,12,10,3,-1600,2400,18,14,14,2,1600,-5400,11400,0,9401,1999
3226,9471,42,197,06/09/2026,2,Wilson Li,9584,18,10,9,1,,5200,17,7,6,1,,,10400,0,8599,1801
3226,9471,42,197,06/09/2026,3,Dan Laine,9585,13,5,3,2,,600,14,6,4,2,,,2200,0,7,2193
3227,9472,42,198,06/10/2026,1,Dan Laine,9585,18,9,5,4,,400,12,7,6,2,,2000,3600,0,807,2793
3227,9472,42,198,06/10/2026,2,AJ Maroney,9587,18,8,9,0,1000,5200,14,8,5,4,-2000,,4400,0,2801,1599
3227,9472,42,198,06/10/2026,3,Katelyn Mueller-McLean,9588,15,11,8,3,,2200,10,8,6,2,,,3400,0,0,3400
3228,9473,42,199,06/11/2026,1,Katelyn Mueller-McLean,9588,18,14,11,4,-2000,400,11,7,7,2,-2000,-1000,4600,0,0,4600
3228,9473,42,199,06/11/2026,2,Danya Granado,9590,11,7,4,3,,600,8,6,4,2,,,2200,0,2100,100
3228,9473,42,199,06/11/2026,3,Matt Wheeler,9591,12,6,5,1,,2200,14,8,8,0,,,11400,1,2100,13500
3229,9474,42,200,06/12/2026,1,Matt Wheeler,9591,14,4,5,0,1000,2600,10,3,2,1,,,5000,0,4599,401
3229,9474,42,200,06/12/2026,2,Erin Schor,9593,14,8,7,1,,4200,13,9,7,3,,-3000,4800,0,4000,800
3229,9474,42,200,06/12/2026,3,Adam Remsen,9594,21,15,14,1,,7000,18,13,13,1,4000,,25000,0,5000,20000
3230,9475,42,201,06/15/2026,1,Adam Remsen,9594,22,15,14,1,,7400,17,9,8,1,,,14600,1,1201,15801
3230,9475,42,201,06/15/2026,2,Sue Barndt,9596,15,4,3,1,,1000,13,5,3,3,-2000,,-1000,,,-1000
3230,9475,42,201,06/15/2026,3,Benjy Malings,9597,16,9,7,3,-1400,1600,17,13,11,3,,-2500,7900,0,7600,300
3231,9476,42,202,06/16/2026,1,Adam Remsen,9594,23,14,14,0,,8000,21,15,16,0,,4000,28400,0,6600,21800
3231,9476,42,202,06/16/2026,2,Nabil Rahman,9599,22,7,7,1,-2200,1600,22,8,5,4,-2800,,1600,1,25,1625
3231,9476,42,202,06/16/2026,3,Sarah McCleskey,9600,17,6,6,0,,3600,17,5,4,1,,,6000,0,2700,3300
3232,9477,42,203,06/17/2026,1,Adam Remsen,9594,23,14,13,2,-1000,6200,20,18,17,3,-2000,-1000,20000,0,5000,15000
3232,9477,42,203,06/17/2026,2,Matt Fink,9602,19,8,4,4,,400,18,4,2,2,,,400,1,400,800
3232,9477,42,203,06/17/2026,3,Carolyn Bavington,9603,14,11,10,1,,4200,14,7,5,2,,,5000,1,0,5000
3233,9478,42,204,06/18/2026,1,Adam Remsen,9594,25,14,12,2,,6000,21,11,13,0,3000,2000,26200,1,800,27000
3233,9478,42,204,06/18/2026,2,Nora Inman,9605,18,7,6,1,,2600,13,4,4,0,,,7400,0,4600,2800
3233,9478,42,204,06/18/2026,3,Tyler Stevenson,9606,22,11,9,3,-1600,2400,21,13,11,2,,,12000,0,2801,9199
3234,9479,42,205,06/19/2026,1,Adam Remsen,9594,23,15,15,1,3600,11200,18,9,10,0,,5000,25000,0,99,24901
3234,9479,42,205,06/19/2026,2,Jacob Ross-Ewart,9608,16,7,5,2,,600,13,7,8,0,2000,,11800,1,7801,19601
3234,9479,42,205,06/19/2026,3,Deidre Purcell,9609,17,6,6,0,,4200,10,6,6,0,,,9800,0,4000,5800
3235,9480,42,206,06/22/2026,1,Adam Remsen,9594,23,15,16,0,1000,10600,20,13,12,1,,,20600,1,4201,24801
3235,9480,42,206,06/22/2026,2,Kyla Wall-Polin,9611,17,7,7,0,,3000,5,2,2,0,,,5400,0,2900,2500
3235,9480,42,206,06/22/2026,3,Carlos Cea,9612,18,5,5,0,,3200,12,8,9,1,4000,-4000,12400,0,8201,4199
3236,9481,42,207,06/23/2026,1,Adam Remsen,9594,26,12,11,2,3200,7000,22,13,11,2,,,18200,1,901,19101
3236,9481,42,207,06/23/2026,2,Sarah Michel,9614,18,8,6,2,,3000,14,7,6,3,-3000,2000,4000,1,3284,7284
3236,9481,42,207,06/23/2026,3,Joey Tebben,9615,23,12,10,2,,3800,14,9,7,2,,,8200,1,199,8399
3237,9482,42,208,06/24/2026,1,Adam Remsen,9594,25,18,17,1,,11200,19,15,13,3,,3000,23000,1,1401,24401
3237,9482,42,208,06/24/2026,2,Maria Sebastian,9617,13,8,5,3,,600,8,3,1,2,,,-2200,,,-2200
3237,9482,42,208,06/24/2026,3,Wayne Kobylinski,9618,19,5,6,0,1200,3800,17,8,7,2,4000,,12200,0,12200,0
3238,9483,42,209,06/25/2026,1,Adam Remsen,9594,23,11,11,1,1000,7000,19,9,7,3,10600,,20800,1,15201,36001
3238,9483,42,209,06/25/2026,2,Kate Raven,9620,17,9,9,0,,4800,18,7,7,0,,,13600,0,13600,0
3238,9483,42,209,06/25/2026,3,Derek Lombardi,9621,18,9,8,1,,4200,15,9,9,1,,7400,18000,0,7500,10500
3239,9484,42,210,06/26/2026,1,Adam Remsen,9594,20,13,13,1,1000,8000,22,17,19,0,4000,8000,38000,1,12000,50000
3239,9484,42,210,06/26/2026,2,Kristin Warner,9623,19,8,7,1,,3400,20,8,6,2,,,8200,1,6200,14400
3239,9484,42,210,06/26/2026,3,Clay Stallworth,9624,16,9,7,2,,2800,19,4,4,0,,,9200,1,7201,16401
3240,9485,42,211,06/29/2026,1,Adam Remsen,9594,27,17,14,3,,5200,22,17,16,3,5000,-5,27395,1,214,27609
3240,9485,42,211,06/29/2026,2,Jeff Price,9626,17,8,6,2,,2600,14,7,5,2,,,3400,1,1600,5000
3240,9485,42,211,06/29/2026,3,Sarah Streicher,9627,16,8,8,1,1000,4600,14,4,3,1,,,8600,0,1000,7600
3241,9486,42,212,06/30/2026,1,Adam Remsen,9594,25,15,14,1,,7800,20,10,10,1,5000,,20800,0,8001,12799
3241,9486,42,212,06/30/2026,2,Richard Nguyen,9629,21,11,10,2,3000,7000,19,11,10,2,,-5000,14400,1,6401,20801
3241,9486,42,212,06/30/2026,3,Mandy Moreno,9630,25,6,4,2,,1800,22,8,6,2,,,5000,0,0,5000
3242,9487,42,213,07/01/2026,1,Richard Nguyen,9629,19,16,14,3,3000,8400,19,14,12,2,,,18000,0,2000,16000
3242,9487,42,213,07/01/2026,2,Robyn Masella,9632,19,10,6,4,,-600,18,6,5,3,-2000,-2000,-1400,,,-1400
3242,9487,42,213,07/01/2026,3,Ben Crockett,9633,12,7,5,2,,2200,10,5,4,1,,,3800,1,2200,6000
3243,9488,42,214,07/02/2026,1,Richard Nguyen,9629,15,3,3,0,,2200,20,8,9,0,,5000,17200,0,7201,9999
3243,9488,42,214,07/02/2026,2,Caleb Groen,9635,21,14,14,1,1600,7600,19,13,12,2,7000,,23800,0,10601,13199
3243,9488,42,214,07/02/2026,3,Andy Briseño,9636,24,13,11,2,,5000,22,8,7,1,,,12200,0,5001,7199
3244,9489,42,215,07/03/2026,1,Caleb Groen,9635,22,9,8,1,,5800,18,7,9,0,4000,5000,24000,0,6000,18000
3244,9489,42,215,07/03/2026,2,Derek Vance,9638,18,9,10,0,2200,7200,15,6,4,2,,,7600,0,6201,1399
3244,9489,42,215,07/03/2026,3,Amber Born,9639,20,11,11,0,,5000,21,16,13,3,,,13800,0,13799,1
3245,9490,42,216,07/06/2026,1,Caleb Groen,9635,23,14,14,0,,8600,22,17,18,1,5000,8000,38800,0,20000,18800
3245,9490,42,216,07/06/2026,2,Owen Harrington,9641,21,12,10,3,-1000,2600,15,8,5,3,,,1400,0,2,1398
3245,9490,42,216,07/06/2026,3,Lee Ann McGuire Whitlock,9642,18,5,3,2,,0,12,2,0,2,,,-2400,,,-2400
3246,9491,42,217,07/07/2026,1,Caleb Groen,9635,19,10,10,0,,6000,19,14,13,1,,,17600,1,3601,21201
3246,9491,42,217,07/07/2026,2,Michael Yates,9644,17,12,12,1,3600,8400,13,2,3,1,5000,-6000,10600,1,3400,14000
3246,9491,42,217,07/07/2026,3,Jessica Davis,9645,24,9,6,3,,1800,21,11,9,2,,,10600,1,8200,18800
3247,9492,42,218,07/08/2026,1,Caleb Groen,9635,24,14,14,1,1000,8000,23,11,12,1,6000,5000,31400,1,600,32000
3247,9492,42,218,07/08/2026,2,Taylor A'Latorre,9647,20,11,10,1,,5600,20,9,8,1,,,12800,1,6005,18805
3247,9492,42,218,07/08/2026,3,Molly Grove,9648,19,7,5,2,,600,11,8,8,0,,,9400,0,0,9400
3248,9493,42,219,07/09/2026,1,Caleb Groen,9635,21,16,14,2,,5600,22,16,18,0,5000,9000,39600,1,20400,60000
3248,9493,42,219,07/09/2026,2,Sarah Lynch,9650,19,6,2,4,,-400,12,4,3,1,,,-800,,,-800
3248,9493,42,219,07/09/2026,3,Anthony Kim,9651,20,12,8,5,-1000,800,19,7,6,1,,,5600,1,0,5600
3249,9494,42,220,07/10/2026,1,Caleb Groen,9635,19,12,11,1,,6600,18,15,15,2,7000,5000,27800,1,10000,37800
3249,9494,42,220,07/10/2026,2,Kristal LeMaistre,9653,23,15,11,5,1600,4000,17,8,4,4,,,800,0,0,800
3249,9494,42,220,07/10/2026,3,Chris Bergman,9654,9,3,2,1,,-400,11,4,4,0,,,2800,0,1199,1601
3250,9495,42,221,07/13/2026,1,Caleb Groen,9635,26,16,14,2,,8000,23,15,12,4,4500,,18500,1,1000,19500
3250,9495,42,221,07/13/2026,2,Molly Rakes,9656,17,7,6,1,,2400,15,8,6,2,,,8400,1,0,8400
3250,9495,42,221,07/13/2026,3,Mike Neighbors,9657,10,8,7,2,1000,3200,13,8,6,3,,-3000,3800,1,27,3827
3251,9496,42,222,07/14/2026,1,Caleb Groen,9635,22,19,16,4,-4400,3600,21,15,15,1,,3000,23000,0,3000,20000
3251,9496,42,222,07/14/2026,2,Patience Bruce,9659,16,8,6,2,,3000,14,6,6,0,,,9400,1,9400,18800
3251,9496,42,222,07/14/2026,3,Khalid Kurji,9660,21,4,2,2,,800,18,8,8,1,2000,,8400,0,8399,1
3252,9497,42,223,07/15/2026,1,Caleb Groen,9635,23,12,13,0,1000,8600,21,18,18,2,4000,5000,38000,1,22067,60067
3252,9497,42,223,07/15/2026,2,Marisa Rizzuti,9662,20,10,6,4,,-800,15,3,3,0,,,3200,0,1201,1999
3252,9497,42,223,07/15/2026,3,Armando Marin,9663,18,7,7,0,,4400,14,6,3,3,,,4400,1,2001,6401
3253,9498,42,224,07/16/2026,1,Caleb Groen,9635,22,17,17,1,3600,11000,20,17,16,2,,5400,30800,0,9200,21600
3253,9498,42,224,07/16/2026,2,Lea James,9665,20,7,4,3,,1600,7,3,2,2,-2200,,1000,1,900,1900
3253,9498,42,224,07/16/2026,3,Jonathan Migliori,9666,26,9,7,2,,2800,22,10,7,3,,,5200,1,5200,10400
3254,9499,42,225,07/17/2026,1,Caleb Groen,9635,23,19,18,2,-3000,6800,22,18,18,1,-3000,,24200,1,601,24801
3254,9499,42,225,07/17/2026,2,Andy Strange,9668,16,4,2,2,,400,19,7,7,1,,4000,12400,1,12000,24400
3254,9499,42,225,07/17/2026,3,Angharad Rebholz,9669,21,6,6,0,,2800,14,2,1,1,,,1600,1,600,2200
3255,9500,42,226,07/20/2026,1,Caleb Groen,9635,22,12,11,1,,5400,18,8,6,2,,,11400,0,3000,8400
3255,9500,42,226,07/20/2026,2,Tatiana Chichilla,9671,22,7,5,2,,1800,15,13,10,4,1500,,6900,0,6900,0
3255,9500,42,226,07/20/2026,3,Sam Ryan,9672,21,12,13,0,1400,9200,15,6,7,0,,6400,24000,0,1000,23000
3256,9501,42,227,07/21/2026,1,Sam Ryan,9672,22,9,8,1,,4200,17,8,6,2,,,8600,1,6201,14801
3256,9501,42,227,07/21/2026,2,Grace Biermann,9674,19,10,11,0,1400,7600,23,16,14,3,,10000,30000,1,2000,32000
3256,9501,42,227,07/21/2026,3,Joey Sisk,9675,15,9,8,1,,3000,7,3,4,0,2000,,7400,1,1300,8700
3257,9502,42,228,07/22/2026,1,Grace Biermann,9674,17,5,5,0,,2400,21,13,12,1,,,14400,0,14399,1
3257,9502,42,228,07/22/2026,2,Jennifer Canterbury,9677,14,5,3,2,,1200,9,1,1,0,,,2400,0,0,2400
3257,9502,42,228,07/22/2026,3,Dean Zach,9678,22,18,17,2,5200,13600,23,16,15,3,10000,2000,36000,0,0,36000
3258,9503,42,229,07/23/2026,1,Dean Zach,9678,20,9,7,2,,3200,17,2,4,0,6000,12000,24000,0,1601,22399
3258,9503,42,229,07/23/2026,2,Matthew Riggle,9680,20,11,11,1,1000,6600,22,17,16,1,,,24200,1,23801,48001
3258,9503,42,229,07/23/2026,3,Jacqueline Ziegler,9681,21,9,9,0,,5600,18,9,8,1,,,12800,0,12800,0
3259,9504,42,230,07/24/2026,1,Matthew Riggle,9680,20,6,4,2,,1400,24,14,15,1,2000,4600,21600,0,5201,16399
3259,9504,42,230,07/24/2026,2,Sophia Suazo,9683,18,7,6,1,,3400,16,6,5,1,,,7000,0,7000,0
3259,9504,42,230,07/24/2026,3,Devin Weinberg,9684,20,15,16,0,1600,9800,16,7,6,1,,,13400,0,10000,3400
1703,7910,M2023,1,05/08/2023,1,Amy Schneider,834,23,11,10,1,,7000,21,6,6,0,,,14200,1,14000,28200
1703,7910,M2023,1,05/08/2023,2,Matt Amodio,639,25,6,4,2,,1000,25,8,8,1,2000,,8200,1,6001,14201
1703,7910,M2023,1,05/08/2023,3,Andrew He,819,23,14,14,1,1400,7600,23,12,13,0,,7000,27800,1,601,28401
1704,7911,M2023,2,05/08/2023,1,James Holzhauer,2487,25,11,11,1,1000,6400,23,10,11,1,8000,16000,40800,0,9812,30988
1704,7911,M2023,2,05/08/2023,2,Mattea Roach,4281,17,4,4,0,,1600,16,10,9,1,,,9200,0,3001,6199
1704,7911,M2023,2,05/08/2023,3,Sam Buttrey,877,23,12,12,0,,6200,17,8,7,1,,,12200,1,6201,18401
1706,7916,M2023,3,05/09/2023,1,Sam Buttrey,877,22,12,10,2,,4000,12,7,8,0,,7200,17600,0,15201,2399
1706,7916,M2023,3,05/09/2023,2,Amy Schneider,834,22,5,6,0,2400,6000,19,8,7,1,,,11200,1,6500,17700
1706,7916,M2023,3,05/09/2023,3,Mattea Roach,4281,22,12,9,3,,2800,15,8,9,0,4400,,16400,1,6001,22401
1707,7917,M2023,4,05/09/2023,1,Andrew He,819,24,10,9,1,,5200,20,4,4,0,,,9600,0,0,9600
1707,7917,M2023,4,05/09/2023,2,James Holzhauer,2487,26,14,14,0,,7600,22,13,13,1,,10400,28400,0,28400,0
1707,7917,M2023,4,05/09/2023,3,Matt Amodio,639,25,6,7,0,2600,6800,24,10,9,2,13200,,28400,0,1000,27400
1709,7920,M2023,5,05/10/2023,1,James Holzhauer,2487,26,13,14,0,2800,10600,25,14,15,0,,19000,44800,0,119,44681
1709,7920,M2023,5,05/10/2023,2,Amy Schneider,834,23,7,6,1,,4000,18,6,5,1,,,8000,1,1121,9121
1709,7920,M2023,5,05/10/2023,3,Sam Buttrey,877,20,10,10,0,,5200,17,8,8,1,7000,,20600,0,0,20600
1712,7921,M2023,6,05/10/2023,1,Andrew He,819,25,11,11,0,,6400,25,7,6,1,,,15200,1,5500,20700
1712,7921,M2023,6,05/10/2023,2,Mattea Roach,4281,20,7,5,3,-1000,-400,22,13,13,2,4400,7000,19800,1,10601,30401
1712,7921,M2023,6,05/10/2023,3,Matt Amodio,639,22,12,10,2,,4400,23,10,8,2,,,9600,1,5601,15201
1713,7927,M2023,7,05/12/2023,1,Andrew He,819,21,7,8,0,4400,9400,23,12,12,1,,15400,37600,0,0,37600
1713,7927,M2023,7,05/12/2023,2,Sam Buttrey,877,20,13,12,1,,4800,15,5,5,0,,,8800,0,8800,0
1713,7927,M2023,7,05/12/2023,3,Amy Schneider,834,22,7,7,0,,4200,20,10,8,3,6600,,14800,0,5000,9800
1714,7928,M2023,8,05/12/2023,1,James Holzhauer,2487,24,13,13,0,,8200,26,14,12,3,9400,,24800,0,1122,23678
1714,7928,M2023,8,05/12/2023,2,Mattea Roach,4281,17,7,7,0,,4200,15,5,4,1,,,5800,1,158,5958
1714,7928,M2023,8,05/12/2023,3,Matt Amodio,639,22,7,7,1,1000,2800,25,11,7,5,,-9600,-2000,,,-2000
1716,7932,M2023,9,05/15/2023,1,Mattea Roach,4281,22,11,11,1,1000,6000,19,8,8,0,,,16400,0,2801,13599
1716,7932,M2023,9,05/15/2023,2,Matt Amodio,639,20,9,8,1,,3800,14,9,9,1,,11800,24800,0,8001,16799
1716,7932,M2023,9,05/15/2023,3,Amy Schneider,834,23,9,9,0,,5800,18,11,10,2,-5000,,9600,1,6801,16401
1717,7933,M2023,10,05/15/2023,1,James Holzhauer,2487,28,14,13,1,,7600,22,11,12,1,9200,5,24805,0,806,23999
1717,7933,M2023,10,05/15/2023,2,Andrew He,819,26,8,8,1,2000,6400,18,4,3,1,,,8800,1,0,8800
1717,7933,M2023,10,05/15/2023,3,Sam Buttrey,877,17,10,9,1,,2800,17,10,8,2,,,8800,0,8800,0
1720,7937,M2023,11,05/16/2023,1,Andrew He,819,25,12,11,2,1600,5200,25,16,15,3,-8000,-3600,13200,1,1900,15100
1720,7937,M2023,11,05/16/2023,2,Mattea Roach,4281,17,10,9,1,,6000,15,5,5,0,,,8400,1,2801,11201
1720,7937,M2023,11,05/16/2023,3,Sam Buttrey,877,16,7,5,2,,400,15,6,5,1,,,5600,0,2801,2799
1723,7938,M2023,12,05/16/2023,1,James Holzhauer,2487,25,18,18,1,1000,9800,25,17,17,0,,,30200,0,310,29890
1723,7938,M2023,12,05/16/2023,2,Matt Amodio,639,25,5,4,1,,1600,18,6,7,0,,3200,12800,0,7201,5599
1723,7938,M2023,12,05/16/2023,3,Amy Schneider,834,25,7,6,1,,3400,15,4,5,0,4200,,10000,1,3000,13000
1732,7942,M2023,13,05/17/2023,1,Mattea Roach,4281,22,8,8,0,,4000,17,9,7,2,,,10400,0,3601,6799
1732,7942,M2023,13,05/17/2023,2,Matt Amodio,639,23,11,12,0,3400,10400,23,12,13,1,5000,2000,31000,0,0,31000
1732,7942,M2023,13,05/17/2023,3,Sam Buttrey,877,18,8,7,1,,2200,17,8,7,1,,,7000,1,7000,14000
1733,7943,M2023,14,05/17/2023,1,James Holzhauer,2487,25,13,13,1,1000,6800,20,16,17,1,8000,25600,54000,0,32608,21392
1733,7943,M2023,14,05/17/2023,2,Andrew He,819,19,9,8,1,,3600,18,5,5,0,,,9600,0,0,9600
1733,7943,M2023,14,05/17/2023,3,Amy Schneider,834,18,3,3,0,,1800,15,2,2,0,,,3000,0,0,3000
1734,7944,M2023,15,05/22/2023,1,James Holzhauer,2487,21,13,10,3,,2800,17,11,13,0,2800,9600,26000,1,4401,30401
1734,7944,M2023,15,05/22/2023,2,Andrew He,819,21,9,9,1,1000,5600,22,9,9,0,,,15200,1,6800,22000
1734,7944,M2023,15,05/22/2023,3,Matt Amodio,639,22,7,7,0,,5000,18,5,3,2,,,8200,1,7001,15201
1754,7971,M2023,16,05/22/2023,1,James Holzhauer,2487,26,16,17,0,1800,11200,21,7,7,0,,,18800,1,5900,24700
1754,7971,M2023,16,05/22/2023,2,Andrew He,819,23,4,3,1,,1600,20,7,6,1,,,6400,1,6084,12484
1754,7971,M2023,16,05/22/2023,3,Mattea Roach,4281,22,7,7,0,,3800,16,12,13,1,4600,8000,26800,0,10801,15999
1755,7975,M2023,17,05/23/2023,1,James Holzhauer,2487,27,14,13,2,1000,6800,18,10,10,1,8400,,25200,0,908,24292
1755,7975,M2023,17,05/23/2023,2,Mattea Roach,4281,21,8,8,0,,4000,14,8,8,0,,,11200,0,314,10886
1755,7975,M2023,17,05/23/2023,3,Matt Amodio,639,23,10,7,3,,1600,16,8,7,2,,-6000,5200,0,5200,0
1756,7976,M2023,18,05/23/2023,1,Mattea Roach,4281,17,7,7,0,,2800,14,8,7,1,,,6400,0,601,5799
1756,7976,M2023,18,05/23/2023,2,Andrew He,819,21,9,9,1,4400,8800,16,10,7,3,,,16000,0,801,15199
1756,7976,M2023,18,05/23/2023,3,Matt Amodio,639,19,10,8,2,,4400,16,10,11,1,6000,13200,32800,0,0,32800
1757,7979,M2023,19,05/24/2023,1,James Holzhauer,2487,21,10,10,1,-1000,4600,19,10,10,1,8600,,22400,1,11914,34314
1757,7979,M2023,19,05/24/2023,2,Matt Amodio,639,21,9,9,0,,4400,16,6,5,1,,,6000,1,6000,12000
1757,7979,M2023,19,05/24/2023,3,Mattea Roach,4281,17,7,6,1,,3600,12,5,6,0,,7200,16800,1,8000,24800
1758,7980,M2023,20,05/24/2023,1,James Holzhauer,2487,22,12,12,1,-1000,5600,23,8,7,1,,,9600,0,119,9481
1758,7980,M2023,20,05/24/2023,2,Matt Amodio,639,19,5,4,1,,1800,18,9,8,2,,-4600,3200,0,0,3200
1758,7980,M2023,20,05/24/2023,3,Mattea Roach,4281,16,9,9,0,,4600,18,9,10,0,7400,,22800,0,5915,16885
2927,9184,M2025,1,04/30/2025,1,Victoria Groce,7912,25,12,11,1,,3800,19,9,9,1,5000,,14000,1,0,14000
2927,9184,M2025,1,04/30/2025,2,Yogesh Raut,4842,22,14,15,0,5800,15400,13,8,9,0,,5000,30800,0,0,30800
2927,9184,M2025,1,04/30/2025,3,Brad Rutter,8727,22,5,3,2,,1000,15,6,5,1,,,6200,0,4022,2178
2928,9185,M2025,2,04/30/2025,1,Matt Amodio,639,21,10,10,1,-1000,5000,15,8,7,1,,,10600,1,5401,16001
2928,9185,M2025,2,04/30/2025,2,Roger Craig,8546,21,8,8,0,,4400,21,12,8,6,4400,6000,15200,1,6001,21201
2928,9185,M2025,2,04/30/2025,3,Juveria Zaheer,5106,21,12,9,3,,2800,14,7,6,1,,,8000,1,8000,16000
2935,9193,M2025,3,05/07/2025,1,Neilesh Vinjamuri,8154,21,14,14,0,,8800,13,8,4,4,,,9200,0,5601,3599
2935,9193,M2025,3,05/07/2025,2,Isaac Hirsch,8117,21,10,11,0,3000,9200,18,11,9,3,,4000,20000,0,0,20000
2935,9193,M2025,3,05/07/2025,3,Adriana Harmeyer,8042,19,3,3,0,,1000,15,9,8,2,2000,,7400,0,3000,4400
2936,9194,M2025,4,05/07/2025,1,Yogesh Raut,4842,23,14,15,0,6500,14900,21,12,11,1,,,25700,0,10000,15700
2936,9194,M2025,4,05/07/2025,2,Isaac Hirsch,8117,19,9,5,4,,0,14,6,5,1,,,4400,0,1201,3199
2936,9194,M2025,4,05/07/2025,3,Roger Craig,8546,20,10,4,6,,-3600,12,7,7,2,2000,-1600,2800,1,2799,5599
2937,9197,M2025,5,05/14/2025,1,Victoria Groce,7912,22,16,14,3,4800,11400,20,13,12,2,,5000,27200,1,0,27200
2937,9197,M2025,5,05/14/2025,2,Matt Amodio,639,14,8,8,0,,4200,17,6,6,0,,,13000,1,601,13601
2937,9197,M2025,5,05/14/2025,3,Adriana Harmeyer,8042,13,4,4,0,,2200,14,7,7,1,2200,,6800,1,6500,13300
2940,9198,M2025,6,05/14/2025,1,Neilesh Vinjamuri,8154,10,5,3,2,,1600,12,5,4,1,,,4000,0,4000,0
2940,9198,M2025,6,05/14/2025,2,Juveria Zaheer,5106,22,10,9,2,2000,4400,17,12,14,0,7600,4000,26800,0,6000,20800
2940,9198,M2025,6,05/14/2025,3,Brad Rutter,8727,22,15,15,0,,9000,18,7,6,1,,,15800,0,11001,4799
2941,9203,M2025,7,05/20/2025,1,Yogesh Raut,4842,23,10,10,1,1800,6200,18,9,6,3,,,9000,1,4600,13600
2941,9203,M2025,7,05/20/2025,2,Victoria Groce,7912,26,11,11,0,,5800,18,11,10,2,,400,15800,1,2201,18001
2941,9203,M2025,7,05/20/2025,3,Roger Craig,8546,16,7,6,1,,3000,15,9,7,3,-2600,,5200,1,5199,10399
2951,9216,M2025,13,05/28/2025,1,Victoria Groce,7912,19,12,12,1,1000,7800,20,12,11,1,,,19400,1,601,20001
2951,9216,M2025,13,05/28/2025,2,Yogesh Raut,4842,20,11,11,0,,5400,18,9,9,1,,-5000,10000,1,2001,12001
2951,9216,M2025,13,05/28/2025,3,Juveria Zaheer,5106,21,4,4,0,,2600,15,5,4,2,2600,,6000,1,2000,8000
2952,9217,M2025,14,05/28/2025,1,Victoria Groce,7912,23,12,9,3,,4600,22,11,9,2,,,10200,1,8601,18801
2952,9217,M2025,14,05/28/2025,2,Yogesh Raut,4842,20,13,14,0,2400,9600,22,11,10,1,,,19600,0,801,18799
2952,9217,M2025,14,05/28/2025,3,Isaac Hirsch,8117,21,6,6,0,,3000,17,7,5,4,-2000,5800,8800,0,1402,7398
2962,9223,M2025,15,06/04/2025,1,Victoria Groce,7912,25,13,14,0,3200,12800,26,18,17,3,2000,1200,32400,0,2600,29800
2962,9223,M2025,15,06/04/2025,2,Isaac Hirsch,8117,18,7,6,1,,2000,13,2,1,1,,,1200,1,100,1300
2962,9223,M2025,15,06/04/2025,3,Juveria Zaheer,5106,18,9,8,1,,3400,14,8,7,1,,,7400,1,0,7400
2963,9224,M2025,16,06/04/2025,1,Yogesh Raut,4842,20,14,15,0,1000,9200,18,10,9,1,,,18800,1,2001,20801
2963,9224,M2025,16,06/04/2025,2,Juveria Zaheer,5106,19,9,7,2,,3600,12,7,8,1,1800,-1800,10400,1,0,10400
2963,9224,M2025,16,06/04/2025,3,Isaac Hirsch,8117,14,8,5,3,,0,16,7,5,2,,,3600,1,615,4215
3180,9225,M2025,17,06/04/2025,1,Victoria Groce,7912,23,11,10,2,1200,5400,23,13,13,2,-4000,7400,21200,0,6800,14400
3180,9225,M2025,17,06/04/2025,2,Yogesh Raut,4842,28,13,12,1,,6600,16,6,6,0,,,13000,0,13000,0
3180,9225,M2025,17,06/04/2025,3,Juveria Zaheer,5106,22,8,7,1,,2600,18,9,5,4,,,-1000,,,-1000
3181,9226,M2025,18,06/04/2025,1,Victoria Groce,7912,22,8,8,0,,4200,20,9,7,2,,,11000,1,11000,22000
3181,9226,M2025,18,06/04/2025,2,Yogesh Raut,4842,24,12,12,0,,7000,21,13,13,1,,16600,36000,1,5601,41601
3181,9226,M2025,18,06/04/2025,3,Juveria Zaheer,5106,22,9,9,1,1000,5200,13,6,6,1,10800,,20800,1,16000,36800
1349,7264,NCC2022,1,02/08/2022,1,Isaac Applebaum,4045,17,12,13,0,1600,8800,13,5,5,1,1800,,13800,1,2601,16401
1349,7264,NCC2022,1,02/08/2022,2,Gus Guszkowski,4046,17,9,9,0,,6400,22,11,10,2,,-2000,16800,0,10801,5999
1349,7264,NCC2022,1,02/08/2022,3,Catherine Zhang,4047,15,4,2,2,,0,18,9,8,1,,,5600,0,400,5200
1350,7266,NCC2022,2,02/08/2022,1,Ella Feiner,4048,21,10,8,3,1000,2400,18,12,9,3,,,5600,0,5600,0
1350,7266,NCC2022,2,02/08/2022,2,Jasmine Manansala,4049,16,10,9,1,,4600,8,2,2,0,,,6200,1,6199,12399
1350,7266,NCC2022,2,02/08/2022,3,Stephen Privat,4050,20,10,8,2,,4600,24,12,11,3,-2000,-1500,14300,0,0,14300
1351,7269,NCC2022,3,02/09/2022,1,Toussaint Pegues,4051,11,8,7,1,,2600,9,5,4,1,,,5000,0,4999,1
1351,7269,NCC2022,3,02/09/2022,2,Emmey Harris,4052,20,13,12,2,2000,7400,17,12,13,0,,2000,21000,0,0,21000
1351,7269,NCC2022,3,02/09/2022,3,Mehek Boparai,4053,10,5,5,0,,2200,12,6,4,3,-3000,,1200,0,1,1199
1352,7270,NCC2022,4,02/09/2022,1,Yejun Kim,4054,20,8,6,2,,2800,10,8,7,1,,,6000,1,0,6000
1352,7270,NCC2022,4,02/09/2022,2,Mitch Macek,4055,16,7,8,0,1000,4600,7,4,3,1,,,8600,0,8600,0
1352,7270,NCC2022,4,02/09/2022,3,Joey Kornman,4056,19,13,12,1,,5600,17,14,12,4,-3000,3000,16400,1,801,17201
1353,7272,NCC2022,5,02/10/2022,1,Pauline Bisaccio,4057,18,6,2,4,,-2600,15,11,10,2,,1000,5600,1,3001,8601
1353,7272,NCC2022,5,02/10/2022,2,Chance Persons,4058,14,10,9,1,,4200,16,7,6,2,-2000,,7400,0,7400,0
1353,7272,NCC2022,5,02/10/2022,3,Neha Seshadri,4059,19,13,10,4,1800,4200,14,6,5,1,,,8600,1,6201,14801
1354,7273,NCC2022,6,02/10/2022,1,Lauren Rodriguez,4060,22,17,16,2,-1500,7300,15,11,11,1,,-1000,20300,0,0,20300
1354,7273,NCC2022,6,02/10/2022,2,Matt Downing,4061,9,5,3,2,,1000,8,3,2,2,-1400,,-1200,,,-1200
1354,7273,NCC2022,6,02/10/2022,3,Elijah Odunade,4062,19,8,6,2,,1400,11,8,5,3,,,3800,1,0,3800
1355,7276,NCC2022,7,02/11/2022,1,Jess Agyepong,4063,23,16,16,1,-4800,4600,18,10,8,3,-3000,,8400,0,8400,0
1355,7276,NCC2022,7,02/11/2022,2,Liz Feltner,4064,15,5,5,0,,2400,13,6,6,0,,,8400,1,8400,16800
1355,7276,NCC2022,7,02/11/2022,3,Kaden Lee,4065,15,7,5,2,,1000,17,10,7,4,,-1600,3400,1,0,3400
1356,7277,NCC2022,8,02/11/2022,1,Jaskaran Singh,4066,25,18,16,3,-1500,6300,15,10,11,0,,2000,19900,1,0,19900
1356,7277,NCC2022,8,02/11/2022,2,Max Niles,4067,18,3,2,1,,-400,12,7,7,1,-1000,,6600,0,6600,0
1356,7277,NCC2022,8,02/11/2022,3,Sarah Salisbury,4068,20,10,7,3,,3000,12,6,6,0,,,9000,1,9000,18000
1357,7280,NCC2022,9,02/15/2022,1,Lucy Greenman,4069,20,6,5,1,,1200,13,6,6,0,,,8000,1,8000,16000
1357,7280,NCC2022,9,02/15/2022,2,Raymond Goslow,4070,24,16,14,3,1600,7000,21,14,15,1,-2000,5000,25200,1,821,26021
1357,7280,NCC2022,9,02/15/2022,3,Jeric Brual,4071,18,6,5,1,,3000,14,4,4,0,,,7400,1,601,8001
1358,7281,NCC2022,10,02/15/2022,1,Sebastian Torres,4072,18,12,9,3,,3800,15,6,5,1,,,10200,0,10000,200
1358,7281,NCC2022,10,02/15/2022,2,Anna Muthalaly,4073,20,11,7,4,,400,16,9,5,5,-2000,,-2000,,,-2000
1358,7281,NCC2022,10,02/15/2022,3,Kristin Donegan,4074,24,7,8,0,2400,6400,21,15,13,3,,-2000,15200,0,5201,9999
1359,7283,NCC2022,11,02/16/2022,1,Fiona Hellerman,4075,14,7,7,1,300,2700,14,5,2,3,,,1500,0,500,1000
1359,7283,NCC2022,11,02/16/2022,2,Nam Vu,4076,20,14,12,2,,8400,11,8,8,2,3000,-2000,17000,0,0,17000
1359,7283,NCC2022,11,02/16/2022,3,Claire Jackson,4077,12,6,4,2,,2200,13,10,7,3,,,5000,0,1881,3119
1360,7284,NCC2022,12,02/16/2022,1,Sam Blum,4078,9,6,5,1,,2400,8,5,3,2,,,2000,0,402,1598
1360,7284,NCC2022,12,02/16/2022,2,Aniket Dehadrai,4079,23,11,10,2,-1000,5000,21,14,9,7,-4000,-2000,4200,1,0,4200
1360,7284,NCC2022,12,02/16/2022,3,Megan Sullivan,4080,24,12,11,1,,5000,16,11,7,4,,,5400,1,3001,8401
1361,7286,NCC2022,13,02/17/2022,1,Nam Vu,4076,13,7,6,1,,2000,17,11,8,3,,,10000,0,1119,8881
1361,7286,NCC2022,13,02/17/2022,2,Neha Seshadri,4059,20,11,8,3,,3600,16,8,6,3,1500,,5500,0,4501,999
1361,7286,NCC2022,13,02/17/2022,3,Raymond Goslow,4070,27,16,14,3,2000,9400,23,12,12,1,,6000,25800,0,5021,20779
1362,7287,NCC2022,14,02/17/2022,1,Lauren Rodriguez,4060,19,12,9,3,,2000,16,11,11,1,,2000,14800,0,11201,3599
1362,7287,NCC2022,14,02/17/2022,2,Isaac Applebaum,4045,15,11,8,4,800,2400,19,8,8,1,2600,,13000,1,5801,18801
1362,7287,NCC2022,14,02/17/2022,3,Stephen Privat,4050,14,7,5,2,,1400,18,11,8,3,,,9400,0,5798,3602
1363,7289,NCC2022,15,02/18/2022,1,Kristin Donegan,4074,19,10,7,4,-1000,800,21,11,12,1,2800,-3000,11000,1,11000,22000
1363,7289,NCC2022,15,02/18/2022,2,Liz Feltner,4064,20,8,7,1,,3000,19,7,6,1,,,11000,1,11000,22000
1363,7289,NCC2022,15,02/18/2022,3,Emmey Harris,4052,19,10,7,3,,3600,20,8,7,1,,,10800,1,10800,21600
1364,7290,NCC2022,16,02/18/2022,1,Joey Kornman,4056,19,9,9,0,,4800,18,6,6,1,,-4000,9200,0,9200,0
1364,7290,NCC2022,16,02/18/2022,2,Jaskaran Singh,4066,24,11,11,1,1000,5400,19,9,7,2,,,12200,1,12200,24400
1364,7290,NCC2022,16,02/18/2022,3,Megan Sullivan,4080,15,9,6,3,,2600,17,11,11,1,3800,,14000,0,10401,3599
1365,7293,NCC2022,17,02/22/2022,1,Liz Feltner,4064,19,5,5,0,,2200,17,11,10,1,,,9800,0,4000,5800
1365,7293,NCC2022,17,02/22/2022,2,Jaskaran Singh,4066,17,11,10,2,3400,8000,18,12,10,4,6000,10000,30400,1,2000,32400
1365,7293,NCC2022,17,02/22/2022,3,Raymond Goslow,4070,24,12,10,2,,3400,18,5,4,1,,,6600,1,6600,13200
1366,7294,NCC2022,18,02/22/2022,1,Liz Feltner,4064,17,4,4,0,,2600,15,4,3,1,,,4600,0,3000,1600
1366,7294,NCC2022,18,02/22/2022,2,Jaskaran Singh,4066,23,16,15,2,500,7300,21,13,13,2,-5000,5000,19300,1,0,19300
1366,7294,NCC2022,18,02/22/2022,3,Raymond Goslow,4070,22,8,8,0,,4200,25,13,11,2,,,17800,1,15999,33799
